index,geocode_status,geocode_reason,lat_geocoded,lon_geocoded,geocode_label,geocode_feature_id,geocode_raw,address
0,success,Geocoding successful.,47.515960693359375,8.766396522521973,Albert-Einstein-Strasse 1 <b>8404 Winterthur</b>,210294075_0,"{'attrs': {'detail': 'albert-einstein-strasse 1 8404 winterthur 230 winterthur ch zh', 'featureId': '210294075_0', 'geom_quadindex': '030010123032101321200', 'geom_st_box2d': 'BOX(8.766385 47.515964,8.766385 47.515964)', 'label': 'Albert-Einstein-Strasse 1 <b>8404 Winterthur</b>', 'lat': 47.515960693359375, 'links': [{'href': '/rest/services/ech/MapServer/ch.swisstopo.amtliches-gebaeudeadressverzeichnis/102608124', 'rel': 'related', 'title': 'ch.swisstopo.amtliches-gebaeudeadressverzeichnis'}, {'href': '/rest/services/ech/MapServer/ch.bfs.gebaeude_wohnungs_register/210294075_0', 'rel': 'related', 'title': 'ch.bfs.gebaeude_wohnungs_register'}], 'lon': 8.766396522521973, 'num': 1, 'objectclass': '', 'origin': 'address', 'rank': 7, 'x': 8.766396522521973, 'y': 47.515960693359375, 'zoomlevel': 10}, 'id': 2894507, 'weight': 1}","Albert-Einstein-Strasse 1, 8404 Winterthur"
1,success,Geocoding successful.,47.50071334838867,8.71477222442627,Schützenwiesenweg 8 <b>8400 Winterthur</b>,191993323_0,"{'attrs': {'detail': 'schuetzenwiesenweg 8 8400 winterthur 230 winterthur ch zh', 'featureId': '191993323_0', 'geom_quadindex': '030010211030201332111', 'geom_st_box2d': 'BOX(8.714759 47.500716,8.714759 47.500716)', 'label': 'Schützenwiesenweg 8 <b>8400 Winterthur</b>', 'lat': 47.50071334838867, 'links': [{'href': '/rest/services/ech/MapServer/ch.swisstopo.amtliches-gebaeudeadressverzeichnis/103342130', 'rel': 'related', 'title': 'ch.swisstopo.amtliches-gebaeudeadressverzeichnis'}, {'href': '/rest/services/ech/MapServer/ch.bfs.gebaeude_wohnungs_register/191993323_0', 'rel': 'related', 'title': 'ch.bfs.gebaeude_wohnungs_register'}], 'lon': 8.71477222442627, 'num': 8, 'objectclass': '', 'origin': 'address', 'rank': 7, 'x': 8.71477222442627, 'y': 47.50071334838867, 'zoomlevel': 10}, 'id': 2298888, 'weight': 1}","Schützenwiesenweg 8, 8400 Winterthur"
2,success,Geocoding successful.,47.517913818359375,8.691790580749512,Sporrerpark 2 <b>8408 Winterthur</b>,191975144_0,"{'attrs': {'detail': 'sporrerpark 2 8408 winterthur 230 winterthur ch zh', 'featureId': '191975144_0', 'geom_quadindex': '030010032030301301132', 'geom_st_box2d': 'BOX(8.691777 47.517917,8.691777 47.517917)', 'label': 'Sporrerpark 2 <b>8408 Winterthur</b>', 'lat': 47.517913818359375, 'links': [{'href': '/rest/services/ech/MapServer/ch.swisstopo.amtliches-gebaeudeadressverzeichnis/103245645', 'rel': 'related', 'title': 'ch.swisstopo.amtliches-gebaeudeadressverzeichnis'}, {'href': '/rest/services/ech/MapServer/ch.bfs.gebaeude_wohnungs_register/191975144_0', 'rel': 'related', 'title': 'ch.bfs.gebaeude_wohnungs_register'}], 'lon': 8.691790580749512, 'num': 2, 'objectclass': '', 'origin': 'address', 'rank': 7, 'x': 8.691790580749512, 'y': 47.517913818359375, 'zoomlevel': 10}, 'id': 2798688, 'weight': 1}","Sporrerpark 2, 8408 Winterthur"
3,success,Geocoding successful.,47.51807403564453,8.692368507385254,Sporrerpark 5 <b>8408 Winterthur</b>,191975148_1,"{'attrs': {'detail': 'sporrerpark 5 8408 winterthur 230 winterthur ch zh', 'featureId': '191975148_1', 'geom_quadindex': '030010032030133223122', 'geom_st_box2d': 'BOX(8.692355 47.518076,8.692355 47.518076)', 'label': 'Sporrerpark 5 <b>8408 Winterthur</b>', 'lat': 47.51807403564453, 'links': [{'href': '/rest/services/ech/MapServer/ch.swisstopo.amtliches-gebaeudeadressverzeichnis/103245650', 'rel': 'related', 'title': 'ch.swisstopo.amtliches-gebaeudeadressverzeichnis'}, {'href': '/rest/services/ech/MapServer/ch.bfs.gebaeude_wohnungs_register/191975148_1', 'rel': 'related', 'title': 'ch.bfs.gebaeude_wohnungs_register'}], 'lon': 8.692368507385254, 'num': 5, 'objectclass': '', 'origin': 'address', 'rank': 7, 'x': 8.692368507385254, 'y': 47.51807403564453, 'zoomlevel': 10}, 'id': 2524187, 'weight': 1}","Sporrerpark 5, 8408 Winterthur"
4,success,Geocoding successful.,47.518089294433594,8.692178726196289,Sporrerpark 4 <b>8408 Winterthur</b>,191975148_0,"{'attrs': {'detail': 'sporrerpark 4 8408 winterthur 230 winterthur ch zh', 'featureId': '191975148_0', 'geom_quadindex': '030010032030132323101', 'geom_st_box2d': 'BOX(8.692165 47.518092,8.692165 47.518092)', 'label': 'Sporrerpark 4 <b>8408 Winterthur</b>', 'lat': 47.518089294433594, 'links': [{'href': '/rest/services/ech/MapServer/ch.swisstopo.amtliches-gebaeudeadressverzeichnis/103245649', 'rel': 'related', 'title': 'ch.swisstopo.amtliches-gebaeudeadressverzeichnis'}, {'href': '/rest/services/ech/MapServer/ch.bfs.gebaeude_wohnungs_register/191975148_0', 'rel': 'related', 'title': 'ch.bfs.gebaeude_wohnungs_register'}], 'lon': 8.692178726196289, 'num': 4, 'objectclass': '', 'origin': 'address', 'rank': 7, 'x': 8.692178726196289, 'y': 47.518089294433594, 'zoomlevel': 10}, 'id': 2885908, 'weight': 1}","Sporrerpark 4, 8408 Winterthur"
5,success,Geocoding successful.,47.49842071533203,8.749279975891113,St. Gallerstrasse 133 <b>8404 Winterthur</b>,192049948_0,"{'attrs': {'detail': 'st. gallerstrasse 133 8404 winterthur 230 winterthur ch zh', 'featureId': '192049948_0', 'geom_quadindex': '030010300123210101333', 'geom_st_box2d': 'BOX(8.749267 47.498421,8.749267 47.498421)', 'label': 'St. Gallerstrasse 133 <b>8404 Winterthur</b>', 'lat': 47.49842071533203, 'links': [{'href': '/rest/services/ech/MapServer/ch.swisstopo.amtliches-gebaeudeadressverzeichnis/103549393', 'rel': 'related', 'title': 'ch.swisstopo.amtliches-gebaeudeadressverzeichnis'}, {'href': '/rest/services/ech/MapServer/ch.bfs.gebaeude_wohnungs_register/192049948_0', 'rel': 'related', 'title': 'ch.bfs.gebaeude_wohnungs_register'}], 'lon': 8.749279975891113, 'num': 133, 'objectclass': '', 'origin': 'address', 'rank': 7, 'x': 8.749279975891113, 'y': 47.49842071533203, 'zoomlevel': 10}, 'id': 2272478, 'weight': 1}","St. Gallerstrasse 133, 8404 Winterthur"
6,success,Geocoding successful.,47.49431228637695,8.74888801574707,Grüzefeldstrasse 34 <b>8400 Winterthur</b>,210215067_0,"{'attrs': {'detail': 'gruezefeldstrasse 34 8400 winterthur 230 winterthur ch zh', 'featureId': '210215067_0', 'geom_quadindex': '030010300303023313331', 'geom_st_box2d': 'BOX(8.748876 47.494314,8.748876 47.494314)', 'label': 'Grüzefeldstrasse 34 <b>8400 Winterthur</b>', 'lat': 47.49431228637695, 'links': [{'href': '/rest/services/ech/MapServer/ch.swisstopo.amtliches-gebaeudeadressverzeichnis/102243786', 'rel': 'related', 'title': 'ch.swisstopo.amtliches-gebaeudeadressverzeichnis'}, {'href': '/rest/services/ech/MapServer/ch.bfs.gebaeude_wohnungs_register/210215067_0', 'rel': 'related', 'title': 'ch.bfs.gebaeude_wohnungs_register'}], 'lon': 8.74888801574707, 'num': 34, 'objectclass': '', 'origin': 'address', 'rank': 7, 'x': 8.74888801574707, 'y': 47.49431228637695, 'zoomlevel': 10}, 'id': 2084633, 'weight': 1}","Grüzefeldstrasse 34, 8400 Winterthur"
7,success,Geocoding successful.,47.518619537353516,8.759608268737793,Guggenbühlstrasse 140a <b>8404 Winterthur</b>,210261475_0,"{'attrs': {'detail': 'guggenbuehlstrasse 140a 8404 winterthur 230 winterthur ch zh', 'featureId': '210261475_0', 'geom_quadindex': '030010123002322000002', 'geom_st_box2d': 'BOX(8.759596 47.51862,8.759596 47.51862)', 'label': 'Guggenbühlstrasse 140a <b>8404 Winterthur</b>', 'lat': 47.518619537353516, 'links': [{'href': '/rest/services/ech/MapServer/ch.swisstopo.amtliches-gebaeudeadressverzeichnis/102513487', 'rel': 'related', 'title': 'ch.swisstopo.amtliches-gebaeudeadressverzeichnis'}, {'href': '/rest/services/ech/MapServer/ch.bfs.gebaeude_wohnungs_register/210261475_0', 'rel': 'related', 'title': 'ch.bfs.gebaeude_wohnungs_register'}], 'lon': 8.759608268737793, 'num': 140, 'objectclass': '', 'origin': 'address', 'rank': 7, 'x': 8.759608268737793, 'y': 47.518619537353516, 'zoomlevel': 10}, 'id': 2777447, 'weight': 1}","Guggenbühlstrasse 140a, 8404 Winterthur"
8,success,Geocoding successful.,47.493141174316406,8.745187759399414,Hörnlistrasse 31 <b>8400 Winterthur</b>,191953253_0,"{'attrs': {'detail': 'hoernlistrasse 31 8400 winterthur 230 winterthur ch zh', 'featureId': '191953253_0', 'geom_quadindex': '030010300320000120213', 'geom_st_box2d': 'BOX(8.745175 47.493142,8.745175 47.493142)', 'label': 'Hörnlistrasse 31 <b>8400 Winterthur</b>', 'lat': 47.493141174316406, 'links': [{'href': '/rest/services/ech/MapServer/ch.swisstopo.amtliches-gebaeudeadressverzeichnis/103025049', 'rel': 'related', 'title': 'ch.swisstopo.amtliches-gebaeudeadressverzeichnis'}, {'href': '/rest/services/ech/MapServer/ch.bfs.gebaeude_wohnungs_register/191953253_0', 'rel': 'related', 'title': 'ch.bfs.gebaeude_wohnungs_register'}], 'lon': 8.745187759399414, 'num': 31, 'objectclass': '', 'origin': 'address', 'rank': 7, 'x': 8.745187759399414, 'y': 47.493141174316406, 'zoomlevel': 10}, 'id': 2890991, 'weight': 1}","Hörnlistrasse 31, 8400 Winterthur"
9,success,Geocoding successful.,47.491912841796875,8.760793685913086,Im Hölderli 3 <b>8405 Winterthur</b>,191953634_0,"{'attrs': {'detail': 'im hoelderli 3 8405 winterthur 230 winterthur ch zh', 'featureId': '191953634_0', 'geom_quadindex': '030010301221200130201', 'geom_st_box2d': 'BOX(8.760781 47.491913,8.760781 47.491913)', 'label': 'Im Hölderli 3 <b>8405 Winterthur</b>', 'lat': 47.491912841796875, 'links': [{'href': '/rest/services/ech/MapServer/ch.swisstopo.amtliches-gebaeudeadressverzeichnis/103030670', 'rel': 'related', 'title': 'ch.swisstopo.amtliches-gebaeudeadressverzeichnis'}, {'href': '/rest/services/ech/MapServer/ch.bfs.gebaeude_wohnungs_register/191953634_0', 'rel': 'related', 'title': 'ch.bfs.gebaeude_wohnungs_register'}], 'lon': 8.760793685913086, 'num': 3, 'objectclass': '', 'origin': 'address', 'rank': 7, 'x': 8.760793685913086, 'y': 47.491912841796875, 'zoomlevel': 10}, 'id': 2309726, 'weight': 1}","Im Hölderli 3, 8405 Winterthur"
10,success,Geocoding successful.,47.506710052490234,8.724995613098145,Kiesstrasse 4 <b>8400 Winterthur</b>,191980305_0,"{'attrs': {'detail': 'kiesstrasse 4 8400 winterthur 230 winterthur ch zh', 'featureId': '191980305_0', 'geom_quadindex': '030010033323213312201', 'geom_st_box2d': 'BOX(8.724983 47.506711,8.724983 47.506711)', 'label': 'Kiesstrasse 4 <b>8400 Winterthur</b>', 'lat': 47.506710052490234, 'links': [{'href': '/rest/services/ech/MapServer/ch.swisstopo.amtliches-gebaeudeadressverzeichnis/103274495', 'rel': 'related', 'title': 'ch.swisstopo.amtliches-gebaeudeadressverzeichnis'}, {'href': '/rest/services/ech/MapServer/ch.bfs.gebaeude_wohnungs_register/191980305_0', 'rel': 'related', 'title': 'ch.bfs.gebaeude_wohnungs_register'}], 'lon': 8.724995613098145, 'num': 4, 'objectclass': '', 'origin': 'address', 'rank': 7, 'x': 8.724995613098145, 'y': 47.506710052490234, 'zoomlevel': 10}, 'id': 2543471, 'weight': 1}","Kiesstrasse 4, 8400 Winterthur"
11,success,Geocoding successful.,47.50077438354492,8.716506958007812,Rennweg 5a <b>8400 Winterthur</b>,192000741_0,"{'attrs': {'detail': 'rennweg 5a 8400 winterthur 230 winterthur ch zh', 'featureId': '192000741_0', 'geom_quadindex': '030010211030310210302', 'geom_st_box2d': 'BOX(8.716494 47.500775,8.716494 47.500775)', 'label': 'Rennweg 5a <b>8400 Winterthur</b>', 'lat': 47.50077438354492, 'links': [{'href': '/rest/services/ech/MapServer/ch.swisstopo.amtliches-gebaeudeadressverzeichnis/103377591', 'rel': 'related', 'title': 'ch.swisstopo.amtliches-gebaeudeadressverzeichnis'}, {'href': '/rest/services/ech/MapServer/ch.bfs.gebaeude_wohnungs_register/192000741_0', 'rel': 'related', 'title': 'ch.bfs.gebaeude_wohnungs_register'}], 'lon': 8.716506958007812, 'num': 5, 'objectclass': '', 'origin': 'address', 'rank': 7, 'x': 8.716506958007812, 'y': 47.50077438354492, 'zoomlevel': 10}, 'id': 2203115, 'weight': 1}","Rennweg 5a, 8400 Winterthur"
12,success,Geocoding successful.,47.50077438354492,8.716506958007812,Rennweg 5a <b>8400 Winterthur</b>,192000741_0,"{'attrs': {'detail': 'rennweg 5a 8400 winterthur 230 winterthur ch zh', 'featureId': '192000741_0', 'geom_quadindex': '030010211030310210302', 'geom_st_box2d': 'BOX(8.716494 47.500775,8.716494 47.500775)', 'label': 'Rennweg 5a <b>8400 Winterthur</b>', 'lat': 47.50077438354492, 'links': [{'href': '/rest/services/ech/MapServer/ch.swisstopo.amtliches-gebaeudeadressverzeichnis/103377591', 'rel': 'related', 'title': 'ch.swisstopo.amtliches-gebaeudeadressverzeichnis'}, {'href': '/rest/services/ech/MapServer/ch.bfs.gebaeude_wohnungs_register/192000741_0', 'rel': 'related', 'title': 'ch.bfs.gebaeude_wohnungs_register'}], 'lon': 8.716506958007812, 'num': 5, 'objectclass': '', 'origin': 'address', 'rank': 7, 'x': 8.716506958007812, 'y': 47.50077438354492, 'zoomlevel': 10}, 'id': 2203115, 'weight': 1}","Rennweg 5a, 8400 Winterthur"
13,success,Geocoding successful.,47.50184631347656,8.71732234954834,Schützenstrasse 15a <b>8400 Winterthur</b>,192015554_0,"{'attrs': {'detail': 'schuetzenstrasse 15a 8400 winterthur 230 winterthur ch zh', 'featureId': '192015554_0', 'geom_quadindex': '030010211031000032312', 'geom_st_box2d': 'BOX(8.717309 47.50185,8.717309 47.50185)', 'label': 'Schützenstrasse 15a <b>8400 Winterthur</b>', 'lat': 47.50184631347656, 'links': [{'href': '/rest/services/ech/MapServer/ch.swisstopo.amtliches-gebaeudeadressverzeichnis/103473530', 'rel': 'related', 'title': 'ch.swisstopo.amtliches-gebaeudeadressverzeichnis'}, {'href': '/rest/services/ech/MapServer/ch.bfs.gebaeude_wohnungs_register/192015554_0', 'rel': 'related', 'title': 'ch.bfs.gebaeude_wohnungs_register'}], 'lon': 8.71732234954834, 'num': 15, 'objectclass': '', 'origin': 'address', 'rank': 7, 'x': 8.71732234954834, 'y': 47.50184631347656, 'zoomlevel': 10}, 'id': 2356627, 'weight': 1}","Schützenstrasse 15a, 8400 Winterthur"
14,success,Geocoding successful.,47.510986328125,8.702859878540039,Talhofweg 24b <b>8408 Winterthur</b>,192004034_0,"{'attrs': {'detail': 'talhofweg 24b 8408 winterthur 230 winterthur ch zh', 'featureId': '192004034_0', 'geom_quadindex': '030010032312230122110', 'geom_st_box2d': 'BOX(8.702847 47.51099,8.702847 47.51099)', 'label': 'Talhofweg 24b <b>8408 Winterthur</b>', 'lat': 47.510986328125, 'links': [{'href': '/rest/services/ech/MapServer/ch.swisstopo.amtliches-gebaeudeadressverzeichnis/103426689', 'rel': 'related', 'title': 'ch.swisstopo.amtliches-gebaeudeadressverzeichnis'}, {'href': '/rest/services/ech/MapServer/ch.bfs.gebaeude_wohnungs_register/192004034_0', 'rel': 'related', 'title': 'ch.bfs.gebaeude_wohnungs_register'}], 'lon': 8.702859878540039, 'num': 24, 'objectclass': '', 'origin': 'address', 'rank': 7, 'x': 8.702859878540039, 'y': 47.510986328125, 'zoomlevel': 10}, 'id': 2117872, 'weight': 1}","Talhofweg 24b, 8408 Winterthur"
15,success,Geocoding successful.,47.489593505859375,8.763786315917969,Wurmbühlstrasse 9d <b>8405 Winterthur</b>,191978341_0,"{'attrs': {'detail': 'wurmbuehlstrasse 9d 8405 winterthur 230 winterthur ch zh', 'featureId': '191978341_0', 'geom_quadindex': '030010301232200322331', 'geom_st_box2d': 'BOX(8.763774 47.489597,8.763774 47.489597)', 'label': 'Wurmbühlstrasse 9d <b>8405 Winterthur</b>', 'lat': 47.489593505859375, 'links': [{'href': '/rest/services/ech/MapServer/ch.swisstopo.amtliches-gebaeudeadressverzeichnis/103265509', 'rel': 'related', 'title': 'ch.swisstopo.amtliches-gebaeudeadressverzeichnis'}, {'href': '/rest/services/ech/MapServer/ch.bfs.gebaeude_wohnungs_register/191978341_0', 'rel': 'related', 'title': 'ch.bfs.gebaeude_wohnungs_register'}], 'lon': 8.763786315917969, 'num': 9, 'objectclass': '', 'origin': 'address', 'rank': 7, 'x': 8.763786315917969, 'y': 47.489593505859375, 'zoomlevel': 10}, 'id': 2676799, 'weight': 1}","Wurmbühlstrasse 9d, 8405 Winterthur"
16,success,Geocoding successful.,47.49587631225586,8.7344970703125,Obermühlestrasse 5 <b>8400 Winterthur</b>,210220460_0,"{'attrs': {'detail': 'obermuehlestrasse 5 8400 winterthur 230 winterthur ch zh', 'featureId': '210220460_0', 'geom_quadindex': '030010300200320133002', 'geom_st_box2d': 'BOX(8.734485 47.49588,8.734485 47.49588)', 'label': 'Obermühlestrasse 5 <b>8400 Winterthur</b>', 'lat': 47.49587631225586, 'links': [{'href': '/rest/services/ech/MapServer/ch.swisstopo.amtliches-gebaeudeadressverzeichnis/102397237', 'rel': 'related', 'title': 'ch.swisstopo.amtliches-gebaeudeadressverzeichnis'}, {'href': '/rest/services/ech/MapServer/ch.bfs.gebaeude_wohnungs_register/210220460_0', 'rel': 'related', 'title': 'ch.bfs.gebaeude_wohnungs_register'}], 'lon': 8.7344970703125, 'num': 5, 'objectclass': '', 'origin': 'address', 'rank': 7, 'x': 8.7344970703125, 'y': 47.49587631225586, 'zoomlevel': 10}, 'id': 2739131, 'weight': 1}","Obermühlestrasse 5, 8400 Winterthur"
17,success,Geocoding successful.,47.50265121459961,8.766768455505371,Sulzerallee 76 <b>8404 Winterthur</b>,210222195_0,"{'attrs': {'detail': 'sulzerallee 76 8404 winterthur 230 winterthur ch zh', 'featureId': '210222195_0', 'geom_quadindex': '030010301012133031122', 'geom_st_box2d': 'BOX(8.766756 47.502652,8.766756 47.502652)', 'label': 'Sulzerallee 76 <b>8404 Winterthur</b>', 'lat': 47.50265121459961, 'links': [{'href': '/rest/services/ech/MapServer/ch.swisstopo.amtliches-gebaeudeadressverzeichnis/102419593', 'rel': 'related', 'title': 'ch.swisstopo.amtliches-gebaeudeadressverzeichnis'}, {'href': '/rest/services/ech/MapServer/ch.bfs.gebaeude_wohnungs_register/210222195_0', 'rel': 'related', 'title': 'ch.bfs.gebaeude_wohnungs_register'}], 'lon': 8.766768455505371, 'num': 76, 'objectclass': '', 'origin': 'address', 'rank': 7, 'x': 8.766768455505371, 'y': 47.50265121459961, 'zoomlevel': 10}, 'id': 2031346, 'weight': 1}","Sulzerallee 76, 8404 Winterthur"
18,success,Geocoding successful.,47.50257110595703,8.76628589630127,Sulzerallee 72 <b>8404 Winterthur</b>,210222195_1,"{'attrs': {'detail': 'sulzerallee 72 8404 winterthur 230 winterthur ch zh', 'featureId': '210222195_1', 'geom_quadindex': '030010301012132203101', 'geom_st_box2d': 'BOX(8.766274 47.502573,8.766274 47.502573)', 'label': 'Sulzerallee 72 <b>8404 Winterthur</b>', 'lat': 47.50257110595703, 'links': [{'href': '/rest/services/ech/MapServer/ch.swisstopo.amtliches-gebaeudeadressverzeichnis/102419595', 'rel': 'related', 'title': 'ch.swisstopo.amtliches-gebaeudeadressverzeichnis'}, {'href': '/rest/services/ech/MapServer/ch.bfs.gebaeude_wohnungs_register/210222195_1', 'rel': 'related', 'title': 'ch.bfs.gebaeude_wohnungs_register'}], 'lon': 8.76628589630127, 'num': 72, 'objectclass': '', 'origin': 'address', 'rank': 7, 'x': 8.76628589630127, 'y': 47.50257110595703, 'zoomlevel': 10}, 'id': 2585181, 'weight': 1}","Sulzerallee 72, 8404 Winterthur"
19,success,Geocoding successful.,47.50260925292969,8.766526222229004,Sulzerallee 74 <b>8404 Winterthur</b>,210222195_2,"{'attrs': {'detail': 'sulzerallee 74 8404 winterthur 230 winterthur ch zh', 'featureId': '210222195_2', 'geom_quadindex': '030010301012132132320', 'geom_st_box2d': 'BOX(8.766514 47.502613,8.766514 47.502613)', 'label': 'Sulzerallee 74 <b>8404 Winterthur</b>', 'lat': 47.50260925292969, 'links': [{'href': '/rest/services/ech/MapServer/ch.swisstopo.amtliches-gebaeudeadressverzeichnis/102419598', 'rel': 'related', 'title': 'ch.swisstopo.amtliches-gebaeudeadressverzeichnis'}, {'href': '/rest/services/ech/MapServer/ch.bfs.gebaeude_wohnungs_register/210222195_2', 'rel': 'related', 'title': 'ch.bfs.gebaeude_wohnungs_register'}], 'lon': 8.766526222229004, 'num': 74, 'objectclass': '', 'origin': 'address', 'rank': 7, 'x': 8.766526222229004, 'y': 47.50260925292969, 'zoomlevel': 10}, 'id': 2282145, 'weight': 1}","Sulzerallee 74, 8404 Winterthur"
20,success,Geocoding successful.,47.5061149597168,8.716317176818848,Wülflingerstrasse 44 <b>8400 Winterthur</b>,191957004_0,"{'attrs': {'detail': 'wuelflingerstrasse 44 8400 winterthur 230 winterthur ch zh', 'featureId': '191957004_0', 'geom_quadindex': '030010211010101031311', 'geom_st_box2d': 'BOX(8.716304 47.506115,8.716304 47.506115)', 'label': 'Wülflingerstrasse 44 <b>8400 Winterthur</b>', 'lat': 47.5061149597168, 'links': [{'href': '/rest/services/ech/MapServer/ch.swisstopo.amtliches-gebaeudeadressverzeichnis/103072664', 'rel': 'related', 'title': 'ch.swisstopo.amtliches-gebaeudeadressverzeichnis'}, {'href': '/rest/services/ech/MapServer/ch.bfs.gebaeude_wohnungs_register/191957004_0', 'rel': 'related', 'title': 'ch.bfs.gebaeude_wohnungs_register'}], 'lon': 8.716317176818848, 'num': 44, 'objectclass': '', 'origin': 'address', 'rank': 7, 'x': 8.716317176818848, 'y': 47.5061149597168, 'zoomlevel': 10}, 'id': 2379877, 'weight': 1}","Wülflingerstrasse 44, 8400 Winterthur"
21,success,Geocoding successful.,47.508636474609375,8.689037322998047,Gartenhof 10 <b>8408 Winterthur</b>,210222773_0,"{'attrs': {'detail': 'gartenhof 10 8408 winterthur 230 winterthur ch zh', 'featureId': '210222773_0', 'geom_quadindex': '030010032221333223101', 'geom_st_box2d': 'BOX(8.689024 47.508638,8.689024 47.508638)', 'label': 'Gartenhof 10 <b>8408 Winterthur</b>', 'lat': 47.508636474609375, 'links': [{'href': '/rest/services/ech/MapServer/ch.swisstopo.amtliches-gebaeudeadressverzeichnis/102439023', 'rel': 'related', 'title': 'ch.swisstopo.amtliches-gebaeudeadressverzeichnis'}, {'href': '/rest/services/ech/MapServer/ch.bfs.gebaeude_wohnungs_register/210222773_0', 'rel': 'related', 'title': 'ch.bfs.gebaeude_wohnungs_register'}], 'lon': 8.689037322998047, 'num': 10, 'objectclass': '', 'origin': 'address', 'rank': 7, 'x': 8.689037322998047, 'y': 47.508636474609375, 'zoomlevel': 10}, 'id': 2122370, 'weight': 1}","Gartenhof 10, 8408 Winterthur"
22,success,Geocoding successful.,47.50898742675781,8.68876838684082,Gartenhof 26 <b>8408 Winterthur</b>,210222773_1,"{'attrs': {'detail': 'gartenhof 26 8408 winterthur 230 winterthur ch zh', 'featureId': '210222773_1', 'geom_quadindex': '030010032221330211133', 'geom_st_box2d': 'BOX(8.688755 47.50899,8.688755 47.50899)', 'label': 'Gartenhof 26 <b>8408 Winterthur</b>', 'lat': 47.50898742675781, 'links': [{'href': '/rest/services/ech/MapServer/ch.swisstopo.amtliches-gebaeudeadressverzeichnis/102439105', 'rel': 'related', 'title': 'ch.swisstopo.amtliches-gebaeudeadressverzeichnis'}, {'href': '/rest/services/ech/MapServer/ch.bfs.gebaeude_wohnungs_register/210222773_1', 'rel': 'related', 'title': 'ch.bfs.gebaeude_wohnungs_register'}], 'lon': 8.68876838684082, 'num': 26, 'objectclass': '', 'origin': 'address', 'rank': 7, 'x': 8.68876838684082, 'y': 47.50898742675781, 'zoomlevel': 10}, 'id': 2721810, 'weight': 1}","Gartenhof 26, 8408 Winterthur"
23,success,Geocoding successful.,47.50761032104492,8.688535690307617,Gartenhof 2 <b>8408 Winterthur</b>,210222774_0,"{'attrs': {'detail': 'gartenhof 2 8408 winterthur 230 winterthur ch zh', 'featureId': '210222774_0', 'geom_quadindex': '030010032223123331132', 'geom_st_box2d': 'BOX(8.688522 47.507611,8.688522 47.507611)', 'label': 'Gartenhof 2 <b>8408 Winterthur</b>', 'lat': 47.50761032104492, 'links': [{'href': '/rest/services/ech/MapServer/ch.swisstopo.amtliches-gebaeudeadressverzeichnis/102439211', 'rel': 'related', 'title': 'ch.swisstopo.amtliches-gebaeudeadressverzeichnis'}, {'href': '/rest/services/ech/MapServer/ch.bfs.gebaeude_wohnungs_register/210222774_0', 'rel': 'related', 'title': 'ch.bfs.gebaeude_wohnungs_register'}], 'lon': 8.688535690307617, 'num': 2, 'objectclass': '', 'origin': 'address', 'rank': 7, 'x': 8.688535690307617, 'y': 47.50761032104492, 'zoomlevel': 10}, 'id': 2236967, 'weight': 1}","Gartenhof 2, 8408 Winterthur"
24,success,Geocoding successful.,47.50899124145508,8.688368797302246,Gartenhof 24 <b>8408 Winterthur</b>,210222773_2,"{'attrs': {'detail': 'gartenhof 24 8408 winterthur 230 winterthur ch zh', 'featureId': '210222773_2', 'geom_quadindex': '030010032221321211123', 'geom_st_box2d': 'BOX(8.688355 47.508995,8.688355 47.508995)', 'label': 'Gartenhof 24 <b>8408 Winterthur</b>', 'lat': 47.50899124145508, 'links': [{'href': '/rest/services/ech/MapServer/ch.swisstopo.amtliches-gebaeudeadressverzeichnis/102439182', 'rel': 'related', 'title': 'ch.swisstopo.amtliches-gebaeudeadressverzeichnis'}, {'href': '/rest/services/ech/MapServer/ch.bfs.gebaeude_wohnungs_register/210222773_2', 'rel': 'related', 'title': 'ch.bfs.gebaeude_wohnungs_register'}], 'lon': 8.688368797302246, 'num': 24, 'objectclass': '', 'origin': 'address', 'rank': 7, 'x': 8.688368797302246, 'y': 47.50899124145508, 'zoomlevel': 10}, 'id': 2812139, 'weight': 1}","Gartenhof 24, 8408 Winterthur"
25,success,Geocoding successful.,47.50797653198242,8.688065528869629,Gartenhof 14 <b>8408 Winterthur</b>,210222774_1,"{'attrs': {'detail': 'gartenhof 14 8408 winterthur 230 winterthur ch zh', 'featureId': '210222774_1', 'geom_quadindex': '030010032223120123133', 'geom_st_box2d': 'BOX(8.688052 47.507976,8.688052 47.507976)', 'label': 'Gartenhof 14 <b>8408 Winterthur</b>', 'lat': 47.50797653198242, 'links': [{'href': '/rest/services/ech/MapServer/ch.swisstopo.amtliches-gebaeudeadressverzeichnis/102438999', 'rel': 'related', 'title': 'ch.swisstopo.amtliches-gebaeudeadressverzeichnis'}, {'href': '/rest/services/ech/MapServer/ch.bfs.gebaeude_wohnungs_register/210222774_1', 'rel': 'related', 'title': 'ch.bfs.gebaeude_wohnungs_register'}], 'lon': 8.688065528869629, 'num': 14, 'objectclass': '', 'origin': 'address', 'rank': 7, 'x': 8.688065528869629, 'y': 47.50797653198242, 'zoomlevel': 10}, 'id': 2857976, 'weight': 1}","Gartenhof 14, 8408 Winterthur"
26,success,Geocoding successful.,47.508644104003906,8.688080787658691,Gartenhof 20 <b>8408 Winterthur</b>,210222773_3,"{'attrs': {'detail': 'gartenhof 20 8408 winterthur 230 winterthur ch zh', 'featureId': '210222773_3', 'geom_quadindex': '030010032221322323111', 'geom_st_box2d': 'BOX(8.688068 47.508647,8.688068 47.508647)', 'label': 'Gartenhof 20 <b>8408 Winterthur</b>', 'lat': 47.508644104003906, 'links': [{'href': '/rest/services/ech/MapServer/ch.swisstopo.amtliches-gebaeudeadressverzeichnis/102439186', 'rel': 'related', 'title': 'ch.swisstopo.amtliches-gebaeudeadressverzeichnis'}, {'href': '/rest/services/ech/MapServer/ch.bfs.gebaeude_wohnungs_register/210222773_3', 'rel': 'related', 'title': 'ch.bfs.gebaeude_wohnungs_register'}], 'lon': 8.688080787658691, 'num': 20, 'objectclass': '', 'origin': 'address', 'rank': 7, 'x': 8.688080787658691, 'y': 47.508644104003906, 'zoomlevel': 10}, 'id': 1860245, 'weight': 1}","Gartenhof 20, 8408 Winterthur"
27,success,Geocoding successful.,47.50822067260742,8.688071250915527,Gartenhof 16 <b>8408 Winterthur</b>,210222773_4,"{'attrs': {'detail': 'gartenhof 16 8408 winterthur 230 winterthur ch zh', 'featureId': '210222773_4', 'geom_quadindex': '030010032223102123333', 'geom_st_box2d': 'BOX(8.688058 47.508223,8.688058 47.508223)', 'label': 'Gartenhof 16 <b>8408 Winterthur</b>', 'lat': 47.50822067260742, 'links': [{'href': '/rest/services/ech/MapServer/ch.swisstopo.amtliches-gebaeudeadressverzeichnis/102439189', 'rel': 'related', 'title': 'ch.swisstopo.amtliches-gebaeudeadressverzeichnis'}, {'href': '/rest/services/ech/MapServer/ch.bfs.gebaeude_wohnungs_register/210222773_4', 'rel': 'related', 'title': 'ch.bfs.gebaeude_wohnungs_register'}], 'lon': 8.688071250915527, 'num': 16, 'objectclass': '', 'origin': 'address', 'rank': 7, 'x': 8.688071250915527, 'y': 47.50822067260742, 'zoomlevel': 10}, 'id': 2162497, 'weight': 1}","Gartenhof 16, 8408 Winterthur"
28,success,Geocoding successful.,47.5084342956543,8.688076972961426,Gartenhof 18 <b>8408 Winterthur</b>,210222773_5,"{'attrs': {'detail': 'gartenhof 18 8408 winterthur 230 winterthur ch zh', 'featureId': '210222773_5', 'geom_quadindex': '030010032223100303311', 'geom_st_box2d': 'BOX(8.688063 47.508435,8.688063 47.508435)', 'label': 'Gartenhof 18 <b>8408 Winterthur</b>', 'lat': 47.5084342956543, 'links': [{'href': '/rest/services/ech/MapServer/ch.swisstopo.amtliches-gebaeudeadressverzeichnis/102439193', 'rel': 'related', 'title': 'ch.swisstopo.amtliches-gebaeudeadressverzeichnis'}, {'href': '/rest/services/ech/MapServer/ch.bfs.gebaeude_wohnungs_register/210222773_5', 'rel': 'related', 'title': 'ch.bfs.gebaeude_wohnungs_register'}], 'lon': 8.688076972961426, 'num': 18, 'objectclass': '', 'origin': 'address', 'rank': 7, 'x': 8.688076972961426, 'y': 47.5084342956543, 'zoomlevel': 10}, 'id': 2645254, 'weight': 1}","Gartenhof 18, 8408 Winterthur"
29,success,Geocoding successful.,47.508853912353516,8.68808650970459,Gartenhof 22 <b>8408 Winterthur</b>,210222773_6,"{'attrs': {'detail': 'gartenhof 22 8408 winterthur 230 winterthur ch zh', 'featureId': '210222773_6', 'geom_quadindex': '030010032221322101313', 'geom_st_box2d': 'BOX(8.688073 47.508858,8.688073 47.508858)', 'label': 'Gartenhof 22 <b>8408 Winterthur</b>', 'lat': 47.508853912353516, 'links': [{'href': '/rest/services/ech/MapServer/ch.swisstopo.amtliches-gebaeudeadressverzeichnis/102439197', 'rel': 'related', 'title': 'ch.swisstopo.amtliches-gebaeudeadressverzeichnis'}, {'href': '/rest/services/ech/MapServer/ch.bfs.gebaeude_wohnungs_register/210222773_6', 'rel': 'related', 'title': 'ch.bfs.gebaeude_wohnungs_register'}], 'lon': 8.68808650970459, 'num': 22, 'objectclass': '', 'origin': 'address', 'rank': 7, 'x': 8.68808650970459, 'y': 47.508853912353516, 'zoomlevel': 10}, 'id': 2080018, 'weight': 1}","Gartenhof 22, 8408 Winterthur"
30,success,Geocoding successful.,47.50775909423828,8.687727928161621,Gartenhof 1 <b>8408 Winterthur</b>,210222772_0,"{'attrs': {'detail': 'gartenhof 1 8408 winterthur 230 winterthur ch zh', 'featureId': '210222772_0', 'geom_quadindex': '030010032223033131000', 'geom_st_box2d': 'BOX(8.687714 47.50776,8.687714 47.50776)', 'label': 'Gartenhof 1 <b>8408 Winterthur</b>', 'lat': 47.50775909423828, 'links': [{'href': '/rest/services/ech/MapServer/ch.swisstopo.amtliches-gebaeudeadressverzeichnis/102479912', 'rel': 'related', 'title': 'ch.swisstopo.amtliches-gebaeudeadressverzeichnis'}, {'href': '/rest/services/ech/MapServer/ch.bfs.gebaeude_wohnungs_register/210222772_0', 'rel': 'related', 'title': 'ch.bfs.gebaeude_wohnungs_register'}], 'lon': 8.687727928161621, 'num': 1, 'objectclass': '', 'origin': 'address', 'rank': 7, 'x': 8.687727928161621, 'y': 47.50775909423828, 'zoomlevel': 10}, 'id': 2777393, 'weight': 1}","Gartenhof 1, 8408 Winterthur"
31,success,Geocoding successful.,47.508426666259766,8.689032554626465,Gartenhof 8 <b>8408 Winterthur</b>,210222773_7,"{'attrs': {'detail': 'gartenhof 8 8408 winterthur 230 winterthur ch zh', 'featureId': '210222773_7', 'geom_quadindex': '030010032223111203123', 'geom_st_box2d': 'BOX(8.689019 47.508427,8.689019 47.508427)', 'label': 'Gartenhof 8 <b>8408 Winterthur</b>', 'lat': 47.508426666259766, 'links': [{'href': '/rest/services/ech/MapServer/ch.swisstopo.amtliches-gebaeudeadressverzeichnis/102439200', 'rel': 'related', 'title': 'ch.swisstopo.amtliches-gebaeudeadressverzeichnis'}, {'href': '/rest/services/ech/MapServer/ch.bfs.gebaeude_wohnungs_register/210222773_7', 'rel': 'related', 'title': 'ch.bfs.gebaeude_wohnungs_register'}], 'lon': 8.689032554626465, 'num': 8, 'objectclass': '', 'origin': 'address', 'rank': 7, 'x': 8.689032554626465, 'y': 47.508426666259766, 'zoomlevel': 10}, 'id': 2177227, 'weight': 1}","Gartenhof 8, 8408 Winterthur"
32,success,Geocoding successful.,47.50821304321289,8.689027786254883,Gartenhof 6 <b>8408 Winterthur</b>,210222773_8,"{'attrs': {'detail': 'gartenhof 6 8408 winterthur 230 winterthur ch zh', 'featureId': '210222773_8', 'geom_quadindex': '030010032223113023323', 'geom_st_box2d': 'BOX(8.689014 47.508214,8.689014 47.508214)', 'label': 'Gartenhof 6 <b>8408 Winterthur</b>', 'lat': 47.50821304321289, 'links': [{'href': '/rest/services/ech/MapServer/ch.swisstopo.amtliches-gebaeudeadressverzeichnis/102439203', 'rel': 'related', 'title': 'ch.swisstopo.amtliches-gebaeudeadressverzeichnis'}, {'href': '/rest/services/ech/MapServer/ch.bfs.gebaeude_wohnungs_register/210222773_8', 'rel': 'related', 'title': 'ch.bfs.gebaeude_wohnungs_register'}], 'lon': 8.689027786254883, 'num': 6, 'objectclass': '', 'origin': 'address', 'rank': 7, 'x': 8.689027786254883, 'y': 47.50821304321289, 'zoomlevel': 10}, 'id': 2543758, 'weight': 1}","Gartenhof 6, 8408 Winterthur"
33,success,Geocoding successful.,47.507965087890625,8.689021110534668,Gartenhof 4 <b>8408 Winterthur</b>,210222774_2,"{'attrs': {'detail': 'gartenhof 4 8408 winterthur 230 winterthur ch zh', 'featureId': '210222774_2', 'geom_quadindex': '030010032223131023123', 'geom_st_box2d': 'BOX(8.689008 47.507965,8.689008 47.507965)', 'label': 'Gartenhof 4 <b>8408 Winterthur</b>', 'lat': 47.507965087890625, 'links': [{'href': '/rest/services/ech/MapServer/ch.swisstopo.amtliches-gebaeudeadressverzeichnis/102439002', 'rel': 'related', 'title': 'ch.swisstopo.amtliches-gebaeudeadressverzeichnis'}, {'href': '/rest/services/ech/MapServer/ch.bfs.gebaeude_wohnungs_register/210222774_2', 'rel': 'related', 'title': 'ch.bfs.gebaeude_wohnungs_register'}], 'lon': 8.689021110534668, 'num': 4, 'objectclass': '', 'origin': 'address', 'rank': 7, 'x': 8.689021110534668, 'y': 47.507965087890625, 'zoomlevel': 10}, 'id': 2391180, 'weight': 1}","Gartenhof 4, 8408 Winterthur"
34,success,Geocoding successful.,47.508846282958984,8.689042091369629,Gartenhof 12 <b>8408 Winterthur</b>,210222773_9,"{'attrs': {'detail': 'gartenhof 12 8408 winterthur 230 winterthur ch zh', 'featureId': '210222773_9', 'geom_quadindex': '030010032221333001301', 'geom_st_box2d': 'BOX(8.689029 47.50885,8.689029 47.50885)', 'label': 'Gartenhof 12 <b>8408 Winterthur</b>', 'lat': 47.508846282958984, 'links': [{'href': '/rest/services/ech/MapServer/ch.swisstopo.amtliches-gebaeudeadressverzeichnis/102439207', 'rel': 'related', 'title': 'ch.swisstopo.amtliches-gebaeudeadressverzeichnis'}, {'href': '/rest/services/ech/MapServer/ch.bfs.gebaeude_wohnungs_register/210222773_9', 'rel': 'related', 'title': 'ch.bfs.gebaeude_wohnungs_register'}], 'lon': 8.689042091369629, 'num': 12, 'objectclass': '', 'origin': 'address', 'rank': 7, 'x': 8.689042091369629, 'y': 47.508846282958984, 'zoomlevel': 10}, 'id': 2740530, 'weight': 1}","Gartenhof 12, 8408 Winterthur"
35,success,Geocoding successful.,47.51473617553711,8.689732551574707,Holzlegistrasse 50e <b>8408 Winterthur</b>,191937220_0,"{'attrs': {'detail': 'holzlegistrasse 50e 8408 winterthur 230 winterthur ch zh', 'featureId': '191937220_0', 'geom_quadindex': '030010032210000302311', 'geom_st_box2d': 'BOX(8.689719 47.514739,8.689719 47.514739)', 'label': 'Holzlegistrasse 50e <b>8408 Winterthur</b>', 'lat': 47.51473617553711, 'links': [{'href': '/rest/services/ech/MapServer/ch.swisstopo.amtliches-gebaeudeadressverzeichnis/102941851', 'rel': 'related', 'title': 'ch.swisstopo.amtliches-gebaeudeadressverzeichnis'}, {'href': '/rest/services/ech/MapServer/ch.bfs.gebaeude_wohnungs_register/191937220_0', 'rel': 'related', 'title': 'ch.bfs.gebaeude_wohnungs_register'}], 'lon': 8.689732551574707, 'num': 50, 'objectclass': '', 'origin': 'address', 'rank': 7, 'x': 8.689732551574707, 'y': 47.51473617553711, 'zoomlevel': 10}, 'id': 2852604, 'weight': 1}","Holzlegistrasse 50e, 8408 Winterthur"
36,success,Geocoding successful.,47.50106430053711,8.723310470581055,Rudolfstrasse 18 <b>8400 Winterthur</b>,191971748_0,"{'attrs': {'detail': 'rudolfstrasse 18 8400 winterthur 230 winterthur ch zh', 'featureId': '191971748_0', 'geom_quadindex': '030010211120133112033', 'geom_st_box2d': 'BOX(8.723298 47.501067,8.723298 47.501067)', 'label': 'Rudolfstrasse 18 <b>8400 Winterthur</b>', 'lat': 47.50106430053711, 'links': [{'href': '/rest/services/ech/MapServer/ch.swisstopo.amtliches-gebaeudeadressverzeichnis/103221996', 'rel': 'related', 'title': 'ch.swisstopo.amtliches-gebaeudeadressverzeichnis'}, {'href': '/rest/services/ech/MapServer/ch.bfs.gebaeude_wohnungs_register/191971748_0', 'rel': 'related', 'title': 'ch.bfs.gebaeude_wohnungs_register'}], 'lon': 8.723310470581055, 'num': 18, 'objectclass': '', 'origin': 'address', 'rank': 7, 'x': 8.723310470581055, 'y': 47.50106430053711, 'zoomlevel': 10}, 'id': 2019823, 'weight': 1}","Rudolfstrasse 18, 8400 Winterthur"
37,success,Geocoding successful.,47.52643585205078,8.768144607543945,Deponiestrasse 10 <b>8404 Winterthur</b>,210232431_0,"{'attrs': {'detail': 'deponiestrasse 10 8404 winterthur 230 winterthur ch zh', 'featureId': '210232431_0', 'geom_quadindex': '030010121231001233323', 'geom_st_box2d': 'BOX(8.768132 47.526438,8.768132 47.526438)', 'label': 'Deponiestrasse 10 <b>8404 Winterthur</b>', 'lat': 47.52643585205078, 'links': [{'href': '/rest/services/ech/MapServer/ch.swisstopo.amtliches-gebaeudeadressverzeichnis/102456733', 'rel': 'related', 'title': 'ch.swisstopo.amtliches-gebaeudeadressverzeichnis'}, {'href': '/rest/services/ech/MapServer/ch.bfs.gebaeude_wohnungs_register/210232431_0', 'rel': 'related', 'title': 'ch.bfs.gebaeude_wohnungs_register'}], 'lon': 8.768144607543945, 'num': 10, 'objectclass': '', 'origin': 'address', 'rank': 7, 'x': 8.768144607543945, 'y': 47.52643585205078, 'zoomlevel': 10}, 'id': 2736639, 'weight': 1}","Deponiestrasse 10, 8404 Winterthur"
38,success,Geocoding successful.,47.51901626586914,8.715006828308105,Eichliwaldstrasse 9 <b>8400 Winterthur</b>,210243604_0,"{'attrs': {'detail': 'eichliwaldstrasse 9 8400 winterthur 230 winterthur ch zh', 'featureId': '210243604_0', 'geom_quadindex': '030010033012223032121', 'geom_st_box2d': 'BOX(8.714994 47.519019,8.714994 47.519019)', 'label': 'Eichliwaldstrasse 9 <b>8400 Winterthur</b>', 'lat': 47.51901626586914, 'links': [{'href': '/rest/services/ech/MapServer/ch.swisstopo.amtliches-gebaeudeadressverzeichnis/102493322', 'rel': 'related', 'title': 'ch.swisstopo.amtliches-gebaeudeadressverzeichnis'}, {'href': '/rest/services/ech/MapServer/ch.bfs.gebaeude_wohnungs_register/210243604_0', 'rel': 'related', 'title': 'ch.bfs.gebaeude_wohnungs_register'}], 'lon': 8.715006828308105, 'num': 9, 'objectclass': '', 'origin': 'address', 'rank': 7, 'x': 8.715006828308105, 'y': 47.51901626586914, 'zoomlevel': 10}, 'id': 1998292, 'weight': 1}","Eichliwaldstrasse 9, 8400 Winterthur"
39,success,Geocoding successful.,47.49435043334961,8.749177932739258,Grüzefeldstrasse 36 <b>8400 Winterthur</b>,210215066_1,"{'attrs': {'detail': 'gruezefeldstrasse 36 8400 winterthur 230 winterthur ch zh', 'featureId': '210215066_1', 'geom_quadindex': '030010300303032301311', 'geom_st_box2d': 'BOX(8.749166 47.494351,8.749166 47.494351)', 'label': 'Grüzefeldstrasse 36 <b>8400 Winterthur</b>', 'lat': 47.49435043334961, 'links': [{'href': '/rest/services/ech/MapServer/ch.swisstopo.amtliches-gebaeudeadressverzeichnis/102243785', 'rel': 'related', 'title': 'ch.swisstopo.amtliches-gebaeudeadressverzeichnis'}, {'href': '/rest/services/ech/MapServer/ch.bfs.gebaeude_wohnungs_register/210215066_1', 'rel': 'related', 'title': 'ch.bfs.gebaeude_wohnungs_register'}], 'lon': 8.749177932739258, 'num': 36, 'objectclass': '', 'origin': 'address', 'rank': 7, 'x': 8.749177932739258, 'y': 47.49435043334961, 'zoomlevel': 10}, 'id': 2710241, 'weight': 1}","Grüzefeldstrasse 36, 8400 Winterthur"
40,success,Geocoding successful.,47.49452590942383,8.749006271362305,Grüzefeldstrasse 32 <b>8400 Winterthur</b>,210215068_0,"{'attrs': {'detail': 'gruezefeldstrasse 32 8400 winterthur 230 winterthur ch zh', 'featureId': '210215068_0', 'geom_quadindex': '030010300303030232012', 'geom_st_box2d': 'BOX(8.748994 47.494529,8.748994 47.494529)', 'label': 'Grüzefeldstrasse 32 <b>8400 Winterthur</b>', 'lat': 47.49452590942383, 'links': [{'href': '/rest/services/ech/MapServer/ch.swisstopo.amtliches-gebaeudeadressverzeichnis/102243787', 'rel': 'related', 'title': 'ch.swisstopo.amtliches-gebaeudeadressverzeichnis'}, {'href': '/rest/services/ech/MapServer/ch.bfs.gebaeude_wohnungs_register/210215068_0', 'rel': 'related', 'title': 'ch.bfs.gebaeude_wohnungs_register'}], 'lon': 8.749006271362305, 'num': 32, 'objectclass': '', 'origin': 'address', 'rank': 7, 'x': 8.749006271362305, 'y': 47.49452590942383, 'zoomlevel': 10}, 'id': 2093425, 'weight': 1}","Grüzefeldstrasse 32, 8400 Winterthur"
41,success,Geocoding successful.,47.52052688598633,8.759532928466797,Guggenbühlstrasse 146 <b>8404 Winterthur</b>,210261474_0,"{'attrs': {'detail': 'guggenbuehlstrasse 146 8404 winterthur 230 winterthur ch zh', 'featureId': '210261474_0', 'geom_quadindex': '030010123000233321120', 'geom_st_box2d': 'BOX(8.759521 47.520527,8.759521 47.520527)', 'label': 'Guggenbühlstrasse 146 <b>8404 Winterthur</b>', 'lat': 47.52052688598633, 'links': [{'href': '/rest/services/ech/MapServer/ch.swisstopo.amtliches-gebaeudeadressverzeichnis/102513483', 'rel': 'related', 'title': 'ch.swisstopo.amtliches-gebaeudeadressverzeichnis'}, {'href': '/rest/services/ech/MapServer/ch.bfs.gebaeude_wohnungs_register/210261474_0', 'rel': 'related', 'title': 'ch.bfs.gebaeude_wohnungs_register'}], 'lon': 8.759532928466797, 'num': 146, 'objectclass': '', 'origin': 'address', 'rank': 7, 'x': 8.759532928466797, 'y': 47.52052688598633, 'zoomlevel': 10}, 'id': 2767383, 'weight': 1}","Guggenbühlstrasse 146, 8404 Winterthur"
42,success,Geocoding successful.,47.493865966796875,8.749503135681152,Scheideggstrasse 23 <b>8400 Winterthur</b>,210215066_0,"{'attrs': {'detail': 'scheideggstrasse 23 8400 winterthur 230 winterthur ch zh', 'featureId': '210215066_0', 'geom_quadindex': '030010300303213122110', 'geom_st_box2d': 'BOX(8.749491 47.493869,8.749491 47.493869)', 'label': 'Scheideggstrasse 23 <b>8400 Winterthur</b>', 'lat': 47.493865966796875, 'links': [{'href': '/rest/services/ech/MapServer/ch.swisstopo.amtliches-gebaeudeadressverzeichnis/102243784', 'rel': 'related', 'title': 'ch.swisstopo.amtliches-gebaeudeadressverzeichnis'}, {'href': '/rest/services/ech/MapServer/ch.bfs.gebaeude_wohnungs_register/210215066_0', 'rel': 'related', 'title': 'ch.bfs.gebaeude_wohnungs_register'}], 'lon': 8.749503135681152, 'num': 23, 'objectclass': '', 'origin': 'address', 'rank': 7, 'x': 8.749503135681152, 'y': 47.493865966796875, 'zoomlevel': 10}, 'id': 2024338, 'weight': 1}","Scheideggstrasse 23, 8400 Winterthur"
43,success,Geocoding successful.,47.50145721435547,8.717888832092285,Schützenstrasse 13 <b>8400 Winterthur</b>,210196941_0,"{'attrs': {'detail': 'schuetzenstrasse 13 8400 winterthur 230 winterthur ch zh', 'featureId': '210196941_0', 'geom_quadindex': '030010211031003332123', 'geom_st_box2d': 'BOX(8.717876 47.501458,8.717876 47.501458)', 'label': 'Schützenstrasse 13 <b>8400 Winterthur</b>', 'lat': 47.50145721435547, 'links': [{'href': '/rest/services/ech/MapServer/ch.swisstopo.amtliches-gebaeudeadressverzeichnis/101850631', 'rel': 'related', 'title': 'ch.swisstopo.amtliches-gebaeudeadressverzeichnis'}, {'href': '/rest/services/ech/MapServer/ch.bfs.gebaeude_wohnungs_register/210196941_0', 'rel': 'related', 'title': 'ch.bfs.gebaeude_wohnungs_register'}], 'lon': 8.717888832092285, 'num': 13, 'objectclass': '', 'origin': 'address', 'rank': 7, 'x': 8.717888832092285, 'y': 47.50145721435547, 'zoomlevel': 10}, 'id': 1946512, 'weight': 1}","Schützenstrasse 13, 8400 Winterthur"
44,success,Geocoding successful.,47.5055046081543,8.680472373962402,Wieshofstrasse 120 <b>8408 Winterthur</b>,210218024_0,"{'attrs': {'detail': 'wieshofstrasse 120 8408 winterthur 230 winterthur ch zh', 'featureId': '210218024_0', 'geom_quadindex': '030010201111201010333', 'geom_st_box2d': 'BOX(8.680458 47.505504,8.680458 47.505504)', 'label': 'Wieshofstrasse 120 <b>8408 Winterthur</b>', 'lat': 47.5055046081543, 'links': [{'href': '/rest/services/ech/MapServer/ch.swisstopo.amtliches-gebaeudeadressverzeichnis/102368872', 'rel': 'related', 'title': 'ch.swisstopo.amtliches-gebaeudeadressverzeichnis'}, {'href': '/rest/services/ech/MapServer/ch.bfs.gebaeude_wohnungs_register/210218024_0', 'rel': 'related', 'title': 'ch.bfs.gebaeude_wohnungs_register'}], 'lon': 8.680472373962402, 'num': 120, 'objectclass': '', 'origin': 'address', 'rank': 7, 'x': 8.680472373962402, 'y': 47.5055046081543, 'zoomlevel': 10}, 'id': 2894780, 'weight': 1}","Wieshofstrasse 120, 8408 Winterthur"
45,success,Geocoding successful.,47.50564956665039,8.680197715759277,Wieshofstrasse 122 <b>8408 Winterthur</b>,210218023_0,"{'attrs': {'detail': 'wieshofstrasse 122 8408 winterthur 230 winterthur ch zh', 'featureId': '210218023_0', 'geom_quadindex': '030010201111022301210', 'geom_st_box2d': 'BOX(8.680185 47.505652,8.680185 47.505652)', 'label': 'Wieshofstrasse 122 <b>8408 Winterthur</b>', 'lat': 47.50564956665039, 'links': [{'href': '/rest/services/ech/MapServer/ch.swisstopo.amtliches-gebaeudeadressverzeichnis/102368922', 'rel': 'related', 'title': 'ch.swisstopo.amtliches-gebaeudeadressverzeichnis'}, {'href': '/rest/services/ech/MapServer/ch.bfs.gebaeude_wohnungs_register/210218023_0', 'rel': 'related', 'title': 'ch.bfs.gebaeude_wohnungs_register'}], 'lon': 8.680197715759277, 'num': 122, 'objectclass': '', 'origin': 'address', 'rank': 7, 'x': 8.680197715759277, 'y': 47.50564956665039, 'zoomlevel': 10}, 'id': 2798193, 'weight': 1}","Wieshofstrasse 122, 8408 Winterthur"
46,success,Geocoding successful.,47.513519287109375,8.7151517868042,Wolfensbergstrasse 66 <b>8400 Winterthur</b>,210261476_0,"{'attrs': {'detail': 'wolfensbergstrasse 66 8400 winterthur 230 winterthur ch zh', 'featureId': '210261476_0', 'geom_quadindex': '030010033210210020012', 'geom_st_box2d': 'BOX(8.715139 47.51352,8.715139 47.51352)', 'label': 'Wolfensbergstrasse 66 <b>8400 Winterthur</b>', 'lat': 47.513519287109375, 'links': [{'href': '/rest/services/ech/MapServer/ch.swisstopo.amtliches-gebaeudeadressverzeichnis/102513479', 'rel': 'related', 'title': 'ch.swisstopo.amtliches-gebaeudeadressverzeichnis'}, {'href': '/rest/services/ech/MapServer/ch.bfs.gebaeude_wohnungs_register/210261476_0', 'rel': 'related', 'title': 'ch.bfs.gebaeude_wohnungs_register'}], 'lon': 8.7151517868042, 'num': 66, 'objectclass': '', 'origin': 'address', 'rank': 7, 'x': 8.7151517868042, 'y': 47.513519287109375, 'zoomlevel': 10}, 'id': 1975973, 'weight': 1}","Wolfensbergstrasse 66, 8400 Winterthur"
47,success,Geocoding successful.,47.51018142700195,8.692401885986328,Wülflingerstrasse 263a <b>8408 Winterthur</b>,210217184_0,"{'attrs': {'detail': 'wuelflingerstrasse 263a 8408 winterthur 230 winterthur ch zh', 'featureId': '210217184_0', 'geom_quadindex': '030010032230113330222', 'geom_st_box2d': 'BOX(8.692389 47.510185,8.692389 47.510185)', 'label': 'Wülflingerstrasse 263a <b>8408 Winterthur</b>', 'lat': 47.51018142700195, 'links': [{'href': '/rest/services/ech/MapServer/ch.swisstopo.amtliches-gebaeudeadressverzeichnis/102354455', 'rel': 'related', 'title': 'ch.swisstopo.amtliches-gebaeudeadressverzeichnis'}, {'href': '/rest/services/ech/MapServer/ch.bfs.gebaeude_wohnungs_register/210217184_0', 'rel': 'related', 'title': 'ch.bfs.gebaeude_wohnungs_register'}], 'lon': 8.692401885986328, 'num': 263, 'objectclass': '', 'origin': 'address', 'rank': 7, 'x': 8.692401885986328, 'y': 47.51018142700195, 'zoomlevel': 10}, 'id': 2683697, 'weight': 1}","Wülflingerstrasse 263a, 8408 Winterthur"
48,success,Geocoding successful.,47.510223388671875,8.692671775817871,Wülflingerstrasse 261a <b>8408 Winterthur</b>,210217183_0,"{'attrs': {'detail': 'wuelflingerstrasse 261a 8408 winterthur 230 winterthur ch zh', 'featureId': '210217183_0', 'geom_quadindex': '030010032231002213302', 'geom_st_box2d': 'BOX(8.692658 47.510224,8.692658 47.510224)', 'label': 'Wülflingerstrasse 261a <b>8408 Winterthur</b>', 'lat': 47.510223388671875, 'links': [{'href': '/rest/services/ech/MapServer/ch.swisstopo.amtliches-gebaeudeadressverzeichnis/102354434', 'rel': 'related', 'title': 'ch.swisstopo.amtliches-gebaeudeadressverzeichnis'}, {'href': '/rest/services/ech/MapServer/ch.bfs.gebaeude_wohnungs_register/210217183_0', 'rel': 'related', 'title': 'ch.bfs.gebaeude_wohnungs_register'}], 'lon': 8.692671775817871, 'num': 261, 'objectclass': '', 'origin': 'address', 'rank': 7, 'x': 8.692671775817871, 'y': 47.510223388671875, 'zoomlevel': 10}, 'id': 2855625, 'weight': 1}","Wülflingerstrasse 261a, 8408 Winterthur"
49,success,Geocoding successful.,47.515953063964844,8.717106819152832,Buchackerstrasse 46 <b>8400 Winterthur</b>,210263288_0,"{'attrs': {'detail': 'buchackerstrasse 46 8400 winterthur 230 winterthur ch zh', 'featureId': '210263288_0', 'geom_quadindex': '030010033032130333213', 'geom_st_box2d': 'BOX(8.717094 47.515954,8.717094 47.515954)', 'label': 'Buchackerstrasse 46 <b>8400 Winterthur</b>', 'lat': 47.515953063964844, 'links': [{'href': '/rest/services/ech/MapServer/ch.swisstopo.amtliches-gebaeudeadressverzeichnis/102523988', 'rel': 'related', 'title': 'ch.swisstopo.amtliches-gebaeudeadressverzeichnis'}, {'href': '/rest/services/ech/MapServer/ch.bfs.gebaeude_wohnungs_register/210263288_0', 'rel': 'related', 'title': 'ch.bfs.gebaeude_wohnungs_register'}], 'lon': 8.717106819152832, 'num': 46, 'objectclass': '', 'origin': 'address', 'rank': 7, 'x': 8.717106819152832, 'y': 47.515953063964844, 'zoomlevel': 10}, 'id': 2001211, 'weight': 1}","Buchackerstrasse 46, 8400 Winterthur"
50,success,Geocoding successful.,47.484886169433594,8.710683822631836,Eichliackerstrasse 97 <b>8406 Winterthur</b>,210245365_0,"{'attrs': {'detail': 'eichliackerstrasse 97 8406 winterthur 230 winterthur ch zh', 'featureId': '210245365_0', 'geom_quadindex': '030010213021002010322', 'geom_st_box2d': 'BOX(8.710671 47.484887,8.710671 47.484887)', 'label': 'Eichliackerstrasse 97 <b>8406 Winterthur</b>', 'lat': 47.484886169433594, 'links': [{'href': '/rest/services/ech/MapServer/ch.swisstopo.amtliches-gebaeudeadressverzeichnis/102491990', 'rel': 'related', 'title': 'ch.swisstopo.amtliches-gebaeudeadressverzeichnis'}, {'href': '/rest/services/ech/MapServer/ch.bfs.gebaeude_wohnungs_register/210245365_0', 'rel': 'related', 'title': 'ch.bfs.gebaeude_wohnungs_register'}], 'lon': 8.710683822631836, 'num': 97, 'objectclass': '', 'origin': 'address', 'rank': 7, 'x': 8.710683822631836, 'y': 47.484886169433594, 'zoomlevel': 10}, 'id': 2479470, 'weight': 1}","Eichliackerstrasse 97, 8406 Winterthur"
51,success,Geocoding successful.,47.500614166259766,8.75033187866211,Hegistrasse 27 <b>8404 Winterthur</b>,210220662_0,"{'attrs': {'detail': 'hegistrasse 27 8404 winterthur 230 winterthur ch zh', 'featureId': '210220662_0', 'geom_quadindex': '030010300121123230011', 'geom_st_box2d': 'BOX(8.750319 47.500615,8.750319 47.500615)', 'label': 'Hegistrasse 27 <b>8404 Winterthur</b>', 'lat': 47.500614166259766, 'links': [{'href': '/rest/services/ech/MapServer/ch.swisstopo.amtliches-gebaeudeadressverzeichnis/102399953', 'rel': 'related', 'title': 'ch.swisstopo.amtliches-gebaeudeadressverzeichnis'}, {'href': '/rest/services/ech/MapServer/ch.bfs.gebaeude_wohnungs_register/210220662_0', 'rel': 'related', 'title': 'ch.bfs.gebaeude_wohnungs_register'}], 'lon': 8.75033187866211, 'num': 27, 'objectclass': '', 'origin': 'address', 'rank': 7, 'x': 8.75033187866211, 'y': 47.500614166259766, 'zoomlevel': 10}, 'id': 1908930, 'weight': 1}","Hegistrasse 27, 8404 Winterthur"
52,success,Geocoding successful.,47.483863830566406,8.781350135803223,Köhlbergstrasse 60 <b>8405 Winterthur</b>,210212335_0,"{'attrs': {'detail': 'koehlbergstrasse 60 8405 winterthur 230 winterthur ch zh', 'featureId': '210212335_0', 'geom_quadindex': '030010303131112223212', 'geom_st_box2d': 'BOX(8.781338 47.483864,8.781338 47.483864)', 'label': 'Köhlbergstrasse 60 <b>8405 Winterthur</b>', 'lat': 47.483863830566406, 'links': [{'href': '/rest/services/ech/MapServer/ch.swisstopo.amtliches-gebaeudeadressverzeichnis/102155860', 'rel': 'related', 'title': 'ch.swisstopo.amtliches-gebaeudeadressverzeichnis'}, {'href': '/rest/services/ech/MapServer/ch.bfs.gebaeude_wohnungs_register/210212335_0', 'rel': 'related', 'title': 'ch.bfs.gebaeude_wohnungs_register'}], 'lon': 8.781350135803223, 'num': 60, 'objectclass': '', 'origin': 'address', 'rank': 7, 'x': 8.781350135803223, 'y': 47.483863830566406, 'zoomlevel': 10}, 'id': 1952430, 'weight': 1}","Köhlbergstrasse 60, 8405 Winterthur"
53,success,Geocoding successful.,47.493690490722656,8.749307632446289,Scheideggstrasse 21 <b>8400 Winterthur</b>,210219330_0,"{'attrs': {'detail': 'scheideggstrasse 21 8400 winterthur 230 winterthur ch zh', 'featureId': '210219330_0', 'geom_quadindex': '030010300303231000133', 'geom_st_box2d': 'BOX(8.749296 47.493694,8.749296 47.493694)', 'label': 'Scheideggstrasse 21 <b>8400 Winterthur</b>', 'lat': 47.493690490722656, 'links': [{'href': '/rest/services/ech/MapServer/ch.swisstopo.amtliches-gebaeudeadressverzeichnis/102377424', 'rel': 'related', 'title': 'ch.swisstopo.amtliches-gebaeudeadressverzeichnis'}, {'href': '/rest/services/ech/MapServer/ch.bfs.gebaeude_wohnungs_register/210219330_0', 'rel': 'related', 'title': 'ch.bfs.gebaeude_wohnungs_register'}], 'lon': 8.749307632446289, 'num': 21, 'objectclass': '', 'origin': 'address', 'rank': 7, 'x': 8.749307632446289, 'y': 47.493690490722656, 'zoomlevel': 10}, 'id': 2645852, 'weight': 1}","Scheideggstrasse 21, 8400 Winterthur"
54,success,Geocoding successful.,47.48353958129883,8.764111518859863,Büelhofstrasse 32a <b>8405 Winterthur</b>,210219967_0,"{'attrs': {'detail': 'bueelhofstrasse 32a 8405 winterthur 230 winterthur ch zh', 'featureId': '210219967_0', 'geom_quadindex': '030010303030023332301', 'geom_st_box2d': 'BOX(8.764099 47.483541,8.764099 47.483541)', 'label': 'Büelhofstrasse 32a <b>8405 Winterthur</b>', 'lat': 47.48353958129883, 'links': [{'href': '/rest/services/ech/MapServer/ch.swisstopo.amtliches-gebaeudeadressverzeichnis/102385954', 'rel': 'related', 'title': 'ch.swisstopo.amtliches-gebaeudeadressverzeichnis'}, {'href': '/rest/services/ech/MapServer/ch.bfs.gebaeude_wohnungs_register/210219967_0', 'rel': 'related', 'title': 'ch.bfs.gebaeude_wohnungs_register'}], 'lon': 8.764111518859863, 'num': 32, 'objectclass': '', 'origin': 'address', 'rank': 7, 'x': 8.764111518859863, 'y': 47.48353958129883, 'zoomlevel': 10}, 'id': 2054321, 'weight': 1}","Büelhofstrasse 32a, 8405 Winterthur"
55,success,Geocoding successful.,47.51287078857422,8.692574501037598,Holzlegistrasse 30c <b>8408 Winterthur</b>,210214866_0,"{'attrs': {'detail': 'holzlegistrasse 30c 8408 winterthur 230 winterthur ch zh', 'featureId': '210214866_0', 'geom_quadindex': '030010032211222202030', 'geom_st_box2d': 'BOX(8.692561 47.512874,8.692561 47.512874)', 'label': 'Holzlegistrasse 30c <b>8408 Winterthur</b>', 'lat': 47.51287078857422, 'links': [{'href': '/rest/services/ech/MapServer/ch.swisstopo.amtliches-gebaeudeadressverzeichnis/102220873', 'rel': 'related', 'title': 'ch.swisstopo.amtliches-gebaeudeadressverzeichnis'}, {'href': '/rest/services/ech/MapServer/ch.bfs.gebaeude_wohnungs_register/210214866_0', 'rel': 'related', 'title': 'ch.bfs.gebaeude_wohnungs_register'}], 'lon': 8.692574501037598, 'num': 30, 'objectclass': '', 'origin': 'address', 'rank': 7, 'x': 8.692574501037598, 'y': 47.51287078857422, 'zoomlevel': 10}, 'id': 2758973, 'weight': 1}","Holzlegistrasse 30c, 8408 Winterthur"
56,success,Geocoding successful.,47.51294708251953,8.692286491394043,Holzlegistrasse 30b <b>8408 Winterthur</b>,210214864_0,"{'attrs': {'detail': 'holzlegistrasse 30b 8408 winterthur 230 winterthur ch zh', 'featureId': '210214864_0', 'geom_quadindex': '030010032210333032012', 'geom_st_box2d': 'BOX(8.692273 47.512948,8.692273 47.512948)', 'label': 'Holzlegistrasse 30b <b>8408 Winterthur</b>', 'lat': 47.51294708251953, 'links': [{'href': '/rest/services/ech/MapServer/ch.swisstopo.amtliches-gebaeudeadressverzeichnis/102221008', 'rel': 'related', 'title': 'ch.swisstopo.amtliches-gebaeudeadressverzeichnis'}, {'href': '/rest/services/ech/MapServer/ch.bfs.gebaeude_wohnungs_register/210214864_0', 'rel': 'related', 'title': 'ch.bfs.gebaeude_wohnungs_register'}], 'lon': 8.692286491394043, 'num': 30, 'objectclass': '', 'origin': 'address', 'rank': 7, 'x': 8.692286491394043, 'y': 47.51294708251953, 'zoomlevel': 10}, 'id': 2795495, 'weight': 1}","Holzlegistrasse 30b, 8408 Winterthur"
57,success,Geocoding successful.,47.5128059387207,8.692197799682617,Holzlegistrasse 30a <b>8408 Winterthur</b>,210214865_0,"{'attrs': {'detail': 'holzlegistrasse 30a 8408 winterthur 230 winterthur ch zh', 'featureId': '210214865_0', 'geom_quadindex': '030010032210333222123', 'geom_st_box2d': 'BOX(8.692185 47.512807,8.692185 47.512807)', 'label': 'Holzlegistrasse 30a <b>8408 Winterthur</b>', 'lat': 47.5128059387207, 'links': [{'href': '/rest/services/ech/MapServer/ch.swisstopo.amtliches-gebaeudeadressverzeichnis/102214467', 'rel': 'related', 'title': 'ch.swisstopo.amtliches-gebaeudeadressverzeichnis'}, {'href': '/rest/services/ech/MapServer/ch.bfs.gebaeude_wohnungs_register/210214865_0', 'rel': 'related', 'title': 'ch.bfs.gebaeude_wohnungs_register'}], 'lon': 8.692197799682617, 'num': 30, 'objectclass': '', 'origin': 'address', 'rank': 7, 'x': 8.692197799682617, 'y': 47.5128059387207, 'zoomlevel': 10}, 'id': 2619081, 'weight': 1}","Holzlegistrasse 30a, 8408 Winterthur"
58,success,Geocoding successful.,47.50398254394531,8.766948699951172,Ida-Sträuli-Strasse 50 <b>8404 Winterthur</b>,210210836_0,"{'attrs': {'detail': 'ida-straeuli-strasse 50 8404 winterthur 230 winterthur ch zh', 'featureId': '210210836_0', 'geom_quadindex': '030010301010331112322', 'geom_st_box2d': 'BOX(8.766936 47.503985,8.766936 47.503985)', 'label': 'Ida-Sträuli-Strasse 50 <b>8404 Winterthur</b>', 'lat': 47.50398254394531, 'links': [{'href': '/rest/services/ech/MapServer/ch.swisstopo.amtliches-gebaeudeadressverzeichnis/102150876', 'rel': 'related', 'title': 'ch.swisstopo.amtliches-gebaeudeadressverzeichnis'}, {'href': '/rest/services/ech/MapServer/ch.bfs.gebaeude_wohnungs_register/210210836_0', 'rel': 'related', 'title': 'ch.bfs.gebaeude_wohnungs_register'}], 'lon': 8.766948699951172, 'num': 50, 'objectclass': '', 'origin': 'address', 'rank': 7, 'x': 8.766948699951172, 'y': 47.50398254394531, 'zoomlevel': 10}, 'id': 2846408, 'weight': 1}","Ida-Sträuli-Strasse 50, 8404 Winterthur"
59,success,Geocoding successful.,47.5022087097168,8.741179466247559,Leimeneggstrasse 57 <b>8400 Winterthur</b>,210216462_0,"{'attrs': {'detail': 'leimeneggstrasse 57 8400 winterthur 230 winterthur ch zh', 'featureId': '210216462_0', 'geom_quadindex': '030010300012321101213', 'geom_st_box2d': 'BOX(8.741168 47.502212,8.741168 47.502212)', 'label': 'Leimeneggstrasse 57 <b>8400 Winterthur</b>', 'lat': 47.5022087097168, 'links': [{'href': '/rest/services/ech/MapServer/ch.swisstopo.amtliches-gebaeudeadressverzeichnis/102295604', 'rel': 'related', 'title': 'ch.swisstopo.amtliches-gebaeudeadressverzeichnis'}, {'href': '/rest/services/ech/MapServer/ch.bfs.gebaeude_wohnungs_register/210216462_0', 'rel': 'related', 'title': 'ch.bfs.gebaeude_wohnungs_register'}], 'lon': 8.741179466247559, 'num': 57, 'objectclass': '', 'origin': 'address', 'rank': 7, 'x': 8.741179466247559, 'y': 47.5022087097168, 'zoomlevel': 10}, 'id': 2797808, 'weight': 1}","Leimeneggstrasse 57, 8400 Winterthur"
60,success,Geocoding successful.,47.502235412597656,8.741093635559082,Leimeneggstrasse 59 <b>8400 Winterthur</b>,210216461_0,"{'attrs': {'detail': 'leimeneggstrasse 59 8400 winterthur 230 winterthur ch zh', 'featureId': '210216461_0', 'geom_quadindex': '030010300012303233322', 'geom_st_box2d': 'BOX(8.741082 47.502239,8.741082 47.502239)', 'label': 'Leimeneggstrasse 59 <b>8400 Winterthur</b>', 'lat': 47.502235412597656, 'links': [{'href': '/rest/services/ech/MapServer/ch.swisstopo.amtliches-gebaeudeadressverzeichnis/102300568', 'rel': 'related', 'title': 'ch.swisstopo.amtliches-gebaeudeadressverzeichnis'}, {'href': '/rest/services/ech/MapServer/ch.bfs.gebaeude_wohnungs_register/210216461_0', 'rel': 'related', 'title': 'ch.bfs.gebaeude_wohnungs_register'}], 'lon': 8.741093635559082, 'num': 59, 'objectclass': '', 'origin': 'address', 'rank': 7, 'x': 8.741093635559082, 'y': 47.502235412597656, 'zoomlevel': 10}, 'id': 2825975, 'weight': 1}","Leimeneggstrasse 59, 8400 Winterthur"
61,success,Geocoding successful.,47.50217819213867,8.716954231262207,Rennweg 11 <b>8400 Winterthur</b>,210213847_0,"{'attrs': {'detail': 'rennweg 11 8400 winterthur 230 winterthur ch zh', 'featureId': '210213847_0', 'geom_quadindex': '030010211012333013220', 'geom_st_box2d': 'BOX(8.716942 47.502179,8.716942 47.502179)', 'label': 'Rennweg 11 <b>8400 Winterthur</b>', 'lat': 47.50217819213867, 'links': [{'href': '/rest/services/ech/MapServer/ch.swisstopo.amtliches-gebaeudeadressverzeichnis/102168497', 'rel': 'related', 'title': 'ch.swisstopo.amtliches-gebaeudeadressverzeichnis'}, {'href': '/rest/services/ech/MapServer/ch.bfs.gebaeude_wohnungs_register/210213847_0', 'rel': 'related', 'title': 'ch.bfs.gebaeude_wohnungs_register'}], 'lon': 8.716954231262207, 'num': 11, 'objectclass': '', 'origin': 'address', 'rank': 7, 'x': 8.716954231262207, 'y': 47.50217819213867, 'zoomlevel': 10}, 'id': 2277385, 'weight': 1}","Rennweg 11, 8400 Winterthur"
62,success,Geocoding successful.,47.516048431396484,8.694735527038574,Riedhofstrasse 65 <b>8408 Winterthur</b>,210235209_0,"{'attrs': {'detail': 'riedhofstrasse 65 8408 winterthur 230 winterthur ch zh', 'featureId': '210235209_0', 'geom_quadindex': '030010032033123211003', 'geom_st_box2d': 'BOX(8.694722 47.516049,8.694722 47.516049)', 'label': 'Riedhofstrasse 65 <b>8408 Winterthur</b>', 'lat': 47.516048431396484, 'links': [{'href': '/rest/services/ech/MapServer/ch.swisstopo.amtliches-gebaeudeadressverzeichnis/102459073', 'rel': 'related', 'title': 'ch.swisstopo.amtliches-gebaeudeadressverzeichnis'}, {'href': '/rest/services/ech/MapServer/ch.bfs.gebaeude_wohnungs_register/210235209_0', 'rel': 'related', 'title': 'ch.bfs.gebaeude_wohnungs_register'}], 'lon': 8.694735527038574, 'num': 65, 'objectclass': '', 'origin': 'address', 'rank': 7, 'x': 8.694735527038574, 'y': 47.516048431396484, 'zoomlevel': 10}, 'id': 2738780, 'weight': 1}","Riedhofstrasse 65, 8408 Winterthur"
63,success,Geocoding successful.,47.5162239074707,8.694358825683594,Riedhofstrasse 67 <b>8408 Winterthur</b>,210235210_0,"{'attrs': {'detail': 'riedhofstrasse 67 8408 winterthur 230 winterthur ch zh', 'featureId': '210235210_0', 'geom_quadindex': '030010032033120231233', 'geom_st_box2d': 'BOX(8.694345 47.516225,8.694345 47.516225)', 'label': 'Riedhofstrasse 67 <b>8408 Winterthur</b>', 'lat': 47.5162239074707, 'links': [{'href': '/rest/services/ech/MapServer/ch.swisstopo.amtliches-gebaeudeadressverzeichnis/102459079', 'rel': 'related', 'title': 'ch.swisstopo.amtliches-gebaeudeadressverzeichnis'}, {'href': '/rest/services/ech/MapServer/ch.bfs.gebaeude_wohnungs_register/210235210_0', 'rel': 'related', 'title': 'ch.bfs.gebaeude_wohnungs_register'}], 'lon': 8.694358825683594, 'num': 67, 'objectclass': '', 'origin': 'address', 'rank': 7, 'x': 8.694358825683594, 'y': 47.5162239074707, 'zoomlevel': 10}, 'id': 2016700, 'weight': 1}","Riedhofstrasse 67, 8408 Winterthur"
64,success,Geocoding successful.,47.4891242980957,8.758376121520996,Seenerstrasse 172 <b>8405 Winterthur</b>,210222524_0,"{'attrs': {'detail': 'seenerstrasse 172 8405 winterthur 230 winterthur ch zh', 'featureId': '210222524_0', 'geom_quadindex': '030010301222230323332', 'geom_st_box2d': 'BOX(8.758364 47.489127,8.758364 47.489127)', 'label': 'Seenerstrasse 172 <b>8405 Winterthur</b>', 'lat': 47.4891242980957, 'links': [{'href': '/rest/services/ech/MapServer/ch.swisstopo.amtliches-gebaeudeadressverzeichnis/102439241', 'rel': 'related', 'title': 'ch.swisstopo.amtliches-gebaeudeadressverzeichnis'}, {'href': '/rest/services/ech/MapServer/ch.bfs.gebaeude_wohnungs_register/210222524_0', 'rel': 'related', 'title': 'ch.bfs.gebaeude_wohnungs_register'}], 'lon': 8.758376121520996, 'num': 172, 'objectclass': '', 'origin': 'address', 'rank': 7, 'x': 8.758376121520996, 'y': 47.4891242980957, 'zoomlevel': 10}, 'id': 2216552, 'weight': 1}","Seenerstrasse 172, 8405 Winterthur"
65,success,Geocoding successful.,47.507259368896484,8.693532943725586,Burgstrasse 66 <b>8408 Winterthur</b>,210215443_0,"{'attrs': {'detail': 'burgstrasse 66 8408 winterthur 230 winterthur ch zh', 'featureId': '210215443_0', 'geom_quadindex': '030010032233210332132', 'geom_st_box2d': 'BOX(8.69352 47.50726,8.69352 47.50726)', 'label': 'Burgstrasse 66 <b>8408 Winterthur</b>', 'lat': 47.507259368896484, 'links': [{'href': '/rest/services/ech/MapServer/ch.swisstopo.amtliches-gebaeudeadressverzeichnis/100420618', 'rel': 'related', 'title': 'ch.swisstopo.amtliches-gebaeudeadressverzeichnis'}, {'href': '/rest/services/ech/MapServer/ch.bfs.gebaeude_wohnungs_register/210215443_0', 'rel': 'related', 'title': 'ch.bfs.gebaeude_wohnungs_register'}], 'lon': 8.693532943725586, 'num': 66, 'objectclass': '', 'origin': 'address', 'rank': 7, 'x': 8.693532943725586, 'y': 47.507259368896484, 'zoomlevel': 10}, 'id': 1965371, 'weight': 1}","Burgstrasse 66, 8408 Winterthur"
66,success,Geocoding successful.,47.51765823364258,8.771993637084961,Riedbachweg 22 <b>8404 Winterthur</b>,210218073_0,"{'attrs': {'detail': 'riedbachweg 22 8404 winterthur 230 winterthur ch zh', 'featureId': '210218073_0', 'geom_quadindex': '030010123120031113010', 'geom_st_box2d': 'BOX(8.771981 47.517661,8.771981 47.517661)', 'label': 'Riedbachweg 22 <b>8404 Winterthur</b>', 'lat': 47.51765823364258, 'links': [{'href': '/rest/services/ech/MapServer/ch.swisstopo.amtliches-gebaeudeadressverzeichnis/102368947', 'rel': 'related', 'title': 'ch.swisstopo.amtliches-gebaeudeadressverzeichnis'}, {'href': '/rest/services/ech/MapServer/ch.bfs.gebaeude_wohnungs_register/210218073_0', 'rel': 'related', 'title': 'ch.bfs.gebaeude_wohnungs_register'}], 'lon': 8.771993637084961, 'num': 22, 'objectclass': '', 'origin': 'address', 'rank': 7, 'x': 8.771993637084961, 'y': 47.51765823364258, 'zoomlevel': 10}, 'id': 2861571, 'weight': 1}","Riedbachweg 22, 8404 Winterthur"
67,success,Geocoding successful.,47.516883850097656,8.771470069885254,Riedbachweg 18 <b>8404 Winterthur</b>,210219744_0,"{'attrs': {'detail': 'riedbachweg 18 8404 winterthur 230 winterthur ch zh', 'featureId': '210219744_0', 'geom_quadindex': '030010123120212100313', 'geom_st_box2d': 'BOX(8.771458 47.516888,8.771458 47.516888)', 'label': 'Riedbachweg 18 <b>8404 Winterthur</b>', 'lat': 47.516883850097656, 'links': [{'href': '/rest/services/ech/MapServer/ch.swisstopo.amtliches-gebaeudeadressverzeichnis/102386059', 'rel': 'related', 'title': 'ch.swisstopo.amtliches-gebaeudeadressverzeichnis'}, {'href': '/rest/services/ech/MapServer/ch.bfs.gebaeude_wohnungs_register/210219744_0', 'rel': 'related', 'title': 'ch.bfs.gebaeude_wohnungs_register'}], 'lon': 8.771470069885254, 'num': 18, 'objectclass': '', 'origin': 'address', 'rank': 7, 'x': 8.771470069885254, 'y': 47.516883850097656, 'zoomlevel': 10}, 'id': 1968102, 'weight': 1}","Riedbachweg 18, 8404 Winterthur"
68,success,Geocoding successful.,47.516910552978516,8.717839241027832,Buchackerstrasse 52 <b>8400 Winterthur</b>,210215393_0,"{'attrs': {'detail': 'buchackerstrasse 52 8400 winterthur 230 winterthur ch zh', 'featureId': '210215393_0', 'geom_quadindex': '030010033031222121131', 'geom_st_box2d': 'BOX(8.717826 47.516913,8.717826 47.516913)', 'label': 'Buchackerstrasse 52 <b>8400 Winterthur</b>', 'lat': 47.516910552978516, 'links': [{'href': '/rest/services/ech/MapServer/ch.swisstopo.amtliches-gebaeudeadressverzeichnis/102286050', 'rel': 'related', 'title': 'ch.swisstopo.amtliches-gebaeudeadressverzeichnis'}, {'href': '/rest/services/ech/MapServer/ch.bfs.gebaeude_wohnungs_register/210215393_0', 'rel': 'related', 'title': 'ch.bfs.gebaeude_wohnungs_register'}], 'lon': 8.717839241027832, 'num': 52, 'objectclass': '', 'origin': 'address', 'rank': 7, 'x': 8.717839241027832, 'y': 47.516910552978516, 'zoomlevel': 10}, 'id': 2761125, 'weight': 1}","Buchackerstrasse 52, 8400 Winterthur"
69,success,Geocoding successful.,47.49490737915039,8.752463340759277,Grüzefeldstrasse 29 <b>8404 Winterthur</b>,210207696_0,"{'attrs': {'detail': 'gruezefeldstrasse 29 8404 winterthur 230 winterthur ch zh', 'featureId': '210207696_0', 'geom_quadindex': '030010300312013021023', 'geom_st_box2d': 'BOX(8.752451 47.49491,8.752451 47.49491)', 'label': 'Grüzefeldstrasse 29 <b>8404 Winterthur</b>', 'lat': 47.49490737915039, 'links': [{'href': '/rest/services/ech/MapServer/ch.swisstopo.amtliches-gebaeudeadressverzeichnis/102088263', 'rel': 'related', 'title': 'ch.swisstopo.amtliches-gebaeudeadressverzeichnis'}, {'href': '/rest/services/ech/MapServer/ch.bfs.gebaeude_wohnungs_register/210207696_0', 'rel': 'related', 'title': 'ch.bfs.gebaeude_wohnungs_register'}], 'lon': 8.752463340759277, 'num': 29, 'objectclass': '', 'origin': 'address', 'rank': 7, 'x': 8.752463340759277, 'y': 47.49490737915039, 'zoomlevel': 10}, 'id': 2422524, 'weight': 1}","Grüzefeldstrasse 29, 8404 Winterthur"
70,success,Geocoding successful.,47.49447250366211,8.752561569213867,Grüzefeldstrasse 27 <b>8404 Winterthur</b>,210207697_0,"{'attrs': {'detail': 'gruezefeldstrasse 27 8404 winterthur 230 winterthur ch zh', 'featureId': '210207697_0', 'geom_quadindex': '030010300312031233211', 'geom_st_box2d': 'BOX(8.75255 47.494476,8.75255 47.494476)', 'label': 'Grüzefeldstrasse 27 <b>8404 Winterthur</b>', 'lat': 47.49447250366211, 'links': [{'href': '/rest/services/ech/MapServer/ch.swisstopo.amtliches-gebaeudeadressverzeichnis/102089038', 'rel': 'related', 'title': 'ch.swisstopo.amtliches-gebaeudeadressverzeichnis'}, {'href': '/rest/services/ech/MapServer/ch.bfs.gebaeude_wohnungs_register/210207697_0', 'rel': 'related', 'title': 'ch.bfs.gebaeude_wohnungs_register'}], 'lon': 8.752561569213867, 'num': 27, 'objectclass': '', 'origin': 'address', 'rank': 7, 'x': 8.752561569213867, 'y': 47.49447250366211, 'zoomlevel': 10}, 'id': 2714408, 'weight': 1}","Grüzefeldstrasse 27, 8404 Winterthur"
71,success,Geocoding successful.,47.512786865234375,8.692310333251953,Holzlegistrasse 32 <b>8408 Winterthur</b>,210215391_0,"{'attrs': {'detail': 'holzlegistrasse 32 8408 winterthur 230 winterthur ch zh', 'featureId': '210215391_0', 'geom_quadindex': '030010032210333232333', 'geom_st_box2d': 'BOX(8.692297 47.51279,8.692297 47.51279)', 'label': 'Holzlegistrasse 32 <b>8408 Winterthur</b>', 'lat': 47.512786865234375, 'links': [{'href': '/rest/services/ech/MapServer/ch.swisstopo.amtliches-gebaeudeadressverzeichnis/102286048', 'rel': 'related', 'title': 'ch.swisstopo.amtliches-gebaeudeadressverzeichnis'}, {'href': '/rest/services/ech/MapServer/ch.bfs.gebaeude_wohnungs_register/210215391_0', 'rel': 'related', 'title': 'ch.bfs.gebaeude_wohnungs_register'}], 'lon': 8.692310333251953, 'num': 32, 'objectclass': '', 'origin': 'address', 'rank': 7, 'x': 8.692310333251953, 'y': 47.512786865234375, 'zoomlevel': 10}, 'id': 2007558, 'weight': 1}","Holzlegistrasse 32, 8408 Winterthur"
72,success,Geocoding successful.,47.5084228515625,8.70030403137207,Erlenstrasse 38 <b>8408 Winterthur</b>,210203584_0,"{'attrs': {'detail': 'erlenstrasse 38 8408 winterthur 230 winterthur ch zh', 'featureId': '210203584_0', 'geom_quadindex': '030010032323100003231', 'geom_st_box2d': 'BOX(8.700291 47.508424,8.700291 47.508424)', 'label': 'Erlenstrasse 38 <b>8408 Winterthur</b>', 'lat': 47.5084228515625, 'links': [{'href': '/rest/services/ech/MapServer/ch.swisstopo.amtliches-gebaeudeadressverzeichnis/102006998', 'rel': 'related', 'title': 'ch.swisstopo.amtliches-gebaeudeadressverzeichnis'}, {'href': '/rest/services/ech/MapServer/ch.bfs.gebaeude_wohnungs_register/210203584_0', 'rel': 'related', 'title': 'ch.bfs.gebaeude_wohnungs_register'}], 'lon': 8.70030403137207, 'num': 38, 'objectclass': '', 'origin': 'address', 'rank': 7, 'x': 8.70030403137207, 'y': 47.5084228515625, 'zoomlevel': 10}, 'id': 2003995, 'weight': 1}","Erlenstrasse 38, 8408 Winterthur"
73,success,Geocoding successful.,47.50108337402344,8.774569511413574,Hegibergstrasse 16 <b>8409 Winterthur</b>,210208404_0,"{'attrs': {'detail': 'hegibergstrasse 16 8409 winterthur 230 winterthur ch zh', 'featureId': '210208404_0', 'geom_quadindex': '030010301121011322130', 'geom_st_box2d': 'BOX(8.774558 47.501086,8.774558 47.501086)', 'label': 'Hegibergstrasse 16 <b>8409 Winterthur</b>', 'lat': 47.50108337402344, 'links': [{'href': '/rest/services/ech/MapServer/ch.swisstopo.amtliches-gebaeudeadressverzeichnis/102090490', 'rel': 'related', 'title': 'ch.swisstopo.amtliches-gebaeudeadressverzeichnis'}, {'href': '/rest/services/ech/MapServer/ch.bfs.gebaeude_wohnungs_register/210208404_0', 'rel': 'related', 'title': 'ch.bfs.gebaeude_wohnungs_register'}], 'lon': 8.774569511413574, 'num': 16, 'objectclass': '', 'origin': 'address', 'rank': 7, 'x': 8.774569511413574, 'y': 47.50108337402344, 'zoomlevel': 10}, 'id': 1892827, 'weight': 1}","Hegibergstrasse 16, 8409 Winterthur"
74,success,Geocoding successful.,47.47740173339844,8.725858688354492,Hintere Finsteristrasse 1 <b>8400 Winterthur</b>,210216541_0,"{'attrs': {'detail': 'hintere finsteristrasse 1 8400 winterthur 230 winterthur ch zh', 'featureId': '210216541_0', 'geom_quadindex': '030010213303311330322', 'geom_st_box2d': 'BOX(8.725847 47.477404,8.725847 47.477404)', 'label': 'Hintere Finsteristrasse 1 <b>8400 Winterthur</b>', 'lat': 47.47740173339844, 'links': [{'href': '/rest/services/ech/MapServer/ch.swisstopo.amtliches-gebaeudeadressverzeichnis/102292462', 'rel': 'related', 'title': 'ch.swisstopo.amtliches-gebaeudeadressverzeichnis'}, {'href': '/rest/services/ech/MapServer/ch.bfs.gebaeude_wohnungs_register/210216541_0', 'rel': 'related', 'title': 'ch.bfs.gebaeude_wohnungs_register'}], 'lon': 8.725858688354492, 'num': 1, 'objectclass': '', 'origin': 'address', 'rank': 7, 'x': 8.725858688354492, 'y': 47.47740173339844, 'zoomlevel': 10}, 'id': 2770954, 'weight': 1}","Hintere Finsteristrasse 1, 8400 Winterthur"
75,success,Geocoding successful.,47.50804901123047,8.763687133789062,Hobelwerkweg 8f <b>8404 Winterthur</b>,210208213_0,"{'attrs': {'detail': 'hobelwerkweg 8f 8404 winterthur 230 winterthur ch zh', 'featureId': '210208213_0', 'geom_quadindex': '030010123221331223213', 'geom_st_box2d': 'BOX(8.763675 47.508051,8.763675 47.508051)', 'label': 'Hobelwerkweg 8f <b>8404 Winterthur</b>', 'lat': 47.50804901123047, 'links': [{'href': '/rest/services/ech/MapServer/ch.swisstopo.amtliches-gebaeudeadressverzeichnis/102199635', 'rel': 'related', 'title': 'ch.swisstopo.amtliches-gebaeudeadressverzeichnis'}, {'href': '/rest/services/ech/MapServer/ch.bfs.gebaeude_wohnungs_register/210208213_0', 'rel': 'related', 'title': 'ch.bfs.gebaeude_wohnungs_register'}], 'lon': 8.763687133789062, 'num': 8, 'objectclass': '', 'origin': 'address', 'rank': 7, 'x': 8.763687133789062, 'y': 47.50804901123047, 'zoomlevel': 10}, 'id': 2184099, 'weight': 1}","Hobelwerkweg 8f, 8404 Winterthur"
76,success,Geocoding successful.,47.49508285522461,8.705574035644531,Rebwiesenstrasse 19 <b>8406 Winterthur</b>,210207901_0,"{'attrs': {'detail': 'rebwiesenstrasse 19 8406 winterthur 230 winterthur ch zh', 'featureId': '210207901_0', 'geom_quadindex': '030010210313030300233', 'geom_st_box2d': 'BOX(8.705561 47.495086,8.705561 47.495086)', 'label': 'Rebwiesenstrasse 19 <b>8406 Winterthur</b>', 'lat': 47.49508285522461, 'links': [{'href': '/rest/services/ech/MapServer/ch.swisstopo.amtliches-gebaeudeadressverzeichnis/102102445', 'rel': 'related', 'title': 'ch.swisstopo.amtliches-gebaeudeadressverzeichnis'}, {'href': '/rest/services/ech/MapServer/ch.bfs.gebaeude_wohnungs_register/210207901_0', 'rel': 'related', 'title': 'ch.bfs.gebaeude_wohnungs_register'}], 'lon': 8.705574035644531, 'num': 19, 'objectclass': '', 'origin': 'address', 'rank': 7, 'x': 8.705574035644531, 'y': 47.49508285522461, 'zoomlevel': 10}, 'id': 2472514, 'weight': 1}","Rebwiesenstrasse 19, 8406 Winterthur"
77,success,Geocoding successful.,47.470298767089844,8.775055885314941,Weierholzstrasse 120 <b>8405 Winterthur</b>,210205127_0,"{'attrs': {'detail': 'weierholzstrasse 120 8405 winterthur 230 winterthur ch zh', 'featureId': '210205127_0', 'geom_quadindex': '030010321101312312312', 'geom_st_box2d': 'BOX(8.775044 47.470301,8.775044 47.470301)', 'label': 'Weierholzstrasse 120 <b>8405 Winterthur</b>', 'lat': 47.470298767089844, 'links': [{'href': '/rest/services/ech/MapServer/ch.swisstopo.amtliches-gebaeudeadressverzeichnis/102199827', 'rel': 'related', 'title': 'ch.swisstopo.amtliches-gebaeudeadressverzeichnis'}, {'href': '/rest/services/ech/MapServer/ch.bfs.gebaeude_wohnungs_register/210205127_0', 'rel': 'related', 'title': 'ch.bfs.gebaeude_wohnungs_register'}], 'lon': 8.775055885314941, 'num': 120, 'objectclass': '', 'origin': 'address', 'rank': 7, 'x': 8.775055885314941, 'y': 47.470298767089844, 'zoomlevel': 10}, 'id': 2590126, 'weight': 1}","Weierholzstrasse 120, 8405 Winterthur"
78,success,Geocoding successful.,47.51481628417969,8.722546577453613,Am Rosenberg 13 <b>8400 Winterthur</b>,210193470_0,"{'attrs': {'detail': 'am rosenberg 13 8400 winterthur 230 winterthur ch zh', 'featureId': '210193470_0', 'geom_quadindex': '030010033122322111130', 'geom_st_box2d': 'BOX(8.722534 47.514816,8.722534 47.514816)', 'label': 'Am Rosenberg 13 <b>8400 Winterthur</b>', 'lat': 47.51481628417969, 'links': [{'href': '/rest/services/ech/MapServer/ch.swisstopo.amtliches-gebaeudeadressverzeichnis/101846069', 'rel': 'related', 'title': 'ch.swisstopo.amtliches-gebaeudeadressverzeichnis'}, {'href': '/rest/services/ech/MapServer/ch.bfs.gebaeude_wohnungs_register/210193470_0', 'rel': 'related', 'title': 'ch.bfs.gebaeude_wohnungs_register'}], 'lon': 8.722546577453613, 'num': 13, 'objectclass': '', 'origin': 'address', 'rank': 7, 'x': 8.722546577453613, 'y': 47.51481628417969, 'zoomlevel': 10}, 'id': 2412305, 'weight': 1}","Am Rosenberg 13, 8400 Winterthur"
79,success,Geocoding successful.,47.47663116455078,8.798628807067871,Chälenrainstrasse 1 <b>8405 Winterthur</b>,210200425_0,"{'attrs': {'detail': 'chaelenrainstrasse 1 8405 winterthur 230 winterthur ch zh', 'featureId': '210200425_0', 'geom_quadindex': '030010312303211202103', 'geom_st_box2d': 'BOX(8.798617 47.476633,8.798617 47.476633)', 'label': 'Chälenrainstrasse 1 <b>8405 Winterthur</b>', 'lat': 47.47663116455078, 'links': [{'href': '/rest/services/ech/MapServer/ch.swisstopo.amtliches-gebaeudeadressverzeichnis/101881841', 'rel': 'related', 'title': 'ch.swisstopo.amtliches-gebaeudeadressverzeichnis'}, {'href': '/rest/services/ech/MapServer/ch.bfs.gebaeude_wohnungs_register/210200425_0', 'rel': 'related', 'title': 'ch.bfs.gebaeude_wohnungs_register'}], 'lon': 8.798628807067871, 'num': 1, 'objectclass': '', 'origin': 'address', 'rank': 7, 'x': 8.798628807067871, 'y': 47.47663116455078, 'zoomlevel': 10}, 'id': 2839082, 'weight': 1}","Chälenrainstrasse 1, 8405 Winterthur"
80,success,Geocoding successful.,47.52862548828125,8.770013809204102,Deponiestrasse 2 <b>8404 Winterthur</b>,210191674_0,"{'attrs': {'detail': 'deponiestrasse 2 8404 winterthur 230 winterthur ch zh', 'featureId': '210191674_0', 'geom_quadindex': '030010121213110200331', 'geom_st_box2d': 'BOX(8.770002 47.528627,8.770002 47.528627)', 'label': 'Deponiestrasse 2 <b>8404 Winterthur</b>', 'lat': 47.52862548828125, 'links': [{'href': '/rest/services/ech/MapServer/ch.swisstopo.amtliches-gebaeudeadressverzeichnis/101827469', 'rel': 'related', 'title': 'ch.swisstopo.amtliches-gebaeudeadressverzeichnis'}, {'href': '/rest/services/ech/MapServer/ch.bfs.gebaeude_wohnungs_register/210191674_0', 'rel': 'related', 'title': 'ch.bfs.gebaeude_wohnungs_register'}], 'lon': 8.770013809204102, 'num': 2, 'objectclass': '', 'origin': 'address', 'rank': 7, 'x': 8.770013809204102, 'y': 47.52862548828125, 'zoomlevel': 10}, 'id': 2681830, 'weight': 1}","Deponiestrasse 2, 8404 Winterthur"
81,success,Geocoding successful.,47.53349685668945,8.752188682556152,Gusslistrasse 51 <b>8404 Reutlingen (Winterthur)</b>,210196226_0,"{'attrs': {'detail': 'gusslistrasse 51 8404 reutlingen _winterthur_ 230 winterthur ch zh', 'featureId': '210196226_0', 'geom_quadindex': '030010120121331333111', 'geom_st_box2d': 'BOX(8.752176 47.533501,8.752176 47.533501)', 'label': 'Gusslistrasse 51 <b>8404 Reutlingen (Winterthur)</b>', 'lat': 47.53349685668945, 'links': [{'href': '/rest/services/ech/MapServer/ch.swisstopo.amtliches-gebaeudeadressverzeichnis/101848557', 'rel': 'related', 'title': 'ch.swisstopo.amtliches-gebaeudeadressverzeichnis'}, {'href': '/rest/services/ech/MapServer/ch.bfs.gebaeude_wohnungs_register/210196226_0', 'rel': 'related', 'title': 'ch.bfs.gebaeude_wohnungs_register'}], 'lon': 8.752188682556152, 'num': 51, 'objectclass': '', 'origin': 'address', 'rank': 7, 'x': 8.752188682556152, 'y': 47.53349685668945, 'zoomlevel': 10}, 'id': 2259818, 'weight': 1}","Gusslistrasse 51, 8404 Reutlingen"
82,success,Geocoding successful.,47.50850296020508,8.754459381103516,Kastellweg 10 <b>8404 Winterthur</b>,210189240_0,"{'attrs': {'detail': 'kastellweg 10 8404 winterthur 230 winterthur ch zh', 'featureId': '210189240_0', 'geom_quadindex': '030010122330313213011', 'geom_st_box2d': 'BOX(8.754448 47.508507,8.754448 47.508507)', 'label': 'Kastellweg 10 <b>8404 Winterthur</b>', 'lat': 47.50850296020508, 'links': [{'href': '/rest/services/ech/MapServer/ch.swisstopo.amtliches-gebaeudeadressverzeichnis/101827267', 'rel': 'related', 'title': 'ch.swisstopo.amtliches-gebaeudeadressverzeichnis'}, {'href': '/rest/services/ech/MapServer/ch.bfs.gebaeude_wohnungs_register/210189240_0', 'rel': 'related', 'title': 'ch.bfs.gebaeude_wohnungs_register'}], 'lon': 8.754459381103516, 'num': 10, 'objectclass': '', 'origin': 'address', 'rank': 7, 'x': 8.754459381103516, 'y': 47.50850296020508, 'zoomlevel': 10}, 'id': 2869850, 'weight': 1}","Kastellweg 10, 8404 Winterthur"
83,success,Geocoding successful.,47.48823165893555,8.71059513092041,Klosterstrasse 61 <b>8406 Winterthur</b>,210197100_0,"{'attrs': {'detail': 'klosterstrasse 61 8406 winterthur 230 winterthur ch zh', 'featureId': '210197100_0', 'geom_quadindex': '030010213000311133020', 'geom_st_box2d': 'BOX(8.710583 47.488235,8.710583 47.488235)', 'label': 'Klosterstrasse 61 <b>8406 Winterthur</b>', 'lat': 47.48823165893555, 'links': [{'href': '/rest/services/ech/MapServer/ch.swisstopo.amtliches-gebaeudeadressverzeichnis/101863221', 'rel': 'related', 'title': 'ch.swisstopo.amtliches-gebaeudeadressverzeichnis'}, {'href': '/rest/services/ech/MapServer/ch.bfs.gebaeude_wohnungs_register/210197100_0', 'rel': 'related', 'title': 'ch.bfs.gebaeude_wohnungs_register'}], 'lon': 8.71059513092041, 'num': 61, 'objectclass': '', 'origin': 'address', 'rank': 7, 'x': 8.71059513092041, 'y': 47.48823165893555, 'zoomlevel': 10}, 'id': 2485907, 'weight': 1}","Klosterstrasse 61, 8406 Winterthur"
84,success,Geocoding successful.,47.51962661743164,8.69391918182373,Riedhofstrasse 101 <b>8408 Winterthur</b>,201035871_0,"{'attrs': {'detail': 'riedhofstrasse 101 8408 winterthur 230 winterthur ch zh', 'featureId': '201035871_0', 'geom_quadindex': '030010032013213222321', 'geom_st_box2d': 'BOX(8.693906 47.519629,8.693906 47.519629)', 'label': 'Riedhofstrasse 101 <b>8408 Winterthur</b>', 'lat': 47.51962661743164, 'links': [{'href': '/rest/services/ech/MapServer/ch.swisstopo.amtliches-gebaeudeadressverzeichnis/101772502', 'rel': 'related', 'title': 'ch.swisstopo.amtliches-gebaeudeadressverzeichnis'}, {'href': '/rest/services/ech/MapServer/ch.bfs.gebaeude_wohnungs_register/201035871_0', 'rel': 'related', 'title': 'ch.bfs.gebaeude_wohnungs_register'}], 'lon': 8.69391918182373, 'num': 101, 'objectclass': '', 'origin': 'address', 'rank': 7, 'x': 8.69391918182373, 'y': 47.51962661743164, 'zoomlevel': 10}, 'id': 2059826, 'weight': 1}","Riedhofstrasse 101, 8408 Winterthur"
85,success,Geocoding successful.,47.497581481933594,8.7512845993042,Scheideggstrasse 46 <b>8404 Winterthur</b>,210196411_0,"{'attrs': {'detail': 'scheideggstrasse 46 8404 winterthur 230 winterthur ch zh', 'featureId': '210196411_0', 'geom_quadindex': '030010300123333113303', 'geom_st_box2d': 'BOX(8.751273 47.497583,8.751273 47.497583)', 'label': 'Scheideggstrasse 46 <b>8404 Winterthur</b>', 'lat': 47.497581481933594, 'links': [{'href': '/rest/services/ech/MapServer/ch.swisstopo.amtliches-gebaeudeadressverzeichnis/101866181', 'rel': 'related', 'title': 'ch.swisstopo.amtliches-gebaeudeadressverzeichnis'}, {'href': '/rest/services/ech/MapServer/ch.bfs.gebaeude_wohnungs_register/210196411_0', 'rel': 'related', 'title': 'ch.bfs.gebaeude_wohnungs_register'}], 'lon': 8.7512845993042, 'num': 46, 'objectclass': '', 'origin': 'address', 'rank': 7, 'x': 8.7512845993042, 'y': 47.497581481933594, 'zoomlevel': 10}, 'id': 2640624, 'weight': 1}","Scheideggstrasse 46, 8404 Winterthur"
86,success,Geocoding successful.,47.49760437011719,8.75143051147461,Scheideggstrasse 44 <b>8404 Winterthur</b>,210202656_0,"{'attrs': {'detail': 'scheideggstrasse 44 8404 winterthur 230 winterthur ch zh', 'featureId': '210202656_0', 'geom_quadindex': '030010300132222010323', 'geom_st_box2d': 'BOX(8.751419 47.497606,8.751419 47.497606)', 'label': 'Scheideggstrasse 44 <b>8404 Winterthur</b>', 'lat': 47.49760437011719, 'links': [{'href': '/rest/services/ech/MapServer/ch.swisstopo.amtliches-gebaeudeadressverzeichnis/100795631', 'rel': 'related', 'title': 'ch.swisstopo.amtliches-gebaeudeadressverzeichnis'}, {'href': '/rest/services/ech/MapServer/ch.bfs.gebaeude_wohnungs_register/210202656_0', 'rel': 'related', 'title': 'ch.bfs.gebaeude_wohnungs_register'}], 'lon': 8.75143051147461, 'num': 44, 'objectclass': '', 'origin': 'address', 'rank': 7, 'x': 8.75143051147461, 'y': 47.49760437011719, 'zoomlevel': 10}, 'id': 2782113, 'weight': 1}","Scheideggstrasse 44, 8404 Winterthur"
87,success,Geocoding successful.,47.49775695800781,8.75335693359375,Scheideggstrasse 54 <b>8404 Winterthur</b>,201041580_0,"{'attrs': {'detail': 'scheideggstrasse 54 8404 winterthur 230 winterthur ch zh', 'featureId': '201041580_0', 'geom_quadindex': '030010300132321032203', 'geom_st_box2d': 'BOX(8.753345 47.497758,8.753345 47.497758)', 'label': 'Scheideggstrasse 54 <b>8404 Winterthur</b>', 'lat': 47.49775695800781, 'links': [{'href': '/rest/services/ech/MapServer/ch.swisstopo.amtliches-gebaeudeadressverzeichnis/101769063', 'rel': 'related', 'title': 'ch.swisstopo.amtliches-gebaeudeadressverzeichnis'}, {'href': '/rest/services/ech/MapServer/ch.bfs.gebaeude_wohnungs_register/201041580_0', 'rel': 'related', 'title': 'ch.bfs.gebaeude_wohnungs_register'}], 'lon': 8.75335693359375, 'num': 54, 'objectclass': '', 'origin': 'address', 'rank': 7, 'x': 8.75335693359375, 'y': 47.49775695800781, 'zoomlevel': 10}, 'id': 2257670, 'weight': 1}","Scheideggstrasse 54, 8404 Winterthur"
88,success,Geocoding successful.,47.49533462524414,8.73697566986084,Tösstalstrasse 56 <b>8400 Winterthur</b>,210200097_0,"{'attrs': {'detail': 'toesstalstrasse 56 8400 winterthur 230 winterthur ch zh', 'featureId': '210200097_0', 'geom_quadindex': '030010300203011030230', 'geom_st_box2d': 'BOX(8.736963 47.495337,8.736963 47.495337)', 'label': 'Tösstalstrasse 56 <b>8400 Winterthur</b>', 'lat': 47.49533462524414, 'links': [{'href': '/rest/services/ech/MapServer/ch.swisstopo.amtliches-gebaeudeadressverzeichnis/101898791', 'rel': 'related', 'title': 'ch.swisstopo.amtliches-gebaeudeadressverzeichnis'}, {'href': '/rest/services/ech/MapServer/ch.bfs.gebaeude_wohnungs_register/210200097_0', 'rel': 'related', 'title': 'ch.bfs.gebaeude_wohnungs_register'}], 'lon': 8.73697566986084, 'num': 56, 'objectclass': '', 'origin': 'address', 'rank': 7, 'x': 8.73697566986084, 'y': 47.49533462524414, 'zoomlevel': 10}, 'id': 2007678, 'weight': 1}","Tösstalstrasse 56, 8400 Winterthur"
89,success,Geocoding successful.,47.49910354614258,8.723834991455078,Bahnhofplatz 2a <b>8400 Winterthur</b>,210202060_0,"{'attrs': {'detail': 'bahnhofplatz 2a 8400 winterthur 230 winterthur ch zh', 'featureId': '210202060_0', 'geom_quadindex': '030010211123021210221', 'geom_st_box2d': 'BOX(8.723823 47.499106,8.723823 47.499106)', 'label': 'Bahnhofplatz 2a <b>8400 Winterthur</b>', 'lat': 47.49910354614258, 'links': [{'href': '/rest/services/ech/MapServer/ch.swisstopo.amtliches-gebaeudeadressverzeichnis/101907925', 'rel': 'related', 'title': 'ch.swisstopo.amtliches-gebaeudeadressverzeichnis'}, {'href': '/rest/services/ech/MapServer/ch.bfs.gebaeude_wohnungs_register/210202060_0', 'rel': 'related', 'title': 'ch.bfs.gebaeude_wohnungs_register'}], 'lon': 8.723834991455078, 'num': 2, 'objectclass': '', 'origin': 'address', 'rank': 7, 'x': 8.723834991455078, 'y': 47.49910354614258, 'zoomlevel': 10}, 'id': 1968371, 'weight': 1}","Bahnhofplatz 2a, 8400 Winterthur"
90,success,Geocoding successful.,47.519020080566406,8.752851486206055,Binzhofstrasse 70 <b>8404 Winterthur</b>,210196650_0,"{'attrs': {'detail': 'binzhofstrasse 70 8404 winterthur 230 winterthur ch zh', 'featureId': '210196650_0', 'geom_quadindex': '030010122112212320131', 'geom_st_box2d': 'BOX(8.752839 47.519023,8.752839 47.519023)', 'label': 'Binzhofstrasse 70 <b>8404 Winterthur</b>', 'lat': 47.519020080566406, 'links': [{'href': '/rest/services/ech/MapServer/ch.swisstopo.amtliches-gebaeudeadressverzeichnis/101860034', 'rel': 'related', 'title': 'ch.swisstopo.amtliches-gebaeudeadressverzeichnis'}, {'href': '/rest/services/ech/MapServer/ch.bfs.gebaeude_wohnungs_register/210196650_0', 'rel': 'related', 'title': 'ch.bfs.gebaeude_wohnungs_register'}], 'lon': 8.752851486206055, 'num': 70, 'objectclass': '', 'origin': 'address', 'rank': 7, 'x': 8.752851486206055, 'y': 47.519020080566406, 'zoomlevel': 10}, 'id': 1962827, 'weight': 1}","Binzhofstrasse 70, 8404 Winterthur"
91,success,Geocoding successful.,47.52643585205078,8.768871307373047,Deponiestrasse 3 <b>8404 Winterthur</b>,210199647_0,"{'attrs': {'detail': 'deponiestrasse 3 8404 winterthur 230 winterthur ch zh', 'featureId': '210199647_0', 'geom_quadindex': '030010121231011232302', 'geom_st_box2d': 'BOX(8.768859 47.526439,8.768859 47.526439)', 'label': 'Deponiestrasse 3 <b>8404 Winterthur</b>', 'lat': 47.52643585205078, 'links': [{'href': '/rest/services/ech/MapServer/ch.swisstopo.amtliches-gebaeudeadressverzeichnis/101881918', 'rel': 'related', 'title': 'ch.swisstopo.amtliches-gebaeudeadressverzeichnis'}, {'href': '/rest/services/ech/MapServer/ch.bfs.gebaeude_wohnungs_register/210199647_0', 'rel': 'related', 'title': 'ch.bfs.gebaeude_wohnungs_register'}], 'lon': 8.768871307373047, 'num': 3, 'objectclass': '', 'origin': 'address', 'rank': 7, 'x': 8.768871307373047, 'y': 47.52643585205078, 'zoomlevel': 10}, 'id': 2310940, 'weight': 1}","Deponiestrasse 3, 8404 Winterthur"
92,success,Geocoding successful.,47.507320404052734,8.681464195251465,Espenstrasse 16 <b>8408 Winterthur</b>,201041570_0,"{'attrs': {'detail': 'espenstrasse 16 8408 winterthur 230 winterthur ch zh', 'featureId': '201041570_0', 'geom_quadindex': '030010023333213112033', 'geom_st_box2d': 'BOX(8.68145 47.507323,8.68145 47.507323)', 'label': 'Espenstrasse 16 <b>8408 Winterthur</b>', 'lat': 47.507320404052734, 'links': [{'href': '/rest/services/ech/MapServer/ch.swisstopo.amtliches-gebaeudeadressverzeichnis/101769056', 'rel': 'related', 'title': 'ch.swisstopo.amtliches-gebaeudeadressverzeichnis'}, {'href': '/rest/services/ech/MapServer/ch.bfs.gebaeude_wohnungs_register/201041570_0', 'rel': 'related', 'title': 'ch.bfs.gebaeude_wohnungs_register'}], 'lon': 8.681464195251465, 'num': 16, 'objectclass': '', 'origin': 'address', 'rank': 7, 'x': 8.681464195251465, 'y': 47.507320404052734, 'zoomlevel': 10}, 'id': 1998982, 'weight': 1}","Espenstrasse 16, 8408 Winterthur"
93,success,Geocoding successful.,47.51837921142578,8.753586769104004,Ruchwiesenstrasse 1 <b>8404 Winterthur</b>,210195776_0,"{'attrs': {'detail': 'ruchwiesenstrasse 1 8404 winterthur 230 winterthur ch zh', 'featureId': '210195776_0', 'geom_quadindex': '030010122130100102211', 'geom_st_box2d': 'BOX(8.753574 47.518381,8.753574 47.518381)', 'label': 'Ruchwiesenstrasse 1 <b>8404 Winterthur</b>', 'lat': 47.51837921142578, 'links': [{'href': '/rest/services/ech/MapServer/ch.swisstopo.amtliches-gebaeudeadressverzeichnis/101840082', 'rel': 'related', 'title': 'ch.swisstopo.amtliches-gebaeudeadressverzeichnis'}, {'href': '/rest/services/ech/MapServer/ch.bfs.gebaeude_wohnungs_register/210195776_0', 'rel': 'related', 'title': 'ch.bfs.gebaeude_wohnungs_register'}], 'lon': 8.753586769104004, 'num': 1, 'objectclass': '', 'origin': 'address', 'rank': 7, 'x': 8.753586769104004, 'y': 47.51837921142578, 'zoomlevel': 10}, 'id': 2726714, 'weight': 1}","Ruchwiesenstrasse 1, 8404 Winterthur"
94,success,Geocoding successful.,47.512962341308594,8.758161544799805,Stadlerstrasse 56a <b>8404 Winterthur</b>,210198428_0,"{'attrs': {'detail': 'stadlerstrasse 56a 8404 winterthur 230 winterthur ch zh', 'featureId': '210198428_0', 'geom_quadindex': '030010123200200301032', 'geom_st_box2d': 'BOX(8.758149 47.512964,8.758149 47.512964)', 'label': 'Stadlerstrasse 56a <b>8404 Winterthur</b>', 'lat': 47.512962341308594, 'links': [{'href': '/rest/services/ech/MapServer/ch.swisstopo.amtliches-gebaeudeadressverzeichnis/101872005', 'rel': 'related', 'title': 'ch.swisstopo.amtliches-gebaeudeadressverzeichnis'}, {'href': '/rest/services/ech/MapServer/ch.bfs.gebaeude_wohnungs_register/210198428_0', 'rel': 'related', 'title': 'ch.bfs.gebaeude_wohnungs_register'}], 'lon': 8.758161544799805, 'num': 56, 'objectclass': '', 'origin': 'address', 'rank': 7, 'x': 8.758161544799805, 'y': 47.512962341308594, 'zoomlevel': 10}, 'id': 2802694, 'weight': 1}","Stadlerstrasse 56a, 8404 Winterthur"
95,success,Geocoding successful.,47.52009201049805,8.685236930847168,Taggenbergstrasse 80 <b>8408 Winterthur</b>,210196622_0,"{'attrs': {'detail': 'taggenbergstrasse 80 8408 winterthur 230 winterthur ch zh', 'featureId': '210196622_0', 'geom_quadindex': '030010032002300301311', 'geom_st_box2d': 'BOX(8.685224 47.520093,8.685224 47.520093)', 'label': 'Taggenbergstrasse 80 <b>8408 Winterthur</b>', 'lat': 47.52009201049805, 'links': [{'href': '/rest/services/ech/MapServer/ch.swisstopo.amtliches-gebaeudeadressverzeichnis/101848503', 'rel': 'related', 'title': 'ch.swisstopo.amtliches-gebaeudeadressverzeichnis'}, {'href': '/rest/services/ech/MapServer/ch.bfs.gebaeude_wohnungs_register/210196622_0', 'rel': 'related', 'title': 'ch.bfs.gebaeude_wohnungs_register'}], 'lon': 8.685236930847168, 'num': 80, 'objectclass': '', 'origin': 'address', 'rank': 7, 'x': 8.685236930847168, 'y': 47.52009201049805, 'zoomlevel': 10}, 'id': 2492945, 'weight': 1}","Taggenbergstrasse 80, 8408 Winterthur"
96,success,Geocoding successful.,47.49641799926758,8.732433319091797,Zeughausstrasse 68 <b>8400 Winterthur</b>,210183670_0,"{'attrs': {'detail': 'zeughausstrasse 68 8400 winterthur 230 winterthur ch zh', 'featureId': '210183670_0', 'geom_quadindex': '030010211311311122033', 'geom_st_box2d': 'BOX(8.732421 47.496421,8.732421 47.496421)', 'label': 'Zeughausstrasse 68 <b>8400 Winterthur</b>', 'lat': 47.49641799926758, 'links': [{'href': '/rest/services/ech/MapServer/ch.swisstopo.amtliches-gebaeudeadressverzeichnis/101796089', 'rel': 'related', 'title': 'ch.swisstopo.amtliches-gebaeudeadressverzeichnis'}, {'href': '/rest/services/ech/MapServer/ch.bfs.gebaeude_wohnungs_register/210183670_0', 'rel': 'related', 'title': 'ch.bfs.gebaeude_wohnungs_register'}], 'lon': 8.732433319091797, 'num': 68, 'objectclass': '', 'origin': 'address', 'rank': 7, 'x': 8.732433319091797, 'y': 47.49641799926758, 'zoomlevel': 10}, 'id': 1907196, 'weight': 1}","Zeughausstrasse 68, 8400 Winterthur"
97,success,Geocoding successful.,47.49236297607422,8.713926315307617,Agnesstrasse 19 <b>8406 Winterthur</b>,210195574_0,"{'attrs': {'detail': 'agnesstrasse 19 8406 winterthur 230 winterthur ch zh', 'featureId': '210195574_0', 'geom_quadindex': '030010211230200201320', 'geom_st_box2d': 'BOX(8.713913 47.492364,8.713913 47.492364)', 'label': 'Agnesstrasse 19 <b>8406 Winterthur</b>', 'lat': 47.49236297607422, 'links': [{'href': '/rest/services/ech/MapServer/ch.swisstopo.amtliches-gebaeudeadressverzeichnis/101836051', 'rel': 'related', 'title': 'ch.swisstopo.amtliches-gebaeudeadressverzeichnis'}, {'href': '/rest/services/ech/MapServer/ch.bfs.gebaeude_wohnungs_register/210195574_0', 'rel': 'related', 'title': 'ch.bfs.gebaeude_wohnungs_register'}], 'lon': 8.713926315307617, 'num': 19, 'objectclass': '', 'origin': 'address', 'rank': 7, 'x': 8.713926315307617, 'y': 47.49236297607422, 'zoomlevel': 10}, 'id': 2607640, 'weight': 1}","Agnesstrasse 19, 8406 Winterthur"
98,success,Geocoding successful.,47.503273010253906,8.721170425415039,Alfred-Büchi-Weg 1 <b>8400 Winterthur</b>,210200051_0,"{'attrs': {'detail': 'alfred-buechi-weg 1 8400 winterthur 230 winterthur ch zh', 'featureId': '210200051_0', 'geom_quadindex': '030010211102030223003', 'geom_st_box2d': 'BOX(8.721157 47.503276,8.721157 47.503276)', 'label': 'Alfred-Büchi-Weg 1 <b>8400 Winterthur</b>', 'lat': 47.503273010253906, 'links': [{'href': '/rest/services/ech/MapServer/ch.swisstopo.amtliches-gebaeudeadressverzeichnis/101899103', 'rel': 'related', 'title': 'ch.swisstopo.amtliches-gebaeudeadressverzeichnis'}, {'href': '/rest/services/ech/MapServer/ch.bfs.gebaeude_wohnungs_register/210200051_0', 'rel': 'related', 'title': 'ch.bfs.gebaeude_wohnungs_register'}], 'lon': 8.721170425415039, 'num': 1, 'objectclass': '', 'origin': 'address', 'rank': 7, 'x': 8.721170425415039, 'y': 47.503273010253906, 'zoomlevel': 10}, 'id': 2580101, 'weight': 1}","Alfred-Büchi-Weg 1, 8400 Winterthur"
99,success,Geocoding successful.,47.514766693115234,8.760579109191895,Mooswiesenweg 44 <b>8404 Winterthur</b>,210187047_0,"{'attrs': {'detail': 'mooswiesenweg 44 8404 winterthur 230 winterthur ch zh', 'featureId': '210187047_0', 'geom_quadindex': '030010123022312310220', 'geom_st_box2d': 'BOX(8.760566 47.514769,8.760566 47.514769)', 'label': 'Mooswiesenweg 44 <b>8404 Winterthur</b>', 'lat': 47.514766693115234, 'links': [{'href': '/rest/services/ech/MapServer/ch.swisstopo.amtliches-gebaeudeadressverzeichnis/101808077', 'rel': 'related', 'title': 'ch.swisstopo.amtliches-gebaeudeadressverzeichnis'}, {'href': '/rest/services/ech/MapServer/ch.bfs.gebaeude_wohnungs_register/210187047_0', 'rel': 'related', 'title': 'ch.bfs.gebaeude_wohnungs_register'}], 'lon': 8.760579109191895, 'num': 44, 'objectclass': '', 'origin': 'address', 'rank': 7, 'x': 8.760579109191895, 'y': 47.514766693115234, 'zoomlevel': 10}, 'id': 2081339, 'weight': 1}","Mooswiesenweg 44, 8404 Winterthur"
100,success,Geocoding successful.,47.49748611450195,8.695493698120117,Schlachthofstrasse 34 <b>8406 Winterthur</b>,210184337_0,"{'attrs': {'detail': 'schlachthofstrasse 34 8406 winterthur 230 winterthur ch zh', 'featureId': '210184337_0', 'geom_quadindex': '030010210300002233132', 'geom_st_box2d': 'BOX(8.69548 47.497489,8.69548 47.497489)', 'label': 'Schlachthofstrasse 34 <b>8406 Winterthur</b>', 'lat': 47.49748611450195, 'links': [{'href': '/rest/services/ech/MapServer/ch.swisstopo.amtliches-gebaeudeadressverzeichnis/101781982', 'rel': 'related', 'title': 'ch.swisstopo.amtliches-gebaeudeadressverzeichnis'}, {'href': '/rest/services/ech/MapServer/ch.bfs.gebaeude_wohnungs_register/210184337_0', 'rel': 'related', 'title': 'ch.bfs.gebaeude_wohnungs_register'}], 'lon': 8.695493698120117, 'num': 34, 'objectclass': '', 'origin': 'address', 'rank': 7, 'x': 8.695493698120117, 'y': 47.49748611450195, 'zoomlevel': 10}, 'id': 2359224, 'weight': 1}","Schlachthofstrasse 34, 8406 Winterthur"
101,success,Geocoding successful.,47.4991455078125,8.754287719726562,Sulzerallee 6a <b>8404 Winterthur</b>,210195884_0,"{'attrs': {'detail': 'sulzerallee 6a 8404 winterthur 230 winterthur ch zh', 'featureId': '210195884_0', 'geom_quadindex': '030010300132113102102', 'geom_st_box2d': 'BOX(8.754275 47.499149,8.754275 47.499149)', 'label': 'Sulzerallee 6a <b>8404 Winterthur</b>', 'lat': 47.4991455078125, 'links': [{'href': '/rest/services/ech/MapServer/ch.swisstopo.amtliches-gebaeudeadressverzeichnis/101841620', 'rel': 'related', 'title': 'ch.swisstopo.amtliches-gebaeudeadressverzeichnis'}, {'href': '/rest/services/ech/MapServer/ch.bfs.gebaeude_wohnungs_register/210195884_0', 'rel': 'related', 'title': 'ch.bfs.gebaeude_wohnungs_register'}], 'lon': 8.754287719726562, 'num': 6, 'objectclass': '', 'origin': 'address', 'rank': 7, 'x': 8.754287719726562, 'y': 47.4991455078125, 'zoomlevel': 10}, 'id': 2117787, 'weight': 1}","Sulzerallee 6a, 8404 Winterthur"
102,success,Geocoding successful.,47.51323318481445,8.711496353149414,Wolfensbergstrasse 84 <b>8400 Winterthur</b>,210188768_0,"{'attrs': {'detail': 'wolfensbergstrasse 84 8400 winterthur 230 winterthur ch zh', 'featureId': '210188768_0', 'geom_quadindex': '030010033201202301010', 'geom_st_box2d': 'BOX(8.711483 47.513234,8.711483 47.513234)', 'label': 'Wolfensbergstrasse 84 <b>8400 Winterthur</b>', 'lat': 47.51323318481445, 'links': [{'href': '/rest/services/ech/MapServer/ch.swisstopo.amtliches-gebaeudeadressverzeichnis/101823630', 'rel': 'related', 'title': 'ch.swisstopo.amtliches-gebaeudeadressverzeichnis'}, {'href': '/rest/services/ech/MapServer/ch.bfs.gebaeude_wohnungs_register/210188768_0', 'rel': 'related', 'title': 'ch.bfs.gebaeude_wohnungs_register'}], 'lon': 8.711496353149414, 'num': 84, 'objectclass': '', 'origin': 'address', 'rank': 7, 'x': 8.711496353149414, 'y': 47.51323318481445, 'zoomlevel': 10}, 'id': 2106266, 'weight': 1}","Wolfensbergstrasse 84, 8400 Winterthur"
103,success,Geocoding successful.,47.4587287902832,8.707104682922363,Zürcherstrasse 390 <b>8310 Kemptthal</b>,210196496_0,"{'attrs': {'detail': 'zuercherstrasse 390 8310 kemptthal 230 winterthur ch zh', 'featureId': '210196496_0', 'geom_quadindex': '030010231220200301112', 'geom_st_box2d': 'BOX(8.707092 47.45873,8.707092 47.45873)', 'label': 'Zürcherstrasse 390 <b>8310 Kemptthal</b>', 'lat': 47.4587287902832, 'links': [{'href': '/rest/services/ech/MapServer/ch.swisstopo.amtliches-gebaeudeadressverzeichnis/101849984', 'rel': 'related', 'title': 'ch.swisstopo.amtliches-gebaeudeadressverzeichnis'}, {'href': '/rest/services/ech/MapServer/ch.bfs.gebaeude_wohnungs_register/210196496_0', 'rel': 'related', 'title': 'ch.bfs.gebaeude_wohnungs_register'}], 'lon': 8.707104682922363, 'num': 390, 'objectclass': '', 'origin': 'address', 'rank': 7, 'x': 8.707104682922363, 'y': 47.4587287902832, 'zoomlevel': 10}, 'id': 2004856, 'weight': 1}","Zürcherstrasse 390, 8310 Kemptthal"
104,success,Geocoding successful.,47.48276901245117,8.704548835754395,Auwiesenstrasse 49 <b>8406 Winterthur</b>,201028650_0,"{'attrs': {'detail': 'auwiesenstrasse 49 8406 winterthur 230 winterthur ch zh', 'featureId': '201028650_0', 'geom_quadindex': '030010212133002123012', 'geom_st_box2d': 'BOX(8.704536 47.48277,8.704536 47.48277)', 'label': 'Auwiesenstrasse 49 <b>8406 Winterthur</b>', 'lat': 47.48276901245117, 'links': [{'href': '/rest/services/ech/MapServer/ch.swisstopo.amtliches-gebaeudeadressverzeichnis/101637710', 'rel': 'related', 'title': 'ch.swisstopo.amtliches-gebaeudeadressverzeichnis'}, {'href': '/rest/services/ech/MapServer/ch.bfs.gebaeude_wohnungs_register/201028650_0', 'rel': 'related', 'title': 'ch.bfs.gebaeude_wohnungs_register'}], 'lon': 8.704548835754395, 'num': 49, 'objectclass': '', 'origin': 'address', 'rank': 7, 'x': 8.704548835754395, 'y': 47.48276901245117, 'zoomlevel': 10}, 'id': 2850083, 'weight': 1}","Auwiesenstrasse 49, 8406 Winterthur"
105,success,Geocoding successful.,47.507442474365234,8.681061744689941,Espenstrasse 18 <b>8408 Winterthur</b>,210183499_0,"{'attrs': {'detail': 'espenstrasse 18 8408 winterthur 230 winterthur ch zh', 'featureId': '210183499_0', 'geom_quadindex': '030010023333210312223', 'geom_st_box2d': 'BOX(8.681049 47.507444,8.681049 47.507444)', 'label': 'Espenstrasse 18 <b>8408 Winterthur</b>', 'lat': 47.507442474365234, 'links': [{'href': '/rest/services/ech/MapServer/ch.swisstopo.amtliches-gebaeudeadressverzeichnis/101805756', 'rel': 'related', 'title': 'ch.swisstopo.amtliches-gebaeudeadressverzeichnis'}, {'href': '/rest/services/ech/MapServer/ch.bfs.gebaeude_wohnungs_register/210183499_0', 'rel': 'related', 'title': 'ch.bfs.gebaeude_wohnungs_register'}], 'lon': 8.681061744689941, 'num': 18, 'objectclass': '', 'origin': 'address', 'rank': 7, 'x': 8.681061744689941, 'y': 47.507442474365234, 'zoomlevel': 10}, 'id': 1940754, 'weight': 1}","Espenstrasse 18, 8408 Winterthur"
106,success,Geocoding successful.,47.496158599853516,8.711918830871582,Schlosshofstrasse 4 <b>8400 Winterthur</b>,210181864_0,"{'attrs': {'detail': 'schlosshofstrasse 4 8400 winterthur 230 winterthur ch zh', 'featureId': '210181864_0', 'geom_quadindex': '030010211201230130031', 'geom_st_box2d': 'BOX(8.711906 47.496159,8.711906 47.496159)', 'label': 'Schlosshofstrasse 4 <b>8400 Winterthur</b>', 'lat': 47.496158599853516, 'links': [{'href': '/rest/services/ech/MapServer/ch.swisstopo.amtliches-gebaeudeadressverzeichnis/101788671', 'rel': 'related', 'title': 'ch.swisstopo.amtliches-gebaeudeadressverzeichnis'}, {'href': '/rest/services/ech/MapServer/ch.bfs.gebaeude_wohnungs_register/210181864_0', 'rel': 'related', 'title': 'ch.bfs.gebaeude_wohnungs_register'}], 'lon': 8.711918830871582, 'num': 4, 'objectclass': '', 'origin': 'address', 'rank': 7, 'x': 8.711918830871582, 'y': 47.496158599853516, 'zoomlevel': 10}, 'id': 1936858, 'weight': 1}","Schlosshofstrasse 4, 8400 Winterthur"
107,success,Geocoding successful.,47.486305236816406,8.754212379455566,Heinrich-Bosshard-Strasse 10 <b>8400 Winterthur</b>,210183228_0,"{'attrs': {'detail': 'heinrich-bosshard-strasse 10 8400 winterthur 230 winterthur ch zh', 'featureId': '210183228_0', 'geom_quadindex': '030010302113002223100', 'geom_st_box2d': 'BOX(8.754201 47.486306,8.754201 47.486306)', 'label': 'Heinrich-Bosshard-Strasse 10 <b>8400 Winterthur</b>', 'lat': 47.486305236816406, 'links': [{'href': '/rest/services/ech/MapServer/ch.swisstopo.amtliches-gebaeudeadressverzeichnis/101803555', 'rel': 'related', 'title': 'ch.swisstopo.amtliches-gebaeudeadressverzeichnis'}, {'href': '/rest/services/ech/MapServer/ch.bfs.gebaeude_wohnungs_register/210183228_0', 'rel': 'related', 'title': 'ch.bfs.gebaeude_wohnungs_register'}], 'lon': 8.754212379455566, 'num': 10, 'objectclass': '', 'origin': 'address', 'rank': 7, 'x': 8.754212379455566, 'y': 47.486305236816406, 'zoomlevel': 10}, 'id': 2798296, 'weight': 1}","Heinrich-Bosshard-Strasse 10, 8400 Winterthur"
108,success,Geocoding successful.,47.50783920288086,8.764015197753906,Hobelwerkweg 8d <b>8404 Winterthur</b>,201041576_0,"{'attrs': {'detail': 'hobelwerkweg 8d 8404 winterthur 230 winterthur ch zh', 'featureId': '201041576_0', 'geom_quadindex': '030010123230222202232', 'geom_st_box2d': 'BOX(8.764003 47.507841,8.764003 47.507841)', 'label': 'Hobelwerkweg 8d <b>8404 Winterthur</b>', 'lat': 47.50783920288086, 'links': [{'href': '/rest/services/ech/MapServer/ch.swisstopo.amtliches-gebaeudeadressverzeichnis/101769060', 'rel': 'related', 'title': 'ch.swisstopo.amtliches-gebaeudeadressverzeichnis'}, {'href': '/rest/services/ech/MapServer/ch.bfs.gebaeude_wohnungs_register/201041576_0', 'rel': 'related', 'title': 'ch.bfs.gebaeude_wohnungs_register'}], 'lon': 8.764015197753906, 'num': 8, 'objectclass': '', 'origin': 'address', 'rank': 7, 'x': 8.764015197753906, 'y': 47.50783920288086, 'zoomlevel': 10}, 'id': 1956779, 'weight': 1}","Hobelwerkweg 8d, 8404 Winterthur"
109,success,Geocoding successful.,47.466835021972656,8.778887748718262,Weierstrasse 95 <b>8405 Winterthur</b>,201034299_0,"{'attrs': {'detail': 'weierstrasse 95 8405 winterthur 230 winterthur ch zh', 'featureId': '201034299_0', 'geom_quadindex': '030010321131020313033', 'geom_st_box2d': 'BOX(8.778876 47.466838,8.778876 47.466838)', 'label': 'Weierstrasse 95 <b>8405 Winterthur</b>', 'lat': 47.466835021972656, 'links': [{'href': '/rest/services/ech/MapServer/ch.swisstopo.amtliches-gebaeudeadressverzeichnis/101769783', 'rel': 'related', 'title': 'ch.swisstopo.amtliches-gebaeudeadressverzeichnis'}, {'href': '/rest/services/ech/MapServer/ch.bfs.gebaeude_wohnungs_register/201034299_0', 'rel': 'related', 'title': 'ch.bfs.gebaeude_wohnungs_register'}], 'lon': 8.778887748718262, 'num': 95, 'objectclass': '', 'origin': 'address', 'rank': 7, 'x': 8.778887748718262, 'y': 47.466835021972656, 'zoomlevel': 10}, 'id': 2577810, 'weight': 1}","Weierstrasse 95, 8405 Winterthur"
110,success,Geocoding successful.,47.50391387939453,8.677656173706055,Wieshofstrasse 146 <b>8408 Winterthur</b>,201041606_0,"{'attrs': {'detail': 'wieshofstrasse 146 8408 winterthur 230 winterthur ch zh', 'featureId': '201041606_0', 'geom_quadindex': '030010201112030021110', 'geom_st_box2d': 'BOX(8.677643 47.503916,8.677643 47.503916)', 'label': 'Wieshofstrasse 146 <b>8408 Winterthur</b>', 'lat': 47.50391387939453, 'links': [{'href': '/rest/services/ech/MapServer/ch.swisstopo.amtliches-gebaeudeadressverzeichnis/101769230', 'rel': 'related', 'title': 'ch.swisstopo.amtliches-gebaeudeadressverzeichnis'}, {'href': '/rest/services/ech/MapServer/ch.bfs.gebaeude_wohnungs_register/201041606_0', 'rel': 'related', 'title': 'ch.bfs.gebaeude_wohnungs_register'}], 'lon': 8.677656173706055, 'num': 146, 'objectclass': '', 'origin': 'address', 'rank': 7, 'x': 8.677656173706055, 'y': 47.50391387939453, 'zoomlevel': 10}, 'id': 2389232, 'weight': 1}","Wieshofstrasse 146, 8408 Winterthur"
111,success,Geocoding successful.,47.51924514770508,8.721936225891113,Seuzacherstrasse 38 <b>8400 Winterthur</b>,201035226_0,"{'attrs': {'detail': 'seuzacherstrasse 38 8400 winterthur 230 winterthur ch zh', 'featureId': '201035226_0', 'geom_quadindex': '030010033102231021000', 'geom_st_box2d': 'BOX(8.721923 47.519246,8.721923 47.519246)', 'label': 'Seuzacherstrasse 38 <b>8400 Winterthur</b>', 'lat': 47.51924514770508, 'links': [{'href': '/rest/services/ech/MapServer/ch.swisstopo.amtliches-gebaeudeadressverzeichnis/101688343', 'rel': 'related', 'title': 'ch.swisstopo.amtliches-gebaeudeadressverzeichnis'}, {'href': '/rest/services/ech/MapServer/ch.bfs.gebaeude_wohnungs_register/201035226_0', 'rel': 'related', 'title': 'ch.bfs.gebaeude_wohnungs_register'}], 'lon': 8.721936225891113, 'num': 38, 'objectclass': '', 'origin': 'address', 'rank': 7, 'x': 8.721936225891113, 'y': 47.51924514770508, 'zoomlevel': 10}, 'id': 2590119, 'weight': 1}","Seuzacherstrasse 38, 8400 Winterthur"
112,success,Geocoding successful.,47.492923736572266,8.712905883789062,Agnesstrasse 25 <b>8406 Winterthur</b>,201031973_0,"{'attrs': {'detail': 'agnesstrasse 25 8406 winterthur 230 winterthur ch zh', 'featureId': '201031973_0', 'geom_quadindex': '030010211221121300012', 'geom_st_box2d': 'BOX(8.712893 47.492925,8.712893 47.492925)', 'label': 'Agnesstrasse 25 <b>8406 Winterthur</b>', 'lat': 47.492923736572266, 'links': [{'href': '/rest/services/ech/MapServer/ch.swisstopo.amtliches-gebaeudeadressverzeichnis/101766962', 'rel': 'related', 'title': 'ch.swisstopo.amtliches-gebaeudeadressverzeichnis'}, {'href': '/rest/services/ech/MapServer/ch.bfs.gebaeude_wohnungs_register/201031973_0', 'rel': 'related', 'title': 'ch.bfs.gebaeude_wohnungs_register'}], 'lon': 8.712905883789062, 'num': 25, 'objectclass': '', 'origin': 'address', 'rank': 7, 'x': 8.712905883789062, 'y': 47.492923736572266, 'zoomlevel': 10}, 'id': 1985093, 'weight': 1}","Agnesstrasse 25, 8406 Winterthur"
113,success,Geocoding successful.,47.494964599609375,8.763764381408691,Harzachstrasse 2c <b>8404 Winterthur</b>,201036423_0,"{'attrs': {'detail': 'harzachstrasse 2c 8404 winterthur 230 winterthur ch zh', 'featureId': '201036423_0', 'geom_quadindex': '030010301212000201323', 'geom_st_box2d': 'BOX(8.763753 47.494965,8.763753 47.494965)', 'label': 'Harzachstrasse 2c <b>8404 Winterthur</b>', 'lat': 47.494964599609375, 'links': [{'href': '/rest/services/ech/MapServer/ch.swisstopo.amtliches-gebaeudeadressverzeichnis/101773660', 'rel': 'related', 'title': 'ch.swisstopo.amtliches-gebaeudeadressverzeichnis'}, {'href': '/rest/services/ech/MapServer/ch.bfs.gebaeude_wohnungs_register/201036423_0', 'rel': 'related', 'title': 'ch.bfs.gebaeude_wohnungs_register'}], 'lon': 8.763764381408691, 'num': 2, 'objectclass': '', 'origin': 'address', 'rank': 7, 'x': 8.763764381408691, 'y': 47.494964599609375, 'zoomlevel': 10}, 'id': 2886446, 'weight': 1}","Harzachstrasse 2c, 8404 Winterthur"
114,success,Geocoding successful.,47.46604919433594,8.758841514587402,Hermann-Bühler-Strasse 1 <b>8482 Sennhof (Winterthur)</b>,201032259_0,"{'attrs': {'detail': 'hermann-buehler-strasse 1 8482 sennhof _winterthur_ 230 winterthur ch zh', 'featureId': '201032259_0', 'geom_quadindex': '030010321020321211021', 'geom_st_box2d': 'BOX(8.75883 47.46605,8.75883 47.46605)', 'label': 'Hermann-Bühler-Strasse 1 <b>8482 Sennhof (Winterthur)</b>', 'lat': 47.46604919433594, 'links': [{'href': '/rest/services/ech/MapServer/ch.swisstopo.amtliches-gebaeudeadressverzeichnis/101675788', 'rel': 'related', 'title': 'ch.swisstopo.amtliches-gebaeudeadressverzeichnis'}, {'href': '/rest/services/ech/MapServer/ch.bfs.gebaeude_wohnungs_register/201032259_0', 'rel': 'related', 'title': 'ch.bfs.gebaeude_wohnungs_register'}], 'lon': 8.758841514587402, 'num': 1, 'objectclass': '', 'origin': 'address', 'rank': 7, 'x': 8.758841514587402, 'y': 47.46604919433594, 'zoomlevel': 10}, 'id': 2448857, 'weight': 1}","Hermann-Bühler-Strasse 1, 8482 Sennhof"
115,success,Geocoding successful.,47.47687530517578,8.723893165588379,Hintere Finsteristrasse 5 <b>8400 Winterthur</b>,210182823_0,"{'attrs': {'detail': 'hintere finsteristrasse 5 8400 winterthur 230 winterthur ch zh', 'featureId': '210182823_0', 'geom_quadindex': '030010213303230332213', 'geom_st_box2d': 'BOX(8.723881 47.476876,8.723881 47.476876)', 'label': 'Hintere Finsteristrasse 5 <b>8400 Winterthur</b>', 'lat': 47.47687530517578, 'links': [{'href': '/rest/services/ech/MapServer/ch.swisstopo.amtliches-gebaeudeadressverzeichnis/101801731', 'rel': 'related', 'title': 'ch.swisstopo.amtliches-gebaeudeadressverzeichnis'}, {'href': '/rest/services/ech/MapServer/ch.bfs.gebaeude_wohnungs_register/210182823_0', 'rel': 'related', 'title': 'ch.bfs.gebaeude_wohnungs_register'}], 'lon': 8.723893165588379, 'num': 5, 'objectclass': '', 'origin': 'address', 'rank': 7, 'x': 8.723893165588379, 'y': 47.47687530517578, 'zoomlevel': 10}, 'id': 2366914, 'weight': 1}","Hintere Finsteristrasse 5, 8400 Winterthur"
116,success,Geocoding successful.,47.50875473022461,8.719494819641113,Löwenstrasse 7a <b>8400 Winterthur</b>,201033611_0,"{'attrs': {'detail': 'loewenstrasse 7a 8400 winterthur 230 winterthur ch zh', 'featureId': '201033611_0', 'geom_quadindex': '030010033231321102022', 'geom_st_box2d': 'BOX(8.719482 47.508755,8.719482 47.508755)', 'label': 'Löwenstrasse 7a <b>8400 Winterthur</b>', 'lat': 47.50875473022461, 'links': [{'href': '/rest/services/ech/MapServer/ch.swisstopo.amtliches-gebaeudeadressverzeichnis/101670546', 'rel': 'related', 'title': 'ch.swisstopo.amtliches-gebaeudeadressverzeichnis'}, {'href': '/rest/services/ech/MapServer/ch.bfs.gebaeude_wohnungs_register/201033611_0', 'rel': 'related', 'title': 'ch.bfs.gebaeude_wohnungs_register'}], 'lon': 8.719494819641113, 'num': 7, 'objectclass': '', 'origin': 'address', 'rank': 7, 'x': 8.719494819641113, 'y': 47.50875473022461, 'zoomlevel': 10}, 'id': 2549526, 'weight': 1}","Löwenstrasse 7a, 8400 Winterthur"
117,success,Geocoding successful.,47.492088317871094,8.705184936523438,Schillerstrasse 10 <b>8406 Winterthur</b>,201022387_0,"{'attrs': {'detail': 'schillerstrasse 10 8406 winterthur 230 winterthur ch zh', 'featureId': '201022387_0', 'geom_quadindex': '030010210331221101111', 'geom_st_box2d': 'BOX(8.705172 47.49209,8.705172 47.49209)', 'label': 'Schillerstrasse 10 <b>8406 Winterthur</b>', 'lat': 47.492088317871094, 'links': [{'href': '/rest/services/ech/MapServer/ch.swisstopo.amtliches-gebaeudeadressverzeichnis/101482973', 'rel': 'related', 'title': 'ch.swisstopo.amtliches-gebaeudeadressverzeichnis'}, {'href': '/rest/services/ech/MapServer/ch.bfs.gebaeude_wohnungs_register/201022387_0', 'rel': 'related', 'title': 'ch.bfs.gebaeude_wohnungs_register'}], 'lon': 8.705184936523438, 'num': 10, 'objectclass': '', 'origin': 'address', 'rank': 7, 'x': 8.705184936523438, 'y': 47.492088317871094, 'zoomlevel': 10}, 'id': 2808181, 'weight': 1}","Schillerstrasse 10, 8406 Winterthur"
118,success,Geocoding successful.,47.491939544677734,8.705405235290527,Schillerstrasse 8 <b>8406 Winterthur</b>,201022417_0,"{'attrs': {'detail': 'schillerstrasse 8 8406 winterthur 230 winterthur ch zh', 'featureId': '201022417_0', 'geom_quadindex': '030010210331230210300', 'geom_st_box2d': 'BOX(8.705393 47.491941,8.705393 47.491941)', 'label': 'Schillerstrasse 8 <b>8406 Winterthur</b>', 'lat': 47.491939544677734, 'links': [{'href': '/rest/services/ech/MapServer/ch.swisstopo.amtliches-gebaeudeadressverzeichnis/101480931', 'rel': 'related', 'title': 'ch.swisstopo.amtliches-gebaeudeadressverzeichnis'}, {'href': '/rest/services/ech/MapServer/ch.bfs.gebaeude_wohnungs_register/201022417_0', 'rel': 'related', 'title': 'ch.bfs.gebaeude_wohnungs_register'}], 'lon': 8.705405235290527, 'num': 8, 'objectclass': '', 'origin': 'address', 'rank': 7, 'x': 8.705405235290527, 'y': 47.491939544677734, 'zoomlevel': 10}, 'id': 2211940, 'weight': 1}","Schillerstrasse 8, 8406 Winterthur"
119,success,Geocoding successful.,47.5195426940918,8.713156700134277,Pfadiheimweg 100 <b>8400 Winterthur</b>,201031968_0,"{'attrs': {'detail': 'pfadiheimweg 100 8400 winterthur 230 winterthur ch zh', 'featureId': '201031968_0', 'geom_quadindex': '030010033003302122232', 'geom_st_box2d': 'BOX(8.713144 47.519545,8.713144 47.519545)', 'label': 'Pfadiheimweg 100 <b>8400 Winterthur</b>', 'lat': 47.5195426940918, 'links': [{'href': '/rest/services/ech/MapServer/ch.swisstopo.amtliches-gebaeudeadressverzeichnis/101673223', 'rel': 'related', 'title': 'ch.swisstopo.amtliches-gebaeudeadressverzeichnis'}, {'href': '/rest/services/ech/MapServer/ch.bfs.gebaeude_wohnungs_register/201031968_0', 'rel': 'related', 'title': 'ch.bfs.gebaeude_wohnungs_register'}], 'lon': 8.713156700134277, 'num': 100, 'objectclass': '', 'origin': 'address', 'rank': 7, 'x': 8.713156700134277, 'y': 47.5195426940918, 'zoomlevel': 10}, 'id': 2804440, 'weight': 1}","Pfadiheimweg 100, 8400 Winterthur"
120,success,Geocoding successful.,47.502899169921875,8.723188400268555,Eichgutstrasse 15 <b>8400 Winterthur</b>,201022465_0,"{'attrs': {'detail': 'eichgutstrasse 15 8400 winterthur 230 winterthur ch zh', 'featureId': '201022465_0', 'geom_quadindex': '030010211102311012333', 'geom_st_box2d': 'BOX(8.723176 47.5029,8.723176 47.5029)', 'label': 'Eichgutstrasse 15 <b>8400 Winterthur</b>', 'lat': 47.502899169921875, 'links': [{'href': '/rest/services/ech/MapServer/ch.swisstopo.amtliches-gebaeudeadressverzeichnis/101446504', 'rel': 'related', 'title': 'ch.swisstopo.amtliches-gebaeudeadressverzeichnis'}, {'href': '/rest/services/ech/MapServer/ch.bfs.gebaeude_wohnungs_register/201022465_0', 'rel': 'related', 'title': 'ch.bfs.gebaeude_wohnungs_register'}], 'lon': 8.723188400268555, 'num': 15, 'objectclass': '', 'origin': 'address', 'rank': 7, 'x': 8.723188400268555, 'y': 47.502899169921875, 'zoomlevel': 10}, 'id': 2343106, 'weight': 1}","Eichgutstrasse 15, 8400 Winterthur"
121,success,Geocoding successful.,47.51338195800781,8.69093132019043,Holzlegistrasse 38 <b>8408 Winterthur</b>,201034738_0,"{'attrs': {'detail': 'holzlegistrasse 38 8408 winterthur 230 winterthur ch zh', 'featureId': '201034738_0', 'geom_quadindex': '030010032210213330032', 'geom_st_box2d': 'BOX(8.690918 47.513383,8.690918 47.513383)', 'label': 'Holzlegistrasse 38 <b>8408 Winterthur</b>', 'lat': 47.51338195800781, 'links': [{'href': '/rest/services/ech/MapServer/ch.swisstopo.amtliches-gebaeudeadressverzeichnis/101683632', 'rel': 'related', 'title': 'ch.swisstopo.amtliches-gebaeudeadressverzeichnis'}, {'href': '/rest/services/ech/MapServer/ch.bfs.gebaeude_wohnungs_register/201034738_0', 'rel': 'related', 'title': 'ch.bfs.gebaeude_wohnungs_register'}], 'lon': 8.69093132019043, 'num': 38, 'objectclass': '', 'origin': 'address', 'rank': 7, 'x': 8.69093132019043, 'y': 47.51338195800781, 'zoomlevel': 10}, 'id': 2529246, 'weight': 1}","Holzlegistrasse 38, 8408 Winterthur"
122,success,Geocoding successful.,47.498565673828125,8.763603210449219,Ohrbühlstrasse 2 <b>8404 Winterthur</b>,201036406_0,"{'attrs': {'detail': 'ohrbuehlstrasse 2 8404 winterthur 230 winterthur ch zh', 'featureId': '201036406_0', 'geom_quadindex': '030010301023131322300', 'geom_st_box2d': 'BOX(8.763591 47.498567,8.763591 47.498567)', 'label': 'Ohrbühlstrasse 2 <b>8404 Winterthur</b>', 'lat': 47.498565673828125, 'links': [{'href': '/rest/services/ech/MapServer/ch.swisstopo.amtliches-gebaeudeadressverzeichnis/101679890', 'rel': 'related', 'title': 'ch.swisstopo.amtliches-gebaeudeadressverzeichnis'}, {'href': '/rest/services/ech/MapServer/ch.bfs.gebaeude_wohnungs_register/201036406_0', 'rel': 'related', 'title': 'ch.bfs.gebaeude_wohnungs_register'}], 'lon': 8.763603210449219, 'num': 2, 'objectclass': '', 'origin': 'address', 'rank': 7, 'x': 8.763603210449219, 'y': 47.498565673828125, 'zoomlevel': 10}, 'id': 1908861, 'weight': 1}","Ohrbühlstrasse 2, 8404 Winterthur"
123,success,Geocoding successful.,47.466651916503906,8.777289390563965,Weierweid 4 <b>8405 Winterthur</b>,201034959_0,"{'attrs': {'detail': 'weierweid 4 8405 winterthur 230 winterthur ch zh', 'featureId': '201034959_0', 'geom_quadindex': '030010321130122132301', 'geom_st_box2d': 'BOX(8.777278 47.466654,8.777278 47.466654)', 'label': 'Weierweid 4 <b>8405 Winterthur</b>', 'lat': 47.466651916503906, 'links': [{'href': '/rest/services/ech/MapServer/ch.swisstopo.amtliches-gebaeudeadressverzeichnis/101685078', 'rel': 'related', 'title': 'ch.swisstopo.amtliches-gebaeudeadressverzeichnis'}, {'href': '/rest/services/ech/MapServer/ch.bfs.gebaeude_wohnungs_register/201034959_0', 'rel': 'related', 'title': 'ch.bfs.gebaeude_wohnungs_register'}], 'lon': 8.777289390563965, 'num': 4, 'objectclass': '', 'origin': 'address', 'rank': 7, 'x': 8.777289390563965, 'y': 47.466651916503906, 'zoomlevel': 10}, 'id': 2172759, 'weight': 1}","Weierweid 4, 8405 Winterthur"
124,success,Geocoding successful.,47.49550247192383,8.748046875,Grüzefeldstrasse 30 <b>8400 Winterthur</b>,210144918_0,"{'attrs': {'detail': 'gruezefeldstrasse 30 8400 winterthur 230 winterthur ch zh', 'featureId': '210144918_0', 'geom_quadindex': '030010300300333112222', 'geom_st_box2d': 'BOX(8.748035 47.495505,8.748035 47.495505)', 'label': 'Grüzefeldstrasse 30 <b>8400 Winterthur</b>', 'lat': 47.49550247192383, 'links': [{'href': '/rest/services/ech/MapServer/ch.swisstopo.amtliches-gebaeudeadressverzeichnis/101383377', 'rel': 'related', 'title': 'ch.swisstopo.amtliches-gebaeudeadressverzeichnis'}, {'href': '/rest/services/ech/MapServer/ch.bfs.gebaeude_wohnungs_register/210144918_0', 'rel': 'related', 'title': 'ch.bfs.gebaeude_wohnungs_register'}], 'lon': 8.748046875, 'num': 30, 'objectclass': '', 'origin': 'address', 'rank': 7, 'x': 8.748046875, 'y': 47.49550247192383, 'zoomlevel': 10}, 'id': 2550630, 'weight': 1}","Grüzefeldstrasse 30, 8400 Winterthur"
125,success,Geocoding successful.,47.478633880615234,8.701286315917969,Hündlerstrasse 16 <b>8406 Winterthur</b>,201022370_0,"{'attrs': {'detail': 'huendlerstrasse 16 8406 winterthur 230 winterthur ch zh', 'featureId': '201022370_0', 'geom_quadindex': '030010212312002102230', 'geom_st_box2d': 'BOX(8.701274 47.478635,8.701274 47.478635)', 'label': 'Hündlerstrasse 16 <b>8406 Winterthur</b>', 'lat': 47.478633880615234, 'links': [{'href': '/rest/services/ech/MapServer/ch.swisstopo.amtliches-gebaeudeadressverzeichnis/101481613', 'rel': 'related', 'title': 'ch.swisstopo.amtliches-gebaeudeadressverzeichnis'}, {'href': '/rest/services/ech/MapServer/ch.bfs.gebaeude_wohnungs_register/201022370_0', 'rel': 'related', 'title': 'ch.bfs.gebaeude_wohnungs_register'}], 'lon': 8.701286315917969, 'num': 16, 'objectclass': '', 'origin': 'address', 'rank': 7, 'x': 8.701286315917969, 'y': 47.478633880615234, 'zoomlevel': 10}, 'id': 2116808, 'weight': 1}","Hündlerstrasse 16, 8406 Winterthur"
126,success,Geocoding successful.,47.478302001953125,8.701261520385742,Hündlerstrasse 14 <b>8406 Winterthur</b>,210148337_0,"{'attrs': {'detail': 'huendlerstrasse 14 8406 winterthur 230 winterthur ch zh', 'featureId': '210148337_0', 'geom_quadindex': '030010212312020033333', 'geom_st_box2d': 'BOX(8.701249 47.478304,8.701249 47.478304)', 'label': 'Hündlerstrasse 14 <b>8406 Winterthur</b>', 'lat': 47.478302001953125, 'links': [{'href': '/rest/services/ech/MapServer/ch.swisstopo.amtliches-gebaeudeadressverzeichnis/101531845', 'rel': 'related', 'title': 'ch.swisstopo.amtliches-gebaeudeadressverzeichnis'}, {'href': '/rest/services/ech/MapServer/ch.bfs.gebaeude_wohnungs_register/210148337_0', 'rel': 'related', 'title': 'ch.bfs.gebaeude_wohnungs_register'}], 'lon': 8.701261520385742, 'num': 14, 'objectclass': '', 'origin': 'address', 'rank': 7, 'x': 8.701261520385742, 'y': 47.478302001953125, 'zoomlevel': 10}, 'id': 2900193, 'weight': 1}","Hündlerstrasse 14, 8406 Winterthur"
127,success,Geocoding successful.,47.46682357788086,8.777576446533203,Weierweid 2 <b>8405 Winterthur</b>,201028639_0,"{'attrs': {'detail': 'weierweid 2 8405 winterthur 230 winterthur ch zh', 'featureId': '201028639_0', 'geom_quadindex': '030010321130121320031', 'geom_st_box2d': 'BOX(8.777565 47.466824,8.777565 47.466824)', 'label': 'Weierweid 2 <b>8405 Winterthur</b>', 'lat': 47.46682357788086, 'links': [{'href': '/rest/services/ech/MapServer/ch.swisstopo.amtliches-gebaeudeadressverzeichnis/101637700', 'rel': 'related', 'title': 'ch.swisstopo.amtliches-gebaeudeadressverzeichnis'}, {'href': '/rest/services/ech/MapServer/ch.bfs.gebaeude_wohnungs_register/201028639_0', 'rel': 'related', 'title': 'ch.bfs.gebaeude_wohnungs_register'}], 'lon': 8.777576446533203, 'num': 2, 'objectclass': '', 'origin': 'address', 'rank': 7, 'x': 8.777576446533203, 'y': 47.46682357788086, 'zoomlevel': 10}, 'id': 1928281, 'weight': 1}","Weierweid 2, 8405 Winterthur"
128,success,Geocoding successful.,47.5079345703125,8.714831352233887,Wiesenstrasse 16 <b>8400 Winterthur</b>,2324413_1,"{'attrs': {'detail': 'wiesenstrasse 16 8400 winterthur 230 winterthur ch zh', 'featureId': '2324413_1', 'geom_quadindex': '030010033232003122320', 'geom_st_box2d': 'BOX(8.714819 47.507938,8.714819 47.507938)', 'label': 'Wiesenstrasse 16 <b>8400 Winterthur</b>', 'lat': 47.5079345703125, 'links': [{'href': '/rest/services/ech/MapServer/ch.swisstopo.amtliches-gebaeudeadressverzeichnis/101492174', 'rel': 'related', 'title': 'ch.swisstopo.amtliches-gebaeudeadressverzeichnis'}, {'href': '/rest/services/ech/MapServer/ch.bfs.gebaeude_wohnungs_register/2324413_1', 'rel': 'related', 'title': 'ch.bfs.gebaeude_wohnungs_register'}], 'lon': 8.714831352233887, 'num': 16, 'objectclass': '', 'origin': 'address', 'rank': 7, 'x': 8.714831352233887, 'y': 47.5079345703125, 'zoomlevel': 10}, 'id': 2714309, 'weight': 1}","Wiesenstrasse 16, 8400 Winterthur"
129,success,Geocoding successful.,47.50809860229492,8.714882850646973,Wiesenstrasse 18 <b>8400 Winterthur</b>,2324413_0,"{'attrs': {'detail': 'wiesenstrasse 18 8400 winterthur 230 winterthur ch zh', 'featureId': '2324413_0', 'geom_quadindex': '030010033232001321320', 'geom_st_box2d': 'BOX(8.714869 47.5081,8.714869 47.5081)', 'label': 'Wiesenstrasse 18 <b>8400 Winterthur</b>', 'lat': 47.50809860229492, 'links': [{'href': '/rest/services/ech/MapServer/ch.swisstopo.amtliches-gebaeudeadressverzeichnis/101164848', 'rel': 'related', 'title': 'ch.swisstopo.amtliches-gebaeudeadressverzeichnis'}, {'href': '/rest/services/ech/MapServer/ch.bfs.gebaeude_wohnungs_register/2324413_0', 'rel': 'related', 'title': 'ch.bfs.gebaeude_wohnungs_register'}], 'lon': 8.714882850646973, 'num': 18, 'objectclass': '', 'origin': 'address', 'rank': 7, 'x': 8.714882850646973, 'y': 47.50809860229492, 'zoomlevel': 10}, 'id': 1940529, 'weight': 1}","Wiesenstrasse 18, 8400 Winterthur"
130,success,Geocoding successful.,47.50166702270508,8.714010238647461,Schützenwiesenweg 6 <b>8400 Winterthur</b>,9083693_0,"{'attrs': {'detail': 'schuetzenwiesenweg 6 8400 winterthur 230 winterthur ch zh', 'featureId': '9083693_0', 'geom_quadindex': '030010211021113130123', 'geom_st_box2d': 'BOX(8.713997 47.501668,8.713997 47.501668)', 'label': 'Schützenwiesenweg 6 <b>8400 Winterthur</b>', 'lat': 47.50166702270508, 'links': [{'href': '/rest/services/ech/MapServer/ch.swisstopo.amtliches-gebaeudeadressverzeichnis/101343430', 'rel': 'related', 'title': 'ch.swisstopo.amtliches-gebaeudeadressverzeichnis'}, {'href': '/rest/services/ech/MapServer/ch.bfs.gebaeude_wohnungs_register/9083693_0', 'rel': 'related', 'title': 'ch.bfs.gebaeude_wohnungs_register'}], 'lon': 8.714010238647461, 'num': 6, 'objectclass': '', 'origin': 'address', 'rank': 7, 'x': 8.714010238647461, 'y': 47.50166702270508, 'zoomlevel': 10}, 'id': 2553428, 'weight': 1}","Schützenwiesenweg 6, 8400 Winterthur"
131,success,Geocoding successful.,47.495262145996094,8.733051300048828,Zeughausstrasse 60 <b>8400 Winterthur</b>,9083742_0,"{'attrs': {'detail': 'zeughausstrasse 60 8400 winterthur 230 winterthur ch zh', 'featureId': '9083742_0', 'geom_quadindex': '030010300202001221121', 'geom_st_box2d': 'BOX(8.733039 47.495265,8.733039 47.495265)', 'label': 'Zeughausstrasse 60 <b>8400 Winterthur</b>', 'lat': 47.495262145996094, 'links': [{'href': '/rest/services/ech/MapServer/ch.swisstopo.amtliches-gebaeudeadressverzeichnis/101359416', 'rel': 'related', 'title': 'ch.swisstopo.amtliches-gebaeudeadressverzeichnis'}, {'href': '/rest/services/ech/MapServer/ch.bfs.gebaeude_wohnungs_register/9083742_0', 'rel': 'related', 'title': 'ch.bfs.gebaeude_wohnungs_register'}], 'lon': 8.733051300048828, 'num': 60, 'objectclass': '', 'origin': 'address', 'rank': 7, 'x': 8.733051300048828, 'y': 47.495262145996094, 'zoomlevel': 10}, 'id': 1962191, 'weight': 1}","Zeughausstrasse 60, 8400 Winterthur"
132,success,Geocoding successful.,47.47819519042969,8.72832202911377,Bruderhausstrasse 3b <b>8400 Winterthur</b>,201032884_0,"{'attrs': {'detail': 'bruderhausstrasse 3b 8400 winterthur 230 winterthur ch zh', 'featureId': '201032884_0', 'geom_quadindex': '030010213312112220111', 'geom_st_box2d': 'BOX(8.72831 47.478196,8.72831 47.478196)', 'label': 'Bruderhausstrasse 3b <b>8400 Winterthur</b>', 'lat': 47.47819519042969, 'links': [{'href': '/rest/services/ech/MapServer/ch.swisstopo.amtliches-gebaeudeadressverzeichnis/101683526', 'rel': 'related', 'title': 'ch.swisstopo.amtliches-gebaeudeadressverzeichnis'}, {'href': '/rest/services/ech/MapServer/ch.bfs.gebaeude_wohnungs_register/201032884_0', 'rel': 'related', 'title': 'ch.bfs.gebaeude_wohnungs_register'}], 'lon': 8.72832202911377, 'num': 3, 'objectclass': '', 'origin': 'address', 'rank': 7, 'x': 8.72832202911377, 'y': 47.47819519042969, 'zoomlevel': 10}, 'id': 2809376, 'weight': 1}","Bruderhausstrasse 3b, 8400 Winterthur"
133,success,Geocoding successful.,47.497615814208984,8.759652137756348,Industriestrasse 37 <b>8404 Winterthur</b>,201035702_0,"{'attrs': {'detail': 'industriestrasse 37 8404 winterthur 230 winterthur ch zh', 'featureId': '201035702_0', 'geom_quadindex': '030010301022321213330', 'geom_st_box2d': 'BOX(8.759641 47.497619,8.759641 47.497619)', 'label': 'Industriestrasse 37 <b>8404 Winterthur</b>', 'lat': 47.497615814208984, 'links': [{'href': '/rest/services/ech/MapServer/ch.swisstopo.amtliches-gebaeudeadressverzeichnis/101673431', 'rel': 'related', 'title': 'ch.swisstopo.amtliches-gebaeudeadressverzeichnis'}, {'href': '/rest/services/ech/MapServer/ch.bfs.gebaeude_wohnungs_register/201035702_0', 'rel': 'related', 'title': 'ch.bfs.gebaeude_wohnungs_register'}], 'lon': 8.759652137756348, 'num': 37, 'objectclass': '', 'origin': 'address', 'rank': 7, 'x': 8.759652137756348, 'y': 47.497615814208984, 'zoomlevel': 10}, 'id': 2902124, 'weight': 1}","Industriestrasse 37, 8404 Winterthur"
134,success,Geocoding successful.,47.48694610595703,8.754695892333984,Tösstalstrasse 212 <b>8405 Winterthur</b>,3001556_0,"{'attrs': {'detail': 'toesstalstrasse 212 8405 winterthur 230 winterthur ch zh', 'featureId': '3001556_0', 'geom_quadindex': '030010302111223033023', 'geom_st_box2d': 'BOX(8.754684 47.486947,8.754684 47.486947)', 'label': 'Tösstalstrasse 212 <b>8405 Winterthur</b>', 'lat': 47.48694610595703, 'links': [{'href': '/rest/services/ech/MapServer/ch.swisstopo.amtliches-gebaeudeadressverzeichnis/101078430', 'rel': 'related', 'title': 'ch.swisstopo.amtliches-gebaeudeadressverzeichnis'}, {'href': '/rest/services/ech/MapServer/ch.bfs.gebaeude_wohnungs_register/3001556_0', 'rel': 'related', 'title': 'ch.bfs.gebaeude_wohnungs_register'}], 'lon': 8.754695892333984, 'num': 212, 'objectclass': '', 'origin': 'address', 'rank': 7, 'x': 8.754695892333984, 'y': 47.48694610595703, 'zoomlevel': 10}, 'id': 1905384, 'weight': 1}","Tösstalstrasse 212, 8405 Winterthur"
135,success,Geocoding successful.,47.4869384765625,8.754719734191895,Tösstalstrasse 216 <b>8405 Winterthur</b>,3168922_0,"{'attrs': {'detail': 'toesstalstrasse 216 8405 winterthur 230 winterthur ch zh', 'featureId': '3168922_0', 'geom_quadindex': '030010302111223033303', 'geom_st_box2d': 'BOX(8.754707 47.48694,8.754707 47.48694)', 'label': 'Tösstalstrasse 216 <b>8405 Winterthur</b>', 'lat': 47.4869384765625, 'links': [{'href': '/rest/services/ech/MapServer/ch.swisstopo.amtliches-gebaeudeadressverzeichnis/101219657', 'rel': 'related', 'title': 'ch.swisstopo.amtliches-gebaeudeadressverzeichnis'}, {'href': '/rest/services/ech/MapServer/ch.bfs.gebaeude_wohnungs_register/3168922_0', 'rel': 'related', 'title': 'ch.bfs.gebaeude_wohnungs_register'}], 'lon': 8.754719734191895, 'num': 216, 'objectclass': '', 'origin': 'address', 'rank': 7, 'x': 8.754719734191895, 'y': 47.4869384765625, 'zoomlevel': 10}, 'id': 2779371, 'weight': 1}","Tösstalstrasse 216, 8405 Winterthur"
136,success,Geocoding successful.,47.486846923828125,8.754613876342773,Tösstalstrasse 214 <b>8405 Winterthur</b>,3168923_0,"{'attrs': {'detail': 'toesstalstrasse 214 8405 winterthur 230 winterthur ch zh', 'featureId': '3168923_0', 'geom_quadindex': '030010302111223221122', 'geom_st_box2d': 'BOX(8.754602 47.486849,8.754602 47.486849)', 'label': 'Tösstalstrasse 214 <b>8405 Winterthur</b>', 'lat': 47.486846923828125, 'links': [{'href': '/rest/services/ech/MapServer/ch.swisstopo.amtliches-gebaeudeadressverzeichnis/101219658', 'rel': 'related', 'title': 'ch.swisstopo.amtliches-gebaeudeadressverzeichnis'}, {'href': '/rest/services/ech/MapServer/ch.bfs.gebaeude_wohnungs_register/3168923_0', 'rel': 'related', 'title': 'ch.bfs.gebaeude_wohnungs_register'}], 'lon': 8.754613876342773, 'num': 214, 'objectclass': '', 'origin': 'address', 'rank': 7, 'x': 8.754613876342773, 'y': 47.486846923828125, 'zoomlevel': 10}, 'id': 2040799, 'weight': 1}","Tösstalstrasse 214, 8405 Winterthur"
137,success,Geocoding successful.,47.502166748046875,8.719523429870605,Wartstrasse 46a <b>8400 Winterthur</b>,3168981_0,"{'attrs': {'detail': 'wartstrasse 46a 8400 winterthur 230 winterthur ch zh', 'featureId': '3168981_0', 'geom_quadindex': '030010211013323113131', 'geom_st_box2d': 'BOX(8.719511 47.502169,8.719511 47.502169)', 'label': 'Wartstrasse 46a <b>8400 Winterthur</b>', 'lat': 47.502166748046875, 'links': [{'href': '/rest/services/ech/MapServer/ch.swisstopo.amtliches-gebaeudeadressverzeichnis/101196634', 'rel': 'related', 'title': 'ch.swisstopo.amtliches-gebaeudeadressverzeichnis'}, {'href': '/rest/services/ech/MapServer/ch.bfs.gebaeude_wohnungs_register/3168981_0', 'rel': 'related', 'title': 'ch.bfs.gebaeude_wohnungs_register'}], 'lon': 8.719523429870605, 'num': 46, 'objectclass': '', 'origin': 'address', 'rank': 7, 'x': 8.719523429870605, 'y': 47.502166748046875, 'zoomlevel': 10}, 'id': 2058317, 'weight': 1}","Wartstrasse 46a, 8400 Winterthur"
138,success,Geocoding successful.,47.4769401550293,8.698527336120605,Ziegeleiplatz 5 <b>8406 Winterthur</b>,201032981_0,"{'attrs': {'detail': 'ziegeleiplatz 5 8406 winterthur 230 winterthur ch zh', 'featureId': '201032981_0', 'geom_quadindex': '030010212303223320010', 'geom_st_box2d': 'BOX(8.698514 47.476944,8.698514 47.476944)', 'label': 'Ziegeleiplatz 5 <b>8406 Winterthur</b>', 'lat': 47.4769401550293, 'links': [{'href': '/rest/services/ech/MapServer/ch.swisstopo.amtliches-gebaeudeadressverzeichnis/101683622', 'rel': 'related', 'title': 'ch.swisstopo.amtliches-gebaeudeadressverzeichnis'}, {'href': '/rest/services/ech/MapServer/ch.bfs.gebaeude_wohnungs_register/201032981_0', 'rel': 'related', 'title': 'ch.bfs.gebaeude_wohnungs_register'}], 'lon': 8.698527336120605, 'num': 5, 'objectclass': '', 'origin': 'address', 'rank': 7, 'x': 8.698527336120605, 'y': 47.4769401550293, 'zoomlevel': 10}, 'id': 2799706, 'weight': 1}","Ziegeleiplatz 5, 8406 Winterthur"
139,success,Geocoding successful.,47.4780387878418,8.771968841552734,Gotzenwilerstrasse 12 <b>8405 Winterthur</b>,3000371_0,"{'attrs': {'detail': 'gotzenwilerstrasse 12 8405 winterthur 230 winterthur ch zh', 'featureId': '3000371_0', 'geom_quadindex': '030010303302110033230', 'geom_st_box2d': 'BOX(8.771957 47.47804,8.771957 47.47804)', 'label': 'Gotzenwilerstrasse 12 <b>8405 Winterthur</b>', 'lat': 47.4780387878418, 'links': [{'href': '/rest/services/ech/MapServer/ch.swisstopo.amtliches-gebaeudeadressverzeichnis/101114912', 'rel': 'related', 'title': 'ch.swisstopo.amtliches-gebaeudeadressverzeichnis'}, {'href': '/rest/services/ech/MapServer/ch.bfs.gebaeude_wohnungs_register/3000371_0', 'rel': 'related', 'title': 'ch.bfs.gebaeude_wohnungs_register'}], 'lon': 8.771968841552734, 'num': 12, 'objectclass': '', 'origin': 'address', 'rank': 7, 'x': 8.771968841552734, 'y': 47.4780387878418, 'zoomlevel': 10}, 'id': 2689564, 'weight': 1}","Gotzenwilerstrasse 12, 8405 Winterthur"
140,success,Geocoding successful.,47.51014709472656,8.700462341308594,Talhofweg 7 <b>8408 Winterthur</b>,3001505_0,"{'attrs': {'detail': 'talhofweg 7 8408 winterthur 230 winterthur ch zh', 'featureId': '3001505_0', 'geom_quadindex': '030010032321102213133', 'geom_st_box2d': 'BOX(8.700449 47.510149,8.700449 47.510149)', 'label': 'Talhofweg 7 <b>8408 Winterthur</b>', 'lat': 47.51014709472656, 'links': [{'href': '/rest/services/ech/MapServer/ch.swisstopo.amtliches-gebaeudeadressverzeichnis/101077016', 'rel': 'related', 'title': 'ch.swisstopo.amtliches-gebaeudeadressverzeichnis'}, {'href': '/rest/services/ech/MapServer/ch.bfs.gebaeude_wohnungs_register/3001505_0', 'rel': 'related', 'title': 'ch.bfs.gebaeude_wohnungs_register'}], 'lon': 8.700462341308594, 'num': 7, 'objectclass': '', 'origin': 'address', 'rank': 7, 'x': 8.700462341308594, 'y': 47.51014709472656, 'zoomlevel': 10}, 'id': 1853839, 'weight': 1}","Talhofweg 7, 8408 Winterthur"
141,success,Geocoding successful.,47.50994110107422,8.700329780578613,Talhofweg 5 <b>8408 Winterthur</b>,3001504_0,"{'attrs': {'detail': 'talhofweg 5 8408 winterthur 230 winterthur ch zh', 'featureId': '3001504_0', 'geom_quadindex': '030010032321120023212', 'geom_st_box2d': 'BOX(8.700316 47.509942,8.700316 47.509942)', 'label': 'Talhofweg 5 <b>8408 Winterthur</b>', 'lat': 47.50994110107422, 'links': [{'href': '/rest/services/ech/MapServer/ch.swisstopo.amtliches-gebaeudeadressverzeichnis/101077015', 'rel': 'related', 'title': 'ch.swisstopo.amtliches-gebaeudeadressverzeichnis'}, {'href': '/rest/services/ech/MapServer/ch.bfs.gebaeude_wohnungs_register/3001504_0', 'rel': 'related', 'title': 'ch.bfs.gebaeude_wohnungs_register'}], 'lon': 8.700329780578613, 'num': 5, 'objectclass': '', 'origin': 'address', 'rank': 7, 'x': 8.700329780578613, 'y': 47.50994110107422, 'zoomlevel': 10}, 'id': 2546285, 'weight': 1}","Talhofweg 5, 8408 Winterthur"
142,success,Geocoding successful.,47.507328033447266,8.715359687805176,Fliederweg 4 <b>8400 Winterthur</b>,3000314_0,"{'attrs': {'detail': 'fliederweg 4 8400 winterthur 230 winterthur ch zh', 'featureId': '3000314_0', 'geom_quadindex': '030010033232032313323', 'geom_st_box2d': 'BOX(8.715346 47.507332,8.715346 47.507332)', 'label': 'Fliederweg 4 <b>8400 Winterthur</b>', 'lat': 47.507328033447266, 'links': [{'href': '/rest/services/ech/MapServer/ch.swisstopo.amtliches-gebaeudeadressverzeichnis/101113280', 'rel': 'related', 'title': 'ch.swisstopo.amtliches-gebaeudeadressverzeichnis'}, {'href': '/rest/services/ech/MapServer/ch.bfs.gebaeude_wohnungs_register/3000314_0', 'rel': 'related', 'title': 'ch.bfs.gebaeude_wohnungs_register'}], 'lon': 8.715359687805176, 'num': 4, 'objectclass': '', 'origin': 'address', 'rank': 7, 'x': 8.715359687805176, 'y': 47.507328033447266, 'zoomlevel': 10}, 'id': 1925839, 'weight': 1}","Fliederweg 4, 8400 Winterthur"
143,success,Geocoding successful.,47.486122131347656,8.754029273986816,Heinrich-Bosshard-Strasse 14 <b>8405 Winterthur</b>,210147411_0,"{'attrs': {'detail': 'heinrich-bosshard-strasse 14 8405 winterthur 230 winterthur ch zh', 'featureId': '210147411_0', 'geom_quadindex': '030010302112131301313', 'geom_st_box2d': 'BOX(8.754018 47.486124,8.754018 47.486124)', 'label': 'Heinrich-Bosshard-Strasse 14 <b>8405 Winterthur</b>', 'lat': 47.486122131347656, 'links': [{'href': '/rest/services/ech/MapServer/ch.swisstopo.amtliches-gebaeudeadressverzeichnis/101531839', 'rel': 'related', 'title': 'ch.swisstopo.amtliches-gebaeudeadressverzeichnis'}, {'href': '/rest/services/ech/MapServer/ch.bfs.gebaeude_wohnungs_register/210147411_0', 'rel': 'related', 'title': 'ch.bfs.gebaeude_wohnungs_register'}], 'lon': 8.754029273986816, 'num': 14, 'objectclass': '', 'origin': 'address', 'rank': 7, 'x': 8.754029273986816, 'y': 47.486122131347656, 'zoomlevel': 10}, 'id': 2500416, 'weight': 1}","Heinrich-Bosshard-Strasse 14, 8405 Winterthur"
144,success,Geocoding successful.,47.51332473754883,8.688349723815918,Holzlegistrasse 50c <b>8408 Winterthur</b>,201033156_0,"{'attrs': {'detail': 'holzlegistrasse 50c 8408 winterthur 230 winterthur ch zh', 'featureId': '201033156_0', 'geom_quadindex': '030010032201321001223', 'geom_st_box2d': 'BOX(8.688336 47.513327,8.688336 47.513327)', 'label': 'Holzlegistrasse 50c <b>8408 Winterthur</b>', 'lat': 47.51332473754883, 'links': [{'href': '/rest/services/ech/MapServer/ch.swisstopo.amtliches-gebaeudeadressverzeichnis/101686155', 'rel': 'related', 'title': 'ch.swisstopo.amtliches-gebaeudeadressverzeichnis'}, {'href': '/rest/services/ech/MapServer/ch.bfs.gebaeude_wohnungs_register/201033156_0', 'rel': 'related', 'title': 'ch.bfs.gebaeude_wohnungs_register'}], 'lon': 8.688349723815918, 'num': 50, 'objectclass': '', 'origin': 'address', 'rank': 7, 'x': 8.688349723815918, 'y': 47.51332473754883, 'zoomlevel': 10}, 'id': 2339630, 'weight': 1}","Holzlegistrasse 50c, 8408 Winterthur"
145,success,Geocoding successful.,47.49386978149414,8.74032974243164,Unterer Deutweg 10 <b>8400 Winterthur</b>,3168825_0,"{'attrs': {'detail': 'unterer deutweg 10 8400 winterthur 230 winterthur ch zh', 'featureId': '3168825_0', 'geom_quadindex': '030010300212302220000', 'geom_st_box2d': 'BOX(8.740317 47.493873,8.740317 47.493873)', 'label': 'Unterer Deutweg 10 <b>8400 Winterthur</b>', 'lat': 47.49386978149414, 'links': [{'href': '/rest/services/ech/MapServer/ch.swisstopo.amtliches-gebaeudeadressverzeichnis/101219579', 'rel': 'related', 'title': 'ch.swisstopo.amtliches-gebaeudeadressverzeichnis'}, {'href': '/rest/services/ech/MapServer/ch.bfs.gebaeude_wohnungs_register/3168825_0', 'rel': 'related', 'title': 'ch.bfs.gebaeude_wohnungs_register'}], 'lon': 8.74032974243164, 'num': 10, 'objectclass': '', 'origin': 'address', 'rank': 7, 'x': 8.74032974243164, 'y': 47.49386978149414, 'zoomlevel': 10}, 'id': 2890349, 'weight': 1}","Unterer Deutweg 10, 8400 Winterthur"
146,success,Geocoding successful.,47.50824737548828,8.690360069274902,Rappstrasse 28 <b>8408 Winterthur</b>,201033062_0,"{'attrs': {'detail': 'rappstrasse 28 8408 winterthur 230 winterthur ch zh', 'featureId': '201033062_0', 'geom_quadindex': '030010032232012121022', 'geom_st_box2d': 'BOX(8.690347 47.50825,8.690347 47.50825)', 'label': 'Rappstrasse 28 <b>8408 Winterthur</b>', 'lat': 47.50824737548828, 'links': [{'href': '/rest/services/ech/MapServer/ch.swisstopo.amtliches-gebaeudeadressverzeichnis/101684929', 'rel': 'related', 'title': 'ch.swisstopo.amtliches-gebaeudeadressverzeichnis'}, {'href': '/rest/services/ech/MapServer/ch.bfs.gebaeude_wohnungs_register/201033062_0', 'rel': 'related', 'title': 'ch.bfs.gebaeude_wohnungs_register'}], 'lon': 8.690360069274902, 'num': 28, 'objectclass': '', 'origin': 'address', 'rank': 7, 'x': 8.690360069274902, 'y': 47.50824737548828, 'zoomlevel': 10}, 'id': 2239683, 'weight': 1}","Rappstrasse 28, 8408 Winterthur"
147,success,Geocoding successful.,47.494163513183594,8.709186553955078,Untere Schöntalstrasse 12 <b>8406 Winterthur</b>,9006770_0,"{'attrs': {'detail': 'untere schoentalstrasse 12 8406 winterthur 230 winterthur ch zh', 'featureId': '9006770_0', 'geom_quadindex': '030010211202213333221', 'geom_st_box2d': 'BOX(8.709174 47.494164,8.709174 47.494164)', 'label': 'Untere Schöntalstrasse 12 <b>8406 Winterthur</b>', 'lat': 47.494163513183594, 'links': [{'href': '/rest/services/ech/MapServer/ch.swisstopo.amtliches-gebaeudeadressverzeichnis/101210280', 'rel': 'related', 'title': 'ch.swisstopo.amtliches-gebaeudeadressverzeichnis'}, {'href': '/rest/services/ech/MapServer/ch.bfs.gebaeude_wohnungs_register/9006770_0', 'rel': 'related', 'title': 'ch.bfs.gebaeude_wohnungs_register'}], 'lon': 8.709186553955078, 'num': 12, 'objectclass': '', 'origin': 'address', 'rank': 7, 'x': 8.709186553955078, 'y': 47.494163513183594, 'zoomlevel': 10}, 'id': 2190276, 'weight': 1}","Untere Schöntalstrasse 12, 8406 Winterthur"
148,success,Geocoding successful.,47.496726989746094,8.731161117553711,Wildbachstrasse 34 <b>8400 Winterthur</b>,1151849_0,"{'attrs': {'detail': 'wildbachstrasse 34 8400 winterthur 230 winterthur ch zh', 'featureId': '1151849_0', 'geom_quadindex': '030010211311122030200', 'geom_st_box2d': 'BOX(8.731149 47.496728,8.731149 47.496728)', 'label': 'Wildbachstrasse 34 <b>8400 Winterthur</b>', 'lat': 47.496726989746094, 'links': [{'href': '/rest/services/ech/MapServer/ch.swisstopo.amtliches-gebaeudeadressverzeichnis/100780210', 'rel': 'related', 'title': 'ch.swisstopo.amtliches-gebaeudeadressverzeichnis'}, {'href': '/rest/services/ech/MapServer/ch.bfs.gebaeude_wohnungs_register/1151849_0', 'rel': 'related', 'title': 'ch.bfs.gebaeude_wohnungs_register'}], 'lon': 8.731161117553711, 'num': 34, 'objectclass': '', 'origin': 'address', 'rank': 7, 'x': 8.731161117553711, 'y': 47.496726989746094, 'zoomlevel': 10}, 'id': 2059885, 'weight': 1}","Wildbachstrasse 34, 8400 Winterthur"
149,success,Geocoding successful.,47.5068244934082,8.706668853759766,Flüelistrasse 5 <b>8408 Winterthur</b>,2321898_0,"{'attrs': {'detail': 'flueelistrasse 5 8408 winterthur 230 winterthur ch zh', 'featureId': '2321898_0', 'geom_quadindex': '030010032333320101003', 'geom_st_box2d': 'BOX(8.706656 47.506826,8.706656 47.506826)', 'label': 'Flüelistrasse 5 <b>8408 Winterthur</b>', 'lat': 47.5068244934082, 'links': [{'href': '/rest/services/ech/MapServer/ch.swisstopo.amtliches-gebaeudeadressverzeichnis/101013851', 'rel': 'related', 'title': 'ch.swisstopo.amtliches-gebaeudeadressverzeichnis'}, {'href': '/rest/services/ech/MapServer/ch.bfs.gebaeude_wohnungs_register/2321898_0', 'rel': 'related', 'title': 'ch.bfs.gebaeude_wohnungs_register'}], 'lon': 8.706668853759766, 'num': 5, 'objectclass': '', 'origin': 'address', 'rank': 7, 'x': 8.706668853759766, 'y': 47.5068244934082, 'zoomlevel': 10}, 'id': 2183307, 'weight': 1}","Flüelistrasse 5, 8408 Winterthur"
150,success,Geocoding successful.,47.50627136230469,8.759825706481934,Hegifeldstrasse 1b <b>8404 Winterthur</b>,210146005_0,"{'attrs': {'detail': 'hegifeldstrasse 1b 8404 winterthur 230 winterthur ch zh', 'featureId': '210146005_0', 'geom_quadindex': '030010123222303230333', 'geom_st_box2d': 'BOX(8.759814 47.506273,8.759814 47.506273)', 'label': 'Hegifeldstrasse 1b <b>8404 Winterthur</b>', 'lat': 47.50627136230469, 'links': [{'href': '/rest/services/ech/MapServer/ch.swisstopo.amtliches-gebaeudeadressverzeichnis/101383385', 'rel': 'related', 'title': 'ch.swisstopo.amtliches-gebaeudeadressverzeichnis'}, {'href': '/rest/services/ech/MapServer/ch.bfs.gebaeude_wohnungs_register/210146005_0', 'rel': 'related', 'title': 'ch.bfs.gebaeude_wohnungs_register'}], 'lon': 8.759825706481934, 'num': 1, 'objectclass': '', 'origin': 'address', 'rank': 7, 'x': 8.759825706481934, 'y': 47.50627136230469, 'zoomlevel': 10}, 'id': 2410541, 'weight': 1}","Hegifeldstrasse 1b, 8404 Winterthur"
151,success,Geocoding successful.,47.50398254394531,8.756852149963379,Hegistrasse 41h <b>8404 Winterthur</b>,210145963_0,"{'attrs': {'detail': 'hegistrasse 41h 8404 winterthur 230 winterthur ch zh', 'featureId': '210145963_0', 'geom_quadindex': '030010300111321312133', 'geom_st_box2d': 'BOX(8.75684 47.503985,8.75684 47.503985)', 'label': 'Hegistrasse 41h <b>8404 Winterthur</b>', 'lat': 47.50398254394531, 'links': [{'href': '/rest/services/ech/MapServer/ch.swisstopo.amtliches-gebaeudeadressverzeichnis/101383384', 'rel': 'related', 'title': 'ch.swisstopo.amtliches-gebaeudeadressverzeichnis'}, {'href': '/rest/services/ech/MapServer/ch.bfs.gebaeude_wohnungs_register/210145963_0', 'rel': 'related', 'title': 'ch.bfs.gebaeude_wohnungs_register'}], 'lon': 8.756852149963379, 'num': 41, 'objectclass': '', 'origin': 'address', 'rank': 7, 'x': 8.756852149963379, 'y': 47.50398254394531, 'zoomlevel': 10}, 'id': 2099810, 'weight': 1}","Hegistrasse 41h, 8404 Winterthur"
152,success,Geocoding successful.,47.47828674316406,8.70236587524414,Hündlerstrasse 20a <b>8406 Winterthur</b>,3000578_0,"{'attrs': {'detail': 'huendlerstrasse 20a 8406 winterthur 230 winterthur ch zh', 'featureId': '3000578_0', 'geom_quadindex': '030010212312031210101', 'geom_st_box2d': 'BOX(8.702353 47.478287,8.702353 47.478287)', 'label': 'Hündlerstrasse 20a <b>8406 Winterthur</b>', 'lat': 47.47828674316406, 'links': [{'href': '/rest/services/ech/MapServer/ch.swisstopo.amtliches-gebaeudeadressverzeichnis/101116661', 'rel': 'related', 'title': 'ch.swisstopo.amtliches-gebaeudeadressverzeichnis'}, {'href': '/rest/services/ech/MapServer/ch.bfs.gebaeude_wohnungs_register/3000578_0', 'rel': 'related', 'title': 'ch.bfs.gebaeude_wohnungs_register'}], 'lon': 8.70236587524414, 'num': 20, 'objectclass': '', 'origin': 'address', 'rank': 7, 'x': 8.70236587524414, 'y': 47.47828674316406, 'zoomlevel': 10}, 'id': 2790399, 'weight': 1}","Hündlerstrasse 20a, 8406 Winterthur"
153,success,Geocoding successful.,47.478729248046875,8.701836585998535,Hündlerstrasse 18b <b>8406 Winterthur</b>,2325048_0,"{'attrs': {'detail': 'huendlerstrasse 18b 8406 winterthur 230 winterthur ch zh', 'featureId': '2325048_0', 'geom_quadindex': '030010212312001331302', 'geom_st_box2d': 'BOX(8.701824 47.478732,8.701824 47.478732)', 'label': 'Hündlerstrasse 18b <b>8406 Winterthur</b>', 'lat': 47.478729248046875, 'links': [{'href': '/rest/services/ech/MapServer/ch.swisstopo.amtliches-gebaeudeadressverzeichnis/101164906', 'rel': 'related', 'title': 'ch.swisstopo.amtliches-gebaeudeadressverzeichnis'}, {'href': '/rest/services/ech/MapServer/ch.bfs.gebaeude_wohnungs_register/2325048_0', 'rel': 'related', 'title': 'ch.bfs.gebaeude_wohnungs_register'}], 'lon': 8.701836585998535, 'num': 18, 'objectclass': '', 'origin': 'address', 'rank': 7, 'x': 8.701836585998535, 'y': 47.478729248046875, 'zoomlevel': 10}, 'id': 2894967, 'weight': 1}","Hündlerstrasse 18b, 8406 Winterthur"
154,success,Geocoding successful.,47.47907638549805,8.701762199401855,Hündlerstrasse 22b <b>8406 Winterthur</b>,9003264_0,"{'attrs': {'detail': 'huendlerstrasse 22b 8406 winterthur 230 winterthur ch zh', 'featureId': '9003264_0', 'geom_quadindex': '030010212310223301112', 'geom_st_box2d': 'BOX(8.701749 47.479079,8.701749 47.479079)', 'label': 'Hündlerstrasse 22b <b>8406 Winterthur</b>', 'lat': 47.47907638549805, 'links': [{'href': '/rest/services/ech/MapServer/ch.swisstopo.amtliches-gebaeudeadressverzeichnis/101205262', 'rel': 'related', 'title': 'ch.swisstopo.amtliches-gebaeudeadressverzeichnis'}, {'href': '/rest/services/ech/MapServer/ch.bfs.gebaeude_wohnungs_register/9003264_0', 'rel': 'related', 'title': 'ch.bfs.gebaeude_wohnungs_register'}], 'lon': 8.701762199401855, 'num': 22, 'objectclass': '', 'origin': 'address', 'rank': 7, 'x': 8.701762199401855, 'y': 47.47907638549805, 'zoomlevel': 10}, 'id': 2108322, 'weight': 1}","Hündlerstrasse 22b, 8406 Winterthur"
155,success,Geocoding successful.,47.47892761230469,8.702004432678223,Hündlerstrasse 22a <b>8406 Winterthur</b>,3000580_0,"{'attrs': {'detail': 'huendlerstrasse 22a 8406 winterthur 230 winterthur ch zh', 'featureId': '3000580_0', 'geom_quadindex': '030010212312010010313', 'geom_st_box2d': 'BOX(8.701992 47.47893,8.701992 47.47893)', 'label': 'Hündlerstrasse 22a <b>8406 Winterthur</b>', 'lat': 47.47892761230469, 'links': [{'href': '/rest/services/ech/MapServer/ch.swisstopo.amtliches-gebaeudeadressverzeichnis/101116663', 'rel': 'related', 'title': 'ch.swisstopo.amtliches-gebaeudeadressverzeichnis'}, {'href': '/rest/services/ech/MapServer/ch.bfs.gebaeude_wohnungs_register/3000580_0', 'rel': 'related', 'title': 'ch.bfs.gebaeude_wohnungs_register'}], 'lon': 8.702004432678223, 'num': 22, 'objectclass': '', 'origin': 'address', 'rank': 7, 'x': 8.702004432678223, 'y': 47.47892761230469, 'zoomlevel': 10}, 'id': 2724750, 'weight': 1}","Hündlerstrasse 22a, 8406 Winterthur"
156,success,Geocoding successful.,47.478668212890625,8.702199935913086,Hündlerstrasse 20c <b>8406 Winterthur</b>,9003263_0,"{'attrs': {'detail': 'huendlerstrasse 20c 8406 winterthur 230 winterthur ch zh', 'featureId': '9003263_0', 'geom_quadindex': '030010212312012111022', 'geom_st_box2d': 'BOX(8.702187 47.478669,8.702187 47.478669)', 'label': 'Hündlerstrasse 20c <b>8406 Winterthur</b>', 'lat': 47.478668212890625, 'links': [{'href': '/rest/services/ech/MapServer/ch.swisstopo.amtliches-gebaeudeadressverzeichnis/101205261', 'rel': 'related', 'title': 'ch.swisstopo.amtliches-gebaeudeadressverzeichnis'}, {'href': '/rest/services/ech/MapServer/ch.bfs.gebaeude_wohnungs_register/9003263_0', 'rel': 'related', 'title': 'ch.bfs.gebaeude_wohnungs_register'}], 'lon': 8.702199935913086, 'num': 20, 'objectclass': '', 'origin': 'address', 'rank': 7, 'x': 8.702199935913086, 'y': 47.478668212890625, 'zoomlevel': 10}, 'id': 1968221, 'weight': 1}","Hündlerstrasse 20c, 8406 Winterthur"
157,success,Geocoding successful.,47.47847366333008,8.702248573303223,Hündlerstrasse 20b <b>8406 Winterthur</b>,3000579_0,"{'attrs': {'detail': 'huendlerstrasse 20b 8406 winterthur 230 winterthur ch zh', 'featureId': '3000579_0', 'geom_quadindex': '030010212312013220023', 'geom_st_box2d': 'BOX(8.702236 47.478474,8.702236 47.478474)', 'label': 'Hündlerstrasse 20b <b>8406 Winterthur</b>', 'lat': 47.47847366333008, 'links': [{'href': '/rest/services/ech/MapServer/ch.swisstopo.amtliches-gebaeudeadressverzeichnis/101116662', 'rel': 'related', 'title': 'ch.swisstopo.amtliches-gebaeudeadressverzeichnis'}, {'href': '/rest/services/ech/MapServer/ch.bfs.gebaeude_wohnungs_register/3000579_0', 'rel': 'related', 'title': 'ch.bfs.gebaeude_wohnungs_register'}], 'lon': 8.702248573303223, 'num': 20, 'objectclass': '', 'origin': 'address', 'rank': 7, 'x': 8.702248573303223, 'y': 47.47847366333008, 'zoomlevel': 10}, 'id': 2621831, 'weight': 1}","Hündlerstrasse 20b, 8406 Winterthur"
158,success,Geocoding successful.,47.47880172729492,8.701653480529785,Hündlerstrasse 18a <b>8406 Winterthur</b>,3000577_0,"{'attrs': {'detail': 'huendlerstrasse 18a 8406 winterthur 230 winterthur ch zh', 'featureId': '3000577_0', 'geom_quadindex': '030010212312001211301', 'geom_st_box2d': 'BOX(8.701641 47.478803,8.701641 47.478803)', 'label': 'Hündlerstrasse 18a <b>8406 Winterthur</b>', 'lat': 47.47880172729492, 'links': [{'href': '/rest/services/ech/MapServer/ch.swisstopo.amtliches-gebaeudeadressverzeichnis/101116660', 'rel': 'related', 'title': 'ch.swisstopo.amtliches-gebaeudeadressverzeichnis'}, {'href': '/rest/services/ech/MapServer/ch.bfs.gebaeude_wohnungs_register/3000577_0', 'rel': 'related', 'title': 'ch.bfs.gebaeude_wohnungs_register'}], 'lon': 8.701653480529785, 'num': 18, 'objectclass': '', 'origin': 'address', 'rank': 7, 'x': 8.701653480529785, 'y': 47.47880172729492, 'zoomlevel': 10}, 'id': 1855521, 'weight': 1}","Hündlerstrasse 18a, 8406 Winterthur"
159,success,Geocoding successful.,47.504512786865234,8.688252449035645,Schlosstalstrasse 200 <b>8408 Winterthur</b>,1160933_0,"{'attrs': {'detail': 'schlosstalstrasse 200 8408 winterthur 230 winterthur ch zh', 'featureId': '1160933_0', 'geom_quadindex': '030010210001323211211', 'geom_st_box2d': 'BOX(8.688239 47.504513,8.688239 47.504513)', 'label': 'Schlosstalstrasse 200 <b>8408 Winterthur</b>', 'lat': 47.504512786865234, 'links': [{'href': '/rest/services/ech/MapServer/ch.swisstopo.amtliches-gebaeudeadressverzeichnis/100809758', 'rel': 'related', 'title': 'ch.swisstopo.amtliches-gebaeudeadressverzeichnis'}, {'href': '/rest/services/ech/MapServer/ch.bfs.gebaeude_wohnungs_register/1160933_0', 'rel': 'related', 'title': 'ch.bfs.gebaeude_wohnungs_register'}], 'lon': 8.688252449035645, 'num': 200, 'objectclass': '', 'origin': 'address', 'rank': 7, 'x': 8.688252449035645, 'y': 47.504512786865234, 'zoomlevel': 10}, 'id': 1983778, 'weight': 1}","Schlosstalstrasse 200, 8408 Winterthur"
160,success,Geocoding successful.,47.50470733642578,8.687749862670898,Schlosstalstrasse 206 <b>8408 Winterthur</b>,3001350_0,"{'attrs': {'detail': 'schlosstalstrasse 206 8408 winterthur 230 winterthur ch zh', 'featureId': '3001350_0', 'geom_quadindex': '030010210001320221220', 'geom_st_box2d': 'BOX(8.687737 47.504708,8.687737 47.504708)', 'label': 'Schlosstalstrasse 206 <b>8408 Winterthur</b>', 'lat': 47.50470733642578, 'links': [{'href': '/rest/services/ech/MapServer/ch.swisstopo.amtliches-gebaeudeadressverzeichnis/101076809', 'rel': 'related', 'title': 'ch.swisstopo.amtliches-gebaeudeadressverzeichnis'}, {'href': '/rest/services/ech/MapServer/ch.bfs.gebaeude_wohnungs_register/3001350_0', 'rel': 'related', 'title': 'ch.bfs.gebaeude_wohnungs_register'}], 'lon': 8.687749862670898, 'num': 206, 'objectclass': '', 'origin': 'address', 'rank': 7, 'x': 8.687749862670898, 'y': 47.50470733642578, 'zoomlevel': 10}, 'id': 2543983, 'weight': 1}","Schlosstalstrasse 206, 8408 Winterthur"
161,success,Geocoding successful.,47.50493621826172,8.687763214111328,Schlosstalstrasse 208 <b>8408 Winterthur</b>,3168980_0,"{'attrs': {'detail': 'schlosstalstrasse 208 8408 winterthur 230 winterthur ch zh', 'featureId': '3168980_0', 'geom_quadindex': '030010210001302223203', 'geom_st_box2d': 'BOX(8.68775 47.50494,8.68775 47.50494)', 'label': 'Schlosstalstrasse 208 <b>8408 Winterthur</b>', 'lat': 47.50493621826172, 'links': [{'href': '/rest/services/ech/MapServer/ch.swisstopo.amtliches-gebaeudeadressverzeichnis/101196633', 'rel': 'related', 'title': 'ch.swisstopo.amtliches-gebaeudeadressverzeichnis'}, {'href': '/rest/services/ech/MapServer/ch.bfs.gebaeude_wohnungs_register/3168980_0', 'rel': 'related', 'title': 'ch.bfs.gebaeude_wohnungs_register'}], 'lon': 8.687763214111328, 'num': 208, 'objectclass': '', 'origin': 'address', 'rank': 7, 'x': 8.687763214111328, 'y': 47.50493621826172, 'zoomlevel': 10}, 'id': 1859599, 'weight': 1}","Schlosstalstrasse 208, 8408 Winterthur"
162,success,Geocoding successful.,47.50472640991211,8.688201904296875,Schlosstalstrasse 202 <b>8408 Winterthur</b>,3001348_0,"{'attrs': {'detail': 'schlosstalstrasse 202 8408 winterthur 230 winterthur ch zh', 'featureId': '3001348_0', 'geom_quadindex': '030010210001321212232', 'geom_st_box2d': 'BOX(8.688189 47.504729,8.688189 47.504729)', 'label': 'Schlosstalstrasse 202 <b>8408 Winterthur</b>', 'lat': 47.50472640991211, 'links': [{'href': '/rest/services/ech/MapServer/ch.swisstopo.amtliches-gebaeudeadressverzeichnis/101076807', 'rel': 'related', 'title': 'ch.swisstopo.amtliches-gebaeudeadressverzeichnis'}, {'href': '/rest/services/ech/MapServer/ch.bfs.gebaeude_wohnungs_register/3001348_0', 'rel': 'related', 'title': 'ch.bfs.gebaeude_wohnungs_register'}], 'lon': 8.688201904296875, 'num': 202, 'objectclass': '', 'origin': 'address', 'rank': 7, 'x': 8.688201904296875, 'y': 47.50472640991211, 'zoomlevel': 10}, 'id': 1908950, 'weight': 1}","Schlosstalstrasse 202, 8408 Winterthur"
163,success,Geocoding successful.,47.50481414794922,8.68822956085205,Schlosstalstrasse 204 <b>8408 Winterthur</b>,3001349_0,"{'attrs': {'detail': 'schlosstalstrasse 204 8408 winterthur 230 winterthur ch zh', 'featureId': '3001349_0', 'geom_quadindex': '030010210001321032130', 'geom_st_box2d': 'BOX(8.688216 47.504817,8.688216 47.504817)', 'label': 'Schlosstalstrasse 204 <b>8408 Winterthur</b>', 'lat': 47.50481414794922, 'links': [{'href': '/rest/services/ech/MapServer/ch.swisstopo.amtliches-gebaeudeadressverzeichnis/101076808', 'rel': 'related', 'title': 'ch.swisstopo.amtliches-gebaeudeadressverzeichnis'}, {'href': '/rest/services/ech/MapServer/ch.bfs.gebaeude_wohnungs_register/3001349_0', 'rel': 'related', 'title': 'ch.bfs.gebaeude_wohnungs_register'}], 'lon': 8.68822956085205, 'num': 204, 'objectclass': '', 'origin': 'address', 'rank': 7, 'x': 8.68822956085205, 'y': 47.50481414794922, 'zoomlevel': 10}, 'id': 1938751, 'weight': 1}","Schlosstalstrasse 204, 8408 Winterthur"
164,success,Geocoding successful.,47.4991569519043,8.734277725219727,Seidenstrasse 53 <b>8400 Winterthur</b>,201034566_0,"{'attrs': {'detail': 'seidenstrasse 53 8400 winterthur 230 winterthur ch zh', 'featureId': '201034566_0', 'geom_quadindex': '030010300022102222313', 'geom_st_box2d': 'BOX(8.734265 47.499159,8.734265 47.499159)', 'label': 'Seidenstrasse 53 <b>8400 Winterthur</b>', 'lat': 47.4991569519043, 'links': [{'href': '/rest/services/ech/MapServer/ch.swisstopo.amtliches-gebaeudeadressverzeichnis/101681019', 'rel': 'related', 'title': 'ch.swisstopo.amtliches-gebaeudeadressverzeichnis'}, {'href': '/rest/services/ech/MapServer/ch.bfs.gebaeude_wohnungs_register/201034566_0', 'rel': 'related', 'title': 'ch.bfs.gebaeude_wohnungs_register'}], 'lon': 8.734277725219727, 'num': 53, 'objectclass': '', 'origin': 'address', 'rank': 7, 'x': 8.734277725219727, 'y': 47.4991569519043, 'zoomlevel': 10}, 'id': 1930289, 'weight': 1}","Seidenstrasse 53, 8400 Winterthur"
165,success,Geocoding successful.,47.48077392578125,8.76236343383789,Tösstalstrasse 282a <b>8405 Winterthur</b>,3001564_0,"{'attrs': {'detail': 'toesstalstrasse 282a 8405 winterthur 230 winterthur ch zh', 'featureId': '3001564_0', 'geom_quadindex': '030010303023321300003', 'geom_st_box2d': 'BOX(8.762351 47.480775,8.762351 47.480775)', 'label': 'Tösstalstrasse 282a <b>8405 Winterthur</b>', 'lat': 47.48077392578125, 'links': [{'href': '/rest/services/ech/MapServer/ch.swisstopo.amtliches-gebaeudeadressverzeichnis/101078435', 'rel': 'related', 'title': 'ch.swisstopo.amtliches-gebaeudeadressverzeichnis'}, {'href': '/rest/services/ech/MapServer/ch.bfs.gebaeude_wohnungs_register/3001564_0', 'rel': 'related', 'title': 'ch.bfs.gebaeude_wohnungs_register'}], 'lon': 8.76236343383789, 'num': 282, 'objectclass': '', 'origin': 'address', 'rank': 7, 'x': 8.76236343383789, 'y': 47.48077392578125, 'zoomlevel': 10}, 'id': 2669928, 'weight': 1}","Tösstalstrasse 282a, 8405 Winterthur"
166,success,Geocoding successful.,47.48076248168945,8.762375831604004,Tösstalstrasse 282b <b>8405 Winterthur</b>,3168979_0,"{'attrs': {'detail': 'toesstalstrasse 282b 8405 winterthur 230 winterthur ch zh', 'featureId': '3168979_0', 'geom_quadindex': '030010303023321300033', 'geom_st_box2d': 'BOX(8.762364 47.480766,8.762364 47.480766)', 'label': 'Tösstalstrasse 282b <b>8405 Winterthur</b>', 'lat': 47.48076248168945, 'links': [{'href': '/rest/services/ech/MapServer/ch.swisstopo.amtliches-gebaeudeadressverzeichnis/101196632', 'rel': 'related', 'title': 'ch.swisstopo.amtliches-gebaeudeadressverzeichnis'}, {'href': '/rest/services/ech/MapServer/ch.bfs.gebaeude_wohnungs_register/3168979_0', 'rel': 'related', 'title': 'ch.bfs.gebaeude_wohnungs_register'}], 'lon': 8.762375831604004, 'num': 282, 'objectclass': '', 'origin': 'address', 'rank': 7, 'x': 8.762375831604004, 'y': 47.48076248168945, 'zoomlevel': 10}, 'id': 2593095, 'weight': 1}","Tösstalstrasse 282b, 8405 Winterthur"
167,success,Geocoding successful.,47.480796813964844,8.762754440307617,Tösstalstrasse 280 <b>8405 Winterthur</b>,3001563_0,"{'attrs': {'detail': 'toesstalstrasse 280 8405 winterthur 230 winterthur ch zh', 'featureId': '3001563_0', 'geom_quadindex': '030010303023330122021', 'geom_st_box2d': 'BOX(8.762742 47.4808,8.762742 47.4808)', 'label': 'Tösstalstrasse 280 <b>8405 Winterthur</b>', 'lat': 47.480796813964844, 'links': [{'href': '/rest/services/ech/MapServer/ch.swisstopo.amtliches-gebaeudeadressverzeichnis/101078434', 'rel': 'related', 'title': 'ch.swisstopo.amtliches-gebaeudeadressverzeichnis'}, {'href': '/rest/services/ech/MapServer/ch.bfs.gebaeude_wohnungs_register/3001563_0', 'rel': 'related', 'title': 'ch.bfs.gebaeude_wohnungs_register'}], 'lon': 8.762754440307617, 'num': 280, 'objectclass': '', 'origin': 'address', 'rank': 7, 'x': 8.762754440307617, 'y': 47.480796813964844, 'zoomlevel': 10}, 'id': 1947896, 'weight': 1}","Tösstalstrasse 280, 8405 Winterthur"
168,success,Geocoding successful.,47.48068618774414,8.762487411499023,Tösstalstrasse 282d <b>8405 Winterthur</b>,3168977_0,"{'attrs': {'detail': 'toesstalstrasse 282d 8405 winterthur 230 winterthur ch zh', 'featureId': '3168977_0', 'geom_quadindex': '030010303023321330312', 'geom_st_box2d': 'BOX(8.762475 47.48069,8.762475 47.48069)', 'label': 'Tösstalstrasse 282d <b>8405 Winterthur</b>', 'lat': 47.48068618774414, 'links': [{'href': '/rest/services/ech/MapServer/ch.swisstopo.amtliches-gebaeudeadressverzeichnis/101196630', 'rel': 'related', 'title': 'ch.swisstopo.amtliches-gebaeudeadressverzeichnis'}, {'href': '/rest/services/ech/MapServer/ch.bfs.gebaeude_wohnungs_register/3168977_0', 'rel': 'related', 'title': 'ch.bfs.gebaeude_wohnungs_register'}], 'lon': 8.762487411499023, 'num': 282, 'objectclass': '', 'origin': 'address', 'rank': 7, 'x': 8.762487411499023, 'y': 47.48068618774414, 'zoomlevel': 10}, 'id': 2680339, 'weight': 1}","Tösstalstrasse 282d, 8405 Winterthur"
169,success,Geocoding successful.,47.48069763183594,8.762473106384277,Tösstalstrasse 282c <b>8405 Winterthur</b>,3168978_0,"{'attrs': {'detail': 'toesstalstrasse 282c 8405 winterthur 230 winterthur ch zh', 'featureId': '3168978_0', 'geom_quadindex': '030010303023321330033', 'geom_st_box2d': 'BOX(8.762461 47.480699,8.762461 47.480699)', 'label': 'Tösstalstrasse 282c <b>8405 Winterthur</b>', 'lat': 47.48069763183594, 'links': [{'href': '/rest/services/ech/MapServer/ch.swisstopo.amtliches-gebaeudeadressverzeichnis/101196631', 'rel': 'related', 'title': 'ch.swisstopo.amtliches-gebaeudeadressverzeichnis'}, {'href': '/rest/services/ech/MapServer/ch.bfs.gebaeude_wohnungs_register/3168978_0', 'rel': 'related', 'title': 'ch.bfs.gebaeude_wohnungs_register'}], 'lon': 8.762473106384277, 'num': 282, 'objectclass': '', 'origin': 'address', 'rank': 7, 'x': 8.762473106384277, 'y': 47.48069763183594, 'zoomlevel': 10}, 'id': 2696002, 'weight': 1}","Tösstalstrasse 282c, 8405 Winterthur"
170,success,Geocoding successful.,47.50886154174805,8.689509391784668,Wässerwiesenstrasse 8 <b>8408 Winterthur</b>,9083998_0,"{'attrs': {'detail': 'waesserwiesenstrasse 8 8408 winterthur 230 winterthur ch zh', 'featureId': '9083998_0', 'geom_quadindex': '030010032230222011001', 'geom_st_box2d': 'BOX(8.689496 47.508863,8.689496 47.508863)', 'label': 'Wässerwiesenstrasse 8 <b>8408 Winterthur</b>', 'lat': 47.50886154174805, 'links': [{'href': '/rest/services/ech/MapServer/ch.swisstopo.amtliches-gebaeudeadressverzeichnis/101365737', 'rel': 'related', 'title': 'ch.swisstopo.amtliches-gebaeudeadressverzeichnis'}, {'href': '/rest/services/ech/MapServer/ch.bfs.gebaeude_wohnungs_register/9083998_0', 'rel': 'related', 'title': 'ch.bfs.gebaeude_wohnungs_register'}], 'lon': 8.689509391784668, 'num': 8, 'objectclass': '', 'origin': 'address', 'rank': 7, 'x': 8.689509391784668, 'y': 47.50886154174805, 'zoomlevel': 10}, 'id': 2219355, 'weight': 1}","Wässerwiesenstrasse 8, 8408 Winterthur"
171,success,Geocoding successful.,47.49327087402344,8.733986854553223,Kehrackerstrasse 7 <b>8400 Winterthur</b>,201033613_0,"{'attrs': {'detail': 'kehrackerstrasse 7 8400 winterthur 230 winterthur ch zh', 'featureId': '201033613_0', 'geom_quadindex': '030010300220011121133', 'geom_st_box2d': 'BOX(8.733974 47.493274,8.733974 47.493274)', 'label': 'Kehrackerstrasse 7 <b>8400 Winterthur</b>', 'lat': 47.49327087402344, 'links': [{'href': '/rest/services/ech/MapServer/ch.swisstopo.amtliches-gebaeudeadressverzeichnis/101670548', 'rel': 'related', 'title': 'ch.swisstopo.amtliches-gebaeudeadressverzeichnis'}, {'href': '/rest/services/ech/MapServer/ch.bfs.gebaeude_wohnungs_register/201033613_0', 'rel': 'related', 'title': 'ch.bfs.gebaeude_wohnungs_register'}], 'lon': 8.733986854553223, 'num': 7, 'objectclass': '', 'origin': 'address', 'rank': 7, 'x': 8.733986854553223, 'y': 47.49327087402344, 'zoomlevel': 10}, 'id': 2518620, 'weight': 1}","Kehrackerstrasse 7, 8400 Winterthur"
172,success,Geocoding successful.,47.48318099975586,8.708731651306152,Neumühlestrasse 81 <b>8406 Winterthur</b>,9083761_0,"{'attrs': {'detail': 'neumuehlestrasse 81 8406 winterthur 230 winterthur ch zh', 'featureId': '9083761_0', 'geom_quadindex': '030010213020233213021', 'geom_st_box2d': 'BOX(8.708719 47.483184,8.708719 47.483184)', 'label': 'Neumühlestrasse 81 <b>8406 Winterthur</b>', 'lat': 47.48318099975586, 'links': [{'href': '/rest/services/ech/MapServer/ch.swisstopo.amtliches-gebaeudeadressverzeichnis/101364010', 'rel': 'related', 'title': 'ch.swisstopo.amtliches-gebaeudeadressverzeichnis'}, {'href': '/rest/services/ech/MapServer/ch.bfs.gebaeude_wohnungs_register/9083761_0', 'rel': 'related', 'title': 'ch.bfs.gebaeude_wohnungs_register'}], 'lon': 8.708731651306152, 'num': 81, 'objectclass': '', 'origin': 'address', 'rank': 7, 'x': 8.708731651306152, 'y': 47.48318099975586, 'zoomlevel': 10}, 'id': 2462919, 'weight': 1}","Neumühlestrasse 81, 8406 Winterthur"
173,success,Geocoding successful.,47.50569152832031,8.769786834716797,Reismühleweg 48 <b>8409 Winterthur</b>,2326994_0,"{'attrs': {'detail': 'reismuehleweg 48 8409 winterthur 230 winterthur ch zh', 'featureId': '2326994_0', 'geom_quadindex': '030010123233333202002', 'geom_st_box2d': 'BOX(8.769775 47.505692,8.769775 47.505692)', 'label': 'Reismühleweg 48 <b>8409 Winterthur</b>', 'lat': 47.50569152832031, 'links': [{'href': '/rest/services/ech/MapServer/ch.swisstopo.amtliches-gebaeudeadressverzeichnis/101166410', 'rel': 'related', 'title': 'ch.swisstopo.amtliches-gebaeudeadressverzeichnis'}, {'href': '/rest/services/ech/MapServer/ch.bfs.gebaeude_wohnungs_register/2326994_0', 'rel': 'related', 'title': 'ch.bfs.gebaeude_wohnungs_register'}], 'lon': 8.769786834716797, 'num': 48, 'objectclass': '', 'origin': 'address', 'rank': 7, 'x': 8.769786834716797, 'y': 47.50569152832031, 'zoomlevel': 10}, 'id': 2026090, 'weight': 1}","Reismühleweg 48, 8409 Winterthur"
174,success,Geocoding successful.,47.518409729003906,8.754280090332031,Ruchwiesenstrasse 10 <b>8404 Winterthur</b>,2326995_0,"{'attrs': {'detail': 'ruchwiesenstrasse 10 8404 winterthur 230 winterthur ch zh', 'featureId': '2326995_0', 'geom_quadindex': '030010122130110010123', 'geom_st_box2d': 'BOX(8.754267 47.518411,8.754267 47.518411)', 'label': 'Ruchwiesenstrasse 10 <b>8404 Winterthur</b>', 'lat': 47.518409729003906, 'links': [{'href': '/rest/services/ech/MapServer/ch.swisstopo.amtliches-gebaeudeadressverzeichnis/101166411', 'rel': 'related', 'title': 'ch.swisstopo.amtliches-gebaeudeadressverzeichnis'}, {'href': '/rest/services/ech/MapServer/ch.bfs.gebaeude_wohnungs_register/2326995_0', 'rel': 'related', 'title': 'ch.bfs.gebaeude_wohnungs_register'}], 'lon': 8.754280090332031, 'num': 10, 'objectclass': '', 'origin': 'address', 'rank': 7, 'x': 8.754280090332031, 'y': 47.518409729003906, 'zoomlevel': 10}, 'id': 1854828, 'weight': 1}","Ruchwiesenstrasse 10, 8404 Winterthur"
175,success,Geocoding successful.,47.50180435180664,8.77380084991455,Stegackerstrasse 14 <b>8409 Winterthur</b>,2326354_0,"{'attrs': {'detail': 'stegackerstrasse 14 8409 winterthur 230 winterthur ch zh', 'featureId': '2326354_0', 'geom_quadindex': '030010301103221102303', 'geom_st_box2d': 'BOX(8.773789 47.501808,8.773789 47.501808)', 'label': 'Stegackerstrasse 14 <b>8409 Winterthur</b>', 'lat': 47.50180435180664, 'links': [{'href': '/rest/services/ech/MapServer/ch.swisstopo.amtliches-gebaeudeadressverzeichnis/101168048', 'rel': 'related', 'title': 'ch.swisstopo.amtliches-gebaeudeadressverzeichnis'}, {'href': '/rest/services/ech/MapServer/ch.bfs.gebaeude_wohnungs_register/2326354_0', 'rel': 'related', 'title': 'ch.bfs.gebaeude_wohnungs_register'}], 'lon': 8.77380084991455, 'num': 14, 'objectclass': '', 'origin': 'address', 'rank': 7, 'x': 8.77380084991455, 'y': 47.50180435180664, 'zoomlevel': 10}, 'id': 2186165, 'weight': 1}","Stegackerstrasse 14, 8409 Winterthur"
176,success,Geocoding successful.,47.525997161865234,8.768180847167969,Deponiestrasse 5 <b>8404 Winterthur</b>,2326385_0,"{'attrs': {'detail': 'deponiestrasse 5 8404 winterthur 230 winterthur ch zh', 'featureId': '2326385_0', 'geom_quadindex': '030010121231021302120', 'geom_st_box2d': 'BOX(8.768168 47.525998,8.768168 47.525998)', 'label': 'Deponiestrasse 5 <b>8404 Winterthur</b>', 'lat': 47.525997161865234, 'links': [{'href': '/rest/services/ech/MapServer/ch.swisstopo.amtliches-gebaeudeadressverzeichnis/101168064', 'rel': 'related', 'title': 'ch.swisstopo.amtliches-gebaeudeadressverzeichnis'}, {'href': '/rest/services/ech/MapServer/ch.bfs.gebaeude_wohnungs_register/2326385_0', 'rel': 'related', 'title': 'ch.bfs.gebaeude_wohnungs_register'}], 'lon': 8.768180847167969, 'num': 5, 'objectclass': '', 'origin': 'address', 'rank': 7, 'x': 8.768180847167969, 'y': 47.525997161865234, 'zoomlevel': 10}, 'id': 2572427, 'weight': 1}","Deponiestrasse 5, 8404 Winterthur"
177,success,Geocoding successful.,47.52593994140625,8.76788330078125,Deponiestrasse 7 <b>8404 Winterthur</b>,2326386_0,"{'attrs': {'detail': 'deponiestrasse 7 8404 winterthur 230 winterthur ch zh', 'featureId': '2326386_0', 'geom_quadindex': '030010121231020332100', 'geom_st_box2d': 'BOX(8.767871 47.525943,8.767871 47.525943)', 'label': 'Deponiestrasse 7 <b>8404 Winterthur</b>', 'lat': 47.52593994140625, 'links': [{'href': '/rest/services/ech/MapServer/ch.swisstopo.amtliches-gebaeudeadressverzeichnis/101168065', 'rel': 'related', 'title': 'ch.swisstopo.amtliches-gebaeudeadressverzeichnis'}, {'href': '/rest/services/ech/MapServer/ch.bfs.gebaeude_wohnungs_register/2326386_0', 'rel': 'related', 'title': 'ch.bfs.gebaeude_wohnungs_register'}], 'lon': 8.76788330078125, 'num': 7, 'objectclass': '', 'origin': 'address', 'rank': 7, 'x': 8.76788330078125, 'y': 47.52593994140625, 'zoomlevel': 10}, 'id': 2484400, 'weight': 1}","Deponiestrasse 7, 8404 Winterthur"
178,success,Geocoding successful.,47.509822845458984,8.717395782470703,Felsenhofstrasse 4 <b>8400 Winterthur</b>,3000313_0,"{'attrs': {'detail': 'felsenhofstrasse 4 8400 winterthur 230 winterthur ch zh', 'featureId': '3000313_0', 'geom_quadindex': '030010033231020002212', 'geom_st_box2d': 'BOX(8.717382 47.509823,8.717382 47.509823)', 'label': 'Felsenhofstrasse 4 <b>8400 Winterthur</b>', 'lat': 47.509822845458984, 'links': [{'href': '/rest/services/ech/MapServer/ch.swisstopo.amtliches-gebaeudeadressverzeichnis/101113279', 'rel': 'related', 'title': 'ch.swisstopo.amtliches-gebaeudeadressverzeichnis'}, {'href': '/rest/services/ech/MapServer/ch.bfs.gebaeude_wohnungs_register/3000313_0', 'rel': 'related', 'title': 'ch.bfs.gebaeude_wohnungs_register'}], 'lon': 8.717395782470703, 'num': 4, 'objectclass': '', 'origin': 'address', 'rank': 7, 'x': 8.717395782470703, 'y': 47.509822845458984, 'zoomlevel': 10}, 'id': 2037353, 'weight': 1}","Felsenhofstrasse 4, 8400 Winterthur"
179,success,Geocoding successful.,47.49580383300781,8.765088081359863,Fröschenweidstrasse 10 <b>8404 Winterthur</b>,3000344_0,"{'attrs': {'detail': 'froeschenweidstrasse 10 8404 winterthur 230 winterthur ch zh', 'featureId': '3000344_0', 'geom_quadindex': '030010301210213120322', 'geom_st_box2d': 'BOX(8.765076 47.495806,8.765076 47.495806)', 'label': 'Fröschenweidstrasse 10 <b>8404 Winterthur</b>', 'lat': 47.49580383300781, 'links': [{'href': '/rest/services/ech/MapServer/ch.swisstopo.amtliches-gebaeudeadressverzeichnis/101114898', 'rel': 'related', 'title': 'ch.swisstopo.amtliches-gebaeudeadressverzeichnis'}, {'href': '/rest/services/ech/MapServer/ch.bfs.gebaeude_wohnungs_register/3000344_0', 'rel': 'related', 'title': 'ch.bfs.gebaeude_wohnungs_register'}], 'lon': 8.765088081359863, 'num': 10, 'objectclass': '', 'origin': 'address', 'rank': 7, 'x': 8.765088081359863, 'y': 47.49580383300781, 'zoomlevel': 10}, 'id': 2137307, 'weight': 1}","Fröschenweidstrasse 10, 8404 Winterthur"
180,success,Geocoding successful.,47.495609283447266,8.764764785766602,Fröschenweidstrasse 10a <b>8404 Winterthur</b>,3000344_1,"{'attrs': {'detail': 'froeschenweidstrasse 10a 8404 winterthur 230 winterthur ch zh', 'featureId': '3000344_1', 'geom_quadindex': '030010301210230101333', 'geom_st_box2d': 'BOX(8.764752 47.49561,8.764752 47.49561)', 'label': 'Fröschenweidstrasse 10a <b>8404 Winterthur</b>', 'lat': 47.495609283447266, 'links': [{'href': '/rest/services/ech/MapServer/ch.swisstopo.amtliches-gebaeudeadressverzeichnis/101492183', 'rel': 'related', 'title': 'ch.swisstopo.amtliches-gebaeudeadressverzeichnis'}, {'href': '/rest/services/ech/MapServer/ch.bfs.gebaeude_wohnungs_register/3000344_1', 'rel': 'related', 'title': 'ch.bfs.gebaeude_wohnungs_register'}], 'lon': 8.764764785766602, 'num': 10, 'objectclass': '', 'origin': 'address', 'rank': 7, 'x': 8.764764785766602, 'y': 47.495609283447266, 'zoomlevel': 10}, 'id': 2800008, 'weight': 1}","Fröschenweidstrasse 10a, 8404 Winterthur"
181,success,Geocoding successful.,47.47736740112305,8.725510597229004,Hintere Finsteristrasse 2 <b>8400 Winterthur</b>,201035195_0,"{'attrs': {'detail': 'hintere finsteristrasse 2 8400 winterthur 230 winterthur ch zh', 'featureId': '201035195_0', 'geom_quadindex': '030010213303312111013', 'geom_st_box2d': 'BOX(8.725498 47.477369,8.725498 47.477369)', 'label': 'Hintere Finsteristrasse 2 <b>8400 Winterthur</b>', 'lat': 47.47736740112305, 'links': [{'href': '/rest/services/ech/MapServer/ch.swisstopo.amtliches-gebaeudeadressverzeichnis/101687397', 'rel': 'related', 'title': 'ch.swisstopo.amtliches-gebaeudeadressverzeichnis'}, {'href': '/rest/services/ech/MapServer/ch.bfs.gebaeude_wohnungs_register/201035195_0', 'rel': 'related', 'title': 'ch.bfs.gebaeude_wohnungs_register'}], 'lon': 8.725510597229004, 'num': 2, 'objectclass': '', 'origin': 'address', 'rank': 7, 'x': 8.725510597229004, 'y': 47.47736740112305, 'zoomlevel': 10}, 'id': 2484634, 'weight': 1}","Hintere Finsteristrasse 2, 8400 Winterthur"
182,success,Geocoding successful.,47.4820671081543,8.75886344909668,Waldeggstrasse 13 <b>8405 Winterthur</b>,2325777_0,"{'attrs': {'detail': 'waldeggstrasse 13 8405 winterthur 230 winterthur ch zh', 'featureId': '2325777_0', 'geom_quadindex': '030010303022102231011', 'geom_st_box2d': 'BOX(8.758851 47.482071,8.758851 47.482071)', 'label': 'Waldeggstrasse 13 <b>8405 Winterthur</b>', 'lat': 47.4820671081543, 'links': [{'href': '/rest/services/ech/MapServer/ch.swisstopo.amtliches-gebaeudeadressverzeichnis/101168031', 'rel': 'related', 'title': 'ch.swisstopo.amtliches-gebaeudeadressverzeichnis'}, {'href': '/rest/services/ech/MapServer/ch.bfs.gebaeude_wohnungs_register/2325777_0', 'rel': 'related', 'title': 'ch.bfs.gebaeude_wohnungs_register'}], 'lon': 8.75886344909668, 'num': 13, 'objectclass': '', 'origin': 'address', 'rank': 7, 'x': 8.75886344909668, 'y': 47.4820671081543, 'zoomlevel': 10}, 'id': 1903243, 'weight': 1}","Waldeggstrasse 13, 8405 Winterthur"
183,success,Geocoding successful.,47.50776290893555,8.708391189575195,Flüelistrasse 9 <b>8408 Winterthur</b>,2321901_0,"{'attrs': {'detail': 'flueelistrasse 9 8408 winterthur 230 winterthur ch zh', 'featureId': '2321901_0', 'geom_quadindex': '030010033222021022003', 'geom_st_box2d': 'BOX(8.708378 47.507764,8.708378 47.507764)', 'label': 'Flüelistrasse 9 <b>8408 Winterthur</b>', 'lat': 47.50776290893555, 'links': [{'href': '/rest/services/ech/MapServer/ch.swisstopo.amtliches-gebaeudeadressverzeichnis/101013852', 'rel': 'related', 'title': 'ch.swisstopo.amtliches-gebaeudeadressverzeichnis'}, {'href': '/rest/services/ech/MapServer/ch.bfs.gebaeude_wohnungs_register/2321901_0', 'rel': 'related', 'title': 'ch.bfs.gebaeude_wohnungs_register'}], 'lon': 8.708391189575195, 'num': 9, 'objectclass': '', 'origin': 'address', 'rank': 7, 'x': 8.708391189575195, 'y': 47.50776290893555, 'zoomlevel': 10}, 'id': 2592629, 'weight': 1}","Flüelistrasse 9, 8408 Winterthur"
184,success,Geocoding successful.,47.49643325805664,8.756223678588867,Gewerbestrasse 1 <b>8404 Winterthur</b>,2326361_0,"{'attrs': {'detail': 'gewerbestrasse 1 8404 winterthur 230 winterthur ch zh', 'featureId': '2326361_0', 'geom_quadindex': '030010300311122121330', 'geom_st_box2d': 'BOX(8.756212 47.496435,8.756212 47.496435)', 'label': 'Gewerbestrasse 1 <b>8404 Winterthur</b>', 'lat': 47.49643325805664, 'links': [{'href': '/rest/services/ech/MapServer/ch.swisstopo.amtliches-gebaeudeadressverzeichnis/101168052', 'rel': 'related', 'title': 'ch.swisstopo.amtliches-gebaeudeadressverzeichnis'}, {'href': '/rest/services/ech/MapServer/ch.bfs.gebaeude_wohnungs_register/2326361_0', 'rel': 'related', 'title': 'ch.bfs.gebaeude_wohnungs_register'}], 'lon': 8.756223678588867, 'num': 1, 'objectclass': '', 'origin': 'address', 'rank': 7, 'x': 8.756223678588867, 'y': 47.49643325805664, 'zoomlevel': 10}, 'id': 2831189, 'weight': 1}","Gewerbestrasse 1, 8404 Winterthur"
185,success,Geocoding successful.,47.496315002441406,8.756691932678223,Gewerbestrasse 3 <b>8404 Winterthur</b>,2326360_0,"{'attrs': {'detail': 'gewerbestrasse 3 8404 winterthur 230 winterthur ch zh', 'featureId': '2326360_0', 'geom_quadindex': '030010300311123331120', 'geom_st_box2d': 'BOX(8.75668 47.496319,8.75668 47.496319)', 'label': 'Gewerbestrasse 3 <b>8404 Winterthur</b>', 'lat': 47.496315002441406, 'links': [{'href': '/rest/services/ech/MapServer/ch.swisstopo.amtliches-gebaeudeadressverzeichnis/101168051', 'rel': 'related', 'title': 'ch.swisstopo.amtliches-gebaeudeadressverzeichnis'}, {'href': '/rest/services/ech/MapServer/ch.bfs.gebaeude_wohnungs_register/2326360_0', 'rel': 'related', 'title': 'ch.bfs.gebaeude_wohnungs_register'}], 'lon': 8.756691932678223, 'num': 3, 'objectclass': '', 'origin': 'address', 'rank': 7, 'x': 8.756691932678223, 'y': 47.496315002441406, 'zoomlevel': 10}, 'id': 2524142, 'weight': 1}","Gewerbestrasse 3, 8404 Winterthur"
186,success,Geocoding successful.,47.494197845458984,8.764694213867188,Harzachstrasse 2a <b>8404 Winterthur</b>,201031564_0,"{'attrs': {'detail': 'harzachstrasse 2a 8404 winterthur 230 winterthur ch zh', 'featureId': '201031564_0', 'geom_quadindex': '030010301212032123221', 'geom_st_box2d': 'BOX(8.764682 47.494198,8.764682 47.494198)', 'label': 'Harzachstrasse 2a <b>8404 Winterthur</b>', 'lat': 47.494197845458984, 'links': [{'href': '/rest/services/ech/MapServer/ch.swisstopo.amtliches-gebaeudeadressverzeichnis/101688217', 'rel': 'related', 'title': 'ch.swisstopo.amtliches-gebaeudeadressverzeichnis'}, {'href': '/rest/services/ech/MapServer/ch.bfs.gebaeude_wohnungs_register/201031564_0', 'rel': 'related', 'title': 'ch.bfs.gebaeude_wohnungs_register'}], 'lon': 8.764694213867188, 'num': 2, 'objectclass': '', 'origin': 'address', 'rank': 7, 'x': 8.764694213867188, 'y': 47.494197845458984, 'zoomlevel': 10}, 'id': 2498778, 'weight': 1}","Harzachstrasse 2a, 8404 Winterthur"
187,success,Geocoding successful.,47.51615905761719,8.670014381408691,Im Bruni 10 <b>8408 Winterthur</b>,201033419_0,"{'attrs': {'detail': 'im bruni 10 8408 winterthur 230 winterthur ch zh', 'featureId': '201033419_0', 'geom_quadindex': '030010023033301110330', 'geom_st_box2d': 'BOX(8.670001 47.516161,8.670001 47.516161)', 'label': 'Im Bruni 10 <b>8408 Winterthur</b>', 'lat': 47.51615905761719, 'links': [{'href': '/rest/services/ech/MapServer/ch.swisstopo.amtliches-gebaeudeadressverzeichnis/101688314', 'rel': 'related', 'title': 'ch.swisstopo.amtliches-gebaeudeadressverzeichnis'}, {'href': '/rest/services/ech/MapServer/ch.bfs.gebaeude_wohnungs_register/201033419_0', 'rel': 'related', 'title': 'ch.bfs.gebaeude_wohnungs_register'}], 'lon': 8.670014381408691, 'num': 10, 'objectclass': '', 'origin': 'address', 'rank': 7, 'x': 8.670014381408691, 'y': 47.51615905761719, 'zoomlevel': 10}, 'id': 1892505, 'weight': 1}","Im Bruni 10, 8408 Winterthur"
188,success,Geocoding successful.,47.515357971191406,8.665064811706543,Im Bruni 22 <b>8408 Winterthur</b>,201032843_0,"{'attrs': {'detail': 'im bruni 22 8408 winterthur 230 winterthur ch zh', 'featureId': '201032843_0', 'geom_quadindex': '030010023032223021230', 'geom_st_box2d': 'BOX(8.665051 47.515358,8.665051 47.515358)', 'label': 'Im Bruni 22 <b>8408 Winterthur</b>', 'lat': 47.515357971191406, 'links': [{'href': '/rest/services/ech/MapServer/ch.swisstopo.amtliches-gebaeudeadressverzeichnis/101682189', 'rel': 'related', 'title': 'ch.swisstopo.amtliches-gebaeudeadressverzeichnis'}, {'href': '/rest/services/ech/MapServer/ch.bfs.gebaeude_wohnungs_register/201032843_0', 'rel': 'related', 'title': 'ch.bfs.gebaeude_wohnungs_register'}], 'lon': 8.665064811706543, 'num': 22, 'objectclass': '', 'origin': 'address', 'rank': 7, 'x': 8.665064811706543, 'y': 47.515357971191406, 'zoomlevel': 10}, 'id': 2889415, 'weight': 1}","Im Bruni 22, 8408 Winterthur"
189,success,Geocoding successful.,47.52034378051758,8.7138032913208,Pfaffenstudenstrasse 13 <b>8400 Winterthur</b>,201034484_0,"{'attrs': {'detail': 'pfaffenstudenstrasse 13 8400 winterthur 230 winterthur ch zh', 'featureId': '201034484_0', 'geom_quadindex': '030010033003130023032', 'geom_st_box2d': 'BOX(8.71379 47.520345,8.71379 47.520345)', 'label': 'Pfaffenstudenstrasse 13 <b>8400 Winterthur</b>', 'lat': 47.52034378051758, 'links': [{'href': '/rest/services/ech/MapServer/ch.swisstopo.amtliches-gebaeudeadressverzeichnis/101679772', 'rel': 'related', 'title': 'ch.swisstopo.amtliches-gebaeudeadressverzeichnis'}, {'href': '/rest/services/ech/MapServer/ch.bfs.gebaeude_wohnungs_register/201034484_0', 'rel': 'related', 'title': 'ch.bfs.gebaeude_wohnungs_register'}], 'lon': 8.7138032913208, 'num': 13, 'objectclass': '', 'origin': 'address', 'rank': 7, 'x': 8.7138032913208, 'y': 47.52034378051758, 'zoomlevel': 10}, 'id': 2184317, 'weight': 1}","Pfaffenstudenstrasse 13, 8400 Winterthur"
190,success,Geocoding successful.,47.51859664916992,8.690288543701172,Radhofstrasse 6 <b>8408 Winterthur</b>,201032839_0,"{'attrs': {'detail': 'radhofstrasse 6 8408 winterthur 230 winterthur ch zh', 'featureId': '201032839_0', 'geom_quadindex': '030010032030021110102', 'geom_st_box2d': 'BOX(8.690275 47.518599,8.690275 47.518599)', 'label': 'Radhofstrasse 6 <b>8408 Winterthur</b>', 'lat': 47.51859664916992, 'links': [{'href': '/rest/services/ech/MapServer/ch.swisstopo.amtliches-gebaeudeadressverzeichnis/101682185', 'rel': 'related', 'title': 'ch.swisstopo.amtliches-gebaeudeadressverzeichnis'}, {'href': '/rest/services/ech/MapServer/ch.bfs.gebaeude_wohnungs_register/201032839_0', 'rel': 'related', 'title': 'ch.bfs.gebaeude_wohnungs_register'}], 'lon': 8.690288543701172, 'num': 6, 'objectclass': '', 'origin': 'address', 'rank': 7, 'x': 8.690288543701172, 'y': 47.51859664916992, 'zoomlevel': 10}, 'id': 1935602, 'weight': 1}","Radhofstrasse 6, 8408 Winterthur"
191,success,Geocoding successful.,47.47861099243164,8.766545295715332,Weizackerstrasse 28 <b>8405 Winterthur</b>,1156200_0,"{'attrs': {'detail': 'weizackerstrasse 28 8405 winterthur 230 winterthur ch zh', 'featureId': '1156200_0', 'geom_quadindex': '030010303211220211032', 'geom_st_box2d': 'BOX(8.766534 47.478611,8.766534 47.478611)', 'label': 'Weizackerstrasse 28 <b>8405 Winterthur</b>', 'lat': 47.47861099243164, 'links': [{'href': '/rest/services/ech/MapServer/ch.swisstopo.amtliches-gebaeudeadressverzeichnis/100804416', 'rel': 'related', 'title': 'ch.swisstopo.amtliches-gebaeudeadressverzeichnis'}, {'href': '/rest/services/ech/MapServer/ch.bfs.gebaeude_wohnungs_register/1156200_0', 'rel': 'related', 'title': 'ch.bfs.gebaeude_wohnungs_register'}], 'lon': 8.766545295715332, 'num': 28, 'objectclass': '', 'origin': 'address', 'rank': 7, 'x': 8.766545295715332, 'y': 47.47861099243164, 'zoomlevel': 10}, 'id': 1991581, 'weight': 1}","Weizackerstrasse 28, 8405 Winterthur"
192,success,Geocoding successful.,47.47835922241211,8.76677131652832,Weizackerstrasse 30 <b>8405 Winterthur</b>,1156202_0,"{'attrs': {'detail': 'weizackerstrasse 30 8405 winterthur 230 winterthur ch zh', 'featureId': '1156202_0', 'geom_quadindex': '030010303211223022220', 'geom_st_box2d': 'BOX(8.76676 47.478362,8.76676 47.478362)', 'label': 'Weizackerstrasse 30 <b>8405 Winterthur</b>', 'lat': 47.47835922241211, 'links': [{'href': '/rest/services/ech/MapServer/ch.swisstopo.amtliches-gebaeudeadressverzeichnis/100804418', 'rel': 'related', 'title': 'ch.swisstopo.amtliches-gebaeudeadressverzeichnis'}, {'href': '/rest/services/ech/MapServer/ch.bfs.gebaeude_wohnungs_register/1156202_0', 'rel': 'related', 'title': 'ch.bfs.gebaeude_wohnungs_register'}], 'lon': 8.76677131652832, 'num': 30, 'objectclass': '', 'origin': 'address', 'rank': 7, 'x': 8.76677131652832, 'y': 47.47835922241211, 'zoomlevel': 10}, 'id': 2417567, 'weight': 1}","Weizackerstrasse 30, 8405 Winterthur"
193,success,Geocoding successful.,47.47865295410156,8.766800880432129,Weizackerstrasse 26 <b>8405 Winterthur</b>,1156201_0,"{'attrs': {'detail': 'weizackerstrasse 26 8405 winterthur 230 winterthur ch zh', 'featureId': '1156201_0', 'geom_quadindex': '030010303211221020322', 'geom_st_box2d': 'BOX(8.766789 47.478655,8.766789 47.478655)', 'label': 'Weizackerstrasse 26 <b>8405 Winterthur</b>', 'lat': 47.47865295410156, 'links': [{'href': '/rest/services/ech/MapServer/ch.swisstopo.amtliches-gebaeudeadressverzeichnis/100804417', 'rel': 'related', 'title': 'ch.swisstopo.amtliches-gebaeudeadressverzeichnis'}, {'href': '/rest/services/ech/MapServer/ch.bfs.gebaeude_wohnungs_register/1156201_0', 'rel': 'related', 'title': 'ch.bfs.gebaeude_wohnungs_register'}], 'lon': 8.766800880432129, 'num': 26, 'objectclass': '', 'origin': 'address', 'rank': 7, 'x': 8.766800880432129, 'y': 47.47865295410156, 'zoomlevel': 10}, 'id': 2107166, 'weight': 1}","Weizackerstrasse 26, 8405 Winterthur"
194,success,Geocoding successful.,47.48661804199219,8.711992263793945,Eichliackerstrasse 79 <b>8406 Winterthur</b>,3000250_0,"{'attrs': {'detail': 'eichliackerstrasse 79 8406 winterthur 230 winterthur ch zh', 'featureId': '3000250_0', 'geom_quadindex': '030010213003031122323', 'geom_st_box2d': 'BOX(8.711979 47.486618,8.711979 47.486618)', 'label': 'Eichliackerstrasse 79 <b>8406 Winterthur</b>', 'lat': 47.48661804199219, 'links': [{'href': '/rest/services/ech/MapServer/ch.swisstopo.amtliches-gebaeudeadressverzeichnis/101113230', 'rel': 'related', 'title': 'ch.swisstopo.amtliches-gebaeudeadressverzeichnis'}, {'href': '/rest/services/ech/MapServer/ch.bfs.gebaeude_wohnungs_register/3000250_0', 'rel': 'related', 'title': 'ch.bfs.gebaeude_wohnungs_register'}], 'lon': 8.711992263793945, 'num': 79, 'objectclass': '', 'origin': 'address', 'rank': 7, 'x': 8.711992263793945, 'y': 47.48661804199219, 'zoomlevel': 10}, 'id': 2370661, 'weight': 1}","Eichliackerstrasse 79, 8406 Winterthur"
195,success,Geocoding successful.,47.47629165649414,8.746155738830566,Eschenbergstrasse 2 <b>8400 Winterthur</b>,1162594_0,"{'attrs': {'detail': 'eschenbergstrasse 2 8400 winterthur 230 winterthur ch zh', 'featureId': '1162594_0', 'geom_quadindex': '030010302320100002331', 'geom_st_box2d': 'BOX(8.746144 47.476292,8.746144 47.476292)', 'label': 'Eschenbergstrasse 2 <b>8400 Winterthur</b>', 'lat': 47.47629165649414, 'links': [{'href': '/rest/services/ech/MapServer/ch.swisstopo.amtliches-gebaeudeadressverzeichnis/100807494', 'rel': 'related', 'title': 'ch.swisstopo.amtliches-gebaeudeadressverzeichnis'}, {'href': '/rest/services/ech/MapServer/ch.bfs.gebaeude_wohnungs_register/1162594_0', 'rel': 'related', 'title': 'ch.bfs.gebaeude_wohnungs_register'}], 'lon': 8.746155738830566, 'num': 2, 'objectclass': '', 'origin': 'address', 'rank': 7, 'x': 8.746155738830566, 'y': 47.47629165649414, 'zoomlevel': 10}, 'id': 2732987, 'weight': 1}","Eschenbergstrasse 2, 8400 Winterthur"
196,success,Geocoding successful.,47.47644805908203,8.745621681213379,Eschenbergstrasse 4 <b>8400 Winterthur</b>,201035176_0,"{'attrs': {'detail': 'eschenbergstrasse 4 8400 winterthur 230 winterthur ch zh', 'featureId': '201035176_0', 'geom_quadindex': '030010302302232303112', 'geom_st_box2d': 'BOX(8.74561 47.476449,8.74561 47.476449)', 'label': 'Eschenbergstrasse 4 <b>8400 Winterthur</b>', 'lat': 47.47644805908203, 'links': [{'href': '/rest/services/ech/MapServer/ch.swisstopo.amtliches-gebaeudeadressverzeichnis/101687380', 'rel': 'related', 'title': 'ch.swisstopo.amtliches-gebaeudeadressverzeichnis'}, {'href': '/rest/services/ech/MapServer/ch.bfs.gebaeude_wohnungs_register/201035176_0', 'rel': 'related', 'title': 'ch.bfs.gebaeude_wohnungs_register'}], 'lon': 8.745621681213379, 'num': 4, 'objectclass': '', 'origin': 'address', 'rank': 7, 'x': 8.745621681213379, 'y': 47.47644805908203, 'zoomlevel': 10}, 'id': 1987711, 'weight': 1}","Eschenbergstrasse 4, 8400 Winterthur"
197,success,Geocoding successful.,47.496456146240234,8.76346492767334,Fröschenweidstrasse 1 <b>8404 Winterthur</b>,201032321_0,"{'attrs': {'detail': 'froeschenweidstrasse 1 8404 winterthur 230 winterthur ch zh', 'featureId': '201032321_0', 'geom_quadindex': '030010301201131232312', 'geom_st_box2d': 'BOX(8.763453 47.496459,8.763453 47.496459)', 'label': 'Fröschenweidstrasse 1 <b>8404 Winterthur</b>', 'lat': 47.496456146240234, 'links': [{'href': '/rest/services/ech/MapServer/ch.swisstopo.amtliches-gebaeudeadressverzeichnis/101677029', 'rel': 'related', 'title': 'ch.swisstopo.amtliches-gebaeudeadressverzeichnis'}, {'href': '/rest/services/ech/MapServer/ch.bfs.gebaeude_wohnungs_register/201032321_0', 'rel': 'related', 'title': 'ch.bfs.gebaeude_wohnungs_register'}], 'lon': 8.76346492767334, 'num': 1, 'objectclass': '', 'origin': 'address', 'rank': 7, 'x': 8.76346492767334, 'y': 47.496456146240234, 'zoomlevel': 10}, 'id': 1976005, 'weight': 1}","Fröschenweidstrasse 1, 8404 Winterthur"
198,success,Geocoding successful.,47.486427307128906,8.754838943481445,Heinrich-Bosshard-Strasse 6 <b>8405 Winterthur</b>,1155927_0,"{'attrs': {'detail': 'heinrich-bosshard-strasse 6 8405 winterthur 230 winterthur ch zh', 'featureId': '1155927_0', 'geom_quadindex': '030010302113003132013', 'geom_st_box2d': 'BOX(8.754826 47.486428,8.754826 47.486428)', 'label': 'Heinrich-Bosshard-Strasse 6 <b>8405 Winterthur</b>', 'lat': 47.486427307128906, 'links': [{'href': '/rest/services/ech/MapServer/ch.swisstopo.amtliches-gebaeudeadressverzeichnis/100803450', 'rel': 'related', 'title': 'ch.swisstopo.amtliches-gebaeudeadressverzeichnis'}, {'href': '/rest/services/ech/MapServer/ch.bfs.gebaeude_wohnungs_register/1155927_0', 'rel': 'related', 'title': 'ch.bfs.gebaeude_wohnungs_register'}], 'lon': 8.754838943481445, 'num': 6, 'objectclass': '', 'origin': 'address', 'rank': 7, 'x': 8.754838943481445, 'y': 47.486427307128906, 'zoomlevel': 10}, 'id': 2027452, 'weight': 1}","Heinrich-Bosshard-Strasse 6, 8405 Winterthur"
199,success,Geocoding successful.,47.48639678955078,8.754898071289062,Heinrich-Bosshard-Strasse 4 <b>8405 Winterthur</b>,1155926_0,"{'attrs': {'detail': 'heinrich-bosshard-strasse 4 8405 winterthur 230 winterthur ch zh', 'featureId': '1155926_0', 'geom_quadindex': '030010302113003311101', 'geom_st_box2d': 'BOX(8.754886 47.486398,8.754886 47.486398)', 'label': 'Heinrich-Bosshard-Strasse 4 <b>8405 Winterthur</b>', 'lat': 47.48639678955078, 'links': [{'href': '/rest/services/ech/MapServer/ch.swisstopo.amtliches-gebaeudeadressverzeichnis/100803449', 'rel': 'related', 'title': 'ch.swisstopo.amtliches-gebaeudeadressverzeichnis'}, {'href': '/rest/services/ech/MapServer/ch.bfs.gebaeude_wohnungs_register/1155926_0', 'rel': 'related', 'title': 'ch.bfs.gebaeude_wohnungs_register'}], 'lon': 8.754898071289062, 'num': 4, 'objectclass': '', 'origin': 'address', 'rank': 7, 'x': 8.754898071289062, 'y': 47.48639678955078, 'zoomlevel': 10}, 'id': 1992234, 'weight': 1}","Heinrich-Bosshard-Strasse 4, 8405 Winterthur"
200,success,Geocoding successful.,47.48645782470703,8.754778861999512,Heinrich-Bosshard-Strasse 8 <b>8405 Winterthur</b>,1155928_0,"{'attrs': {'detail': 'heinrich-bosshard-strasse 8 8405 winterthur 230 winterthur ch zh', 'featureId': '1155928_0', 'geom_quadindex': '030010302113003121003', 'geom_st_box2d': 'BOX(8.754766 47.486458,8.754766 47.486458)', 'label': 'Heinrich-Bosshard-Strasse 8 <b>8405 Winterthur</b>', 'lat': 47.48645782470703, 'links': [{'href': '/rest/services/ech/MapServer/ch.swisstopo.amtliches-gebaeudeadressverzeichnis/100803451', 'rel': 'related', 'title': 'ch.swisstopo.amtliches-gebaeudeadressverzeichnis'}, {'href': '/rest/services/ech/MapServer/ch.bfs.gebaeude_wohnungs_register/1155928_0', 'rel': 'related', 'title': 'ch.bfs.gebaeude_wohnungs_register'}], 'lon': 8.754778861999512, 'num': 8, 'objectclass': '', 'origin': 'address', 'rank': 7, 'x': 8.754778861999512, 'y': 47.48645782470703, 'zoomlevel': 10}, 'id': 2575497, 'weight': 1}","Heinrich-Bosshard-Strasse 8, 8405 Winterthur"
201,success,Geocoding successful.,47.4864387512207,8.754984855651855,Heinrich-Bosshard-Strasse 2 <b>8405 Winterthur</b>,1155946_0,"{'attrs': {'detail': 'heinrich-bosshard-strasse 2 8405 winterthur 230 winterthur ch zh', 'featureId': '1155946_0', 'geom_quadindex': '030010302113012021213', 'geom_st_box2d': 'BOX(8.754973 47.48644,8.754973 47.48644)', 'label': 'Heinrich-Bosshard-Strasse 2 <b>8405 Winterthur</b>', 'lat': 47.4864387512207, 'links': [{'href': '/rest/services/ech/MapServer/ch.swisstopo.amtliches-gebaeudeadressverzeichnis/100803469', 'rel': 'related', 'title': 'ch.swisstopo.amtliches-gebaeudeadressverzeichnis'}, {'href': '/rest/services/ech/MapServer/ch.bfs.gebaeude_wohnungs_register/1155946_0', 'rel': 'related', 'title': 'ch.bfs.gebaeude_wohnungs_register'}], 'lon': 8.754984855651855, 'num': 2, 'objectclass': '', 'origin': 'address', 'rank': 7, 'x': 8.754984855651855, 'y': 47.4864387512207, 'zoomlevel': 10}, 'id': 2550688, 'weight': 1}","Heinrich-Bosshard-Strasse 2, 8405 Winterthur"
202,success,Geocoding successful.,47.516021728515625,8.669075965881348,Im Bruni 12 <b>8408 Winterthur</b>,201032874_0,"{'attrs': {'detail': 'im bruni 12 8408 winterthur 230 winterthur ch zh', 'featureId': '201032874_0', 'geom_quadindex': '030010023033211213120', 'geom_st_box2d': 'BOX(8.669062 47.516023,8.669062 47.516023)', 'label': 'Im Bruni 12 <b>8408 Winterthur</b>', 'lat': 47.516021728515625, 'links': [{'href': '/rest/services/ech/MapServer/ch.swisstopo.amtliches-gebaeudeadressverzeichnis/101683516', 'rel': 'related', 'title': 'ch.swisstopo.amtliches-gebaeudeadressverzeichnis'}, {'href': '/rest/services/ech/MapServer/ch.bfs.gebaeude_wohnungs_register/201032874_0', 'rel': 'related', 'title': 'ch.bfs.gebaeude_wohnungs_register'}], 'lon': 8.669075965881348, 'num': 12, 'objectclass': '', 'origin': 'address', 'rank': 7, 'x': 8.669075965881348, 'y': 47.516021728515625, 'zoomlevel': 10}, 'id': 2098134, 'weight': 1}","Im Bruni 12, 8408 Winterthur"
203,success,Geocoding successful.,47.52081298828125,8.714865684509277,Pfaffenstudenstrasse 14 <b>8400 Winterthur</b>,201031183_0,"{'attrs': {'detail': 'pfaffenstudenstrasse 14 8400 winterthur 230 winterthur ch zh', 'featureId': '201031183_0', 'geom_quadindex': '030010033012000310333', 'geom_st_box2d': 'BOX(8.714852 47.520813,8.714852 47.520813)', 'label': 'Pfaffenstudenstrasse 14 <b>8400 Winterthur</b>', 'lat': 47.52081298828125, 'links': [{'href': '/rest/services/ech/MapServer/ch.swisstopo.amtliches-gebaeudeadressverzeichnis/101684808', 'rel': 'related', 'title': 'ch.swisstopo.amtliches-gebaeudeadressverzeichnis'}, {'href': '/rest/services/ech/MapServer/ch.bfs.gebaeude_wohnungs_register/201031183_0', 'rel': 'related', 'title': 'ch.bfs.gebaeude_wohnungs_register'}], 'lon': 8.714865684509277, 'num': 14, 'objectclass': '', 'origin': 'address', 'rank': 7, 'x': 8.714865684509277, 'y': 47.52081298828125, 'zoomlevel': 10}, 'id': 2182555, 'weight': 1}","Pfaffenstudenstrasse 14, 8400 Winterthur"
204,success,Geocoding successful.,47.51963424682617,8.690523147583008,Radhofstrasse 12 <b>8408 Winterthur</b>,2321902_0,"{'attrs': {'detail': 'radhofstrasse 12 8408 winterthur 230 winterthur ch zh', 'featureId': '2321902_0', 'geom_quadindex': '030010032012230010313', 'geom_st_box2d': 'BOX(8.69051 47.519634,8.69051 47.519634)', 'label': 'Radhofstrasse 12 <b>8408 Winterthur</b>', 'lat': 47.51963424682617, 'links': [{'href': '/rest/services/ech/MapServer/ch.swisstopo.amtliches-gebaeudeadressverzeichnis/101013853', 'rel': 'related', 'title': 'ch.swisstopo.amtliches-gebaeudeadressverzeichnis'}, {'href': '/rest/services/ech/MapServer/ch.bfs.gebaeude_wohnungs_register/2321902_0', 'rel': 'related', 'title': 'ch.bfs.gebaeude_wohnungs_register'}], 'lon': 8.690523147583008, 'num': 12, 'objectclass': '', 'origin': 'address', 'rank': 7, 'x': 8.690523147583008, 'y': 47.51963424682617, 'zoomlevel': 10}, 'id': 1980088, 'weight': 1}","Radhofstrasse 12, 8408 Winterthur"
205,success,Geocoding successful.,47.49454116821289,8.75576114654541,Rudolf-Diesel-Strasse 10 <b>8404 Winterthur</b>,9083764_0,"{'attrs': {'detail': 'rudolf-diesel-strasse 10 8404 winterthur 230 winterthur ch zh', 'featureId': '9083764_0', 'geom_quadindex': '030010300313031301210', 'geom_st_box2d': 'BOX(8.755749 47.494541,8.755749 47.494541)', 'label': 'Rudolf-Diesel-Strasse 10 <b>8404 Winterthur</b>', 'lat': 47.49454116821289, 'links': [{'href': '/rest/services/ech/MapServer/ch.swisstopo.amtliches-gebaeudeadressverzeichnis/101364012', 'rel': 'related', 'title': 'ch.swisstopo.amtliches-gebaeudeadressverzeichnis'}, {'href': '/rest/services/ech/MapServer/ch.bfs.gebaeude_wohnungs_register/9083764_0', 'rel': 'related', 'title': 'ch.bfs.gebaeude_wohnungs_register'}], 'lon': 8.75576114654541, 'num': 10, 'objectclass': '', 'origin': 'address', 'rank': 7, 'x': 8.75576114654541, 'y': 47.49454116821289, 'zoomlevel': 10}, 'id': 1916799, 'weight': 1}","Rudolf-Diesel-Strasse 10, 8404 Winterthur"
206,success,Geocoding successful.,47.49618148803711,8.764693260192871,Fröschenweidstrasse 8 <b>8404 Winterthur</b>,2325887_0,"{'attrs': {'detail': 'froeschenweidstrasse 8 8404 winterthur 230 winterthur ch zh', 'featureId': '2325887_0', 'geom_quadindex': '030010301210032322201', 'geom_st_box2d': 'BOX(8.764681 47.496184,8.764681 47.496184)', 'label': 'Fröschenweidstrasse 8 <b>8404 Winterthur</b>', 'lat': 47.49618148803711, 'links': [{'href': '/rest/services/ech/MapServer/ch.swisstopo.amtliches-gebaeudeadressverzeichnis/101168046', 'rel': 'related', 'title': 'ch.swisstopo.amtliches-gebaeudeadressverzeichnis'}, {'href': '/rest/services/ech/MapServer/ch.bfs.gebaeude_wohnungs_register/2325887_0', 'rel': 'related', 'title': 'ch.bfs.gebaeude_wohnungs_register'}], 'lon': 8.764693260192871, 'num': 8, 'objectclass': '', 'origin': 'address', 'rank': 7, 'x': 8.764693260192871, 'y': 47.49618148803711, 'zoomlevel': 10}, 'id': 2337295, 'weight': 1}","Fröschenweidstrasse 8, 8404 Winterthur"
207,success,Geocoding successful.,47.49616622924805,8.76458740234375,Fröschenweidstrasse 6 <b>8404 Winterthur</b>,2326642_0,"{'attrs': {'detail': 'froeschenweidstrasse 6 8404 winterthur 230 winterthur ch zh', 'featureId': '2326642_0', 'geom_quadindex': '030010301210210010000', 'geom_st_box2d': 'BOX(8.764575 47.496168,8.764575 47.496168)', 'label': 'Fröschenweidstrasse 6 <b>8404 Winterthur</b>', 'lat': 47.49616622924805, 'links': [{'href': '/rest/services/ech/MapServer/ch.swisstopo.amtliches-gebaeudeadressverzeichnis/101168099', 'rel': 'related', 'title': 'ch.swisstopo.amtliches-gebaeudeadressverzeichnis'}, {'href': '/rest/services/ech/MapServer/ch.bfs.gebaeude_wohnungs_register/2326642_0', 'rel': 'related', 'title': 'ch.bfs.gebaeude_wohnungs_register'}], 'lon': 8.76458740234375, 'num': 6, 'objectclass': '', 'origin': 'address', 'rank': 7, 'x': 8.76458740234375, 'y': 47.49616622924805, 'zoomlevel': 10}, 'id': 2530657, 'weight': 1}","Fröschenweidstrasse 6, 8404 Winterthur"
208,success,Geocoding successful.,47.49614715576172,8.764102935791016,Fröschenweidstrasse 2 <b>8404 Winterthur</b>,2326443_0,"{'attrs': {'detail': 'froeschenweidstrasse 2 8404 winterthur 230 winterthur ch zh', 'featureId': '2326443_0', 'geom_quadindex': '030010301210201000220', 'geom_st_box2d': 'BOX(8.764091 47.496149,8.764091 47.496149)', 'label': 'Fröschenweidstrasse 2 <b>8404 Winterthur</b>', 'lat': 47.49614715576172, 'links': [{'href': '/rest/services/ech/MapServer/ch.swisstopo.amtliches-gebaeudeadressverzeichnis/101168069', 'rel': 'related', 'title': 'ch.swisstopo.amtliches-gebaeudeadressverzeichnis'}, {'href': '/rest/services/ech/MapServer/ch.bfs.gebaeude_wohnungs_register/2326443_0', 'rel': 'related', 'title': 'ch.bfs.gebaeude_wohnungs_register'}], 'lon': 8.764102935791016, 'num': 2, 'objectclass': '', 'origin': 'address', 'rank': 7, 'x': 8.764102935791016, 'y': 47.49614715576172, 'zoomlevel': 10}, 'id': 1902570, 'weight': 1}","Fröschenweidstrasse 2, 8404 Winterthur"
209,success,Geocoding successful.,47.4959831237793,8.764348030090332,Fröschenweidstrasse 4 <b>8404 Winterthur</b>,2326442_0,"{'attrs': {'detail': 'froeschenweidstrasse 4 8404 winterthur 230 winterthur ch zh', 'featureId': '2326442_0', 'geom_quadindex': '030010301210201303203', 'geom_st_box2d': 'BOX(8.764336 47.495986,8.764336 47.495986)', 'label': 'Fröschenweidstrasse 4 <b>8404 Winterthur</b>', 'lat': 47.4959831237793, 'links': [{'href': '/rest/services/ech/MapServer/ch.swisstopo.amtliches-gebaeudeadressverzeichnis/101168068', 'rel': 'related', 'title': 'ch.swisstopo.amtliches-gebaeudeadressverzeichnis'}, {'href': '/rest/services/ech/MapServer/ch.bfs.gebaeude_wohnungs_register/2326442_0', 'rel': 'related', 'title': 'ch.bfs.gebaeude_wohnungs_register'}], 'lon': 8.764348030090332, 'num': 4, 'objectclass': '', 'origin': 'address', 'rank': 7, 'x': 8.764348030090332, 'y': 47.4959831237793, 'zoomlevel': 10}, 'id': 2358731, 'weight': 1}","Fröschenweidstrasse 4, 8404 Winterthur"
210,success,Geocoding successful.,47.51362609863281,8.768922805786133,Riedbachweg 4 <b>8404 Winterthur</b>,201036104_0,"{'attrs': {'detail': 'riedbachweg 4 8404 winterthur 230 winterthur ch zh', 'featureId': '201036104_0', 'geom_quadindex': '030010123211102210201', 'geom_st_box2d': 'BOX(8.768911 47.513627,8.768911 47.513627)', 'label': 'Riedbachweg 4 <b>8404 Winterthur</b>', 'lat': 47.51362609863281, 'links': [{'href': '/rest/services/ech/MapServer/ch.swisstopo.amtliches-gebaeudeadressverzeichnis/101677266', 'rel': 'related', 'title': 'ch.swisstopo.amtliches-gebaeudeadressverzeichnis'}, {'href': '/rest/services/ech/MapServer/ch.bfs.gebaeude_wohnungs_register/201036104_0', 'rel': 'related', 'title': 'ch.bfs.gebaeude_wohnungs_register'}], 'lon': 8.768922805786133, 'num': 4, 'objectclass': '', 'origin': 'address', 'rank': 7, 'x': 8.768922805786133, 'y': 47.51362609863281, 'zoomlevel': 10}, 'id': 2116367, 'weight': 1}","Riedbachweg 4, 8404 Winterthur"
211,success,Geocoding successful.,47.50551223754883,8.755327224731445,Unterwegli 50 <b>8404 Winterthur</b>,201034056_0,"{'attrs': {'detail': 'unterwegli 50 8404 winterthur 230 winterthur ch zh', 'featureId': '201034056_0', 'geom_quadindex': '030010300111001332310', 'geom_st_box2d': 'BOX(8.755315 47.505516,8.755315 47.505516)', 'label': 'Unterwegli 50 <b>8404 Winterthur</b>', 'lat': 47.50551223754883, 'links': [{'href': '/rest/services/ech/MapServer/ch.swisstopo.amtliches-gebaeudeadressverzeichnis/101675838', 'rel': 'related', 'title': 'ch.swisstopo.amtliches-gebaeudeadressverzeichnis'}, {'href': '/rest/services/ech/MapServer/ch.bfs.gebaeude_wohnungs_register/201034056_0', 'rel': 'related', 'title': 'ch.bfs.gebaeude_wohnungs_register'}], 'lon': 8.755327224731445, 'num': 50, 'objectclass': '', 'origin': 'address', 'rank': 7, 'x': 8.755327224731445, 'y': 47.50551223754883, 'zoomlevel': 10}, 'id': 2893987, 'weight': 1}","Unterwegli 50, 8404 Winterthur"
212,success,Geocoding successful.,47.497108459472656,8.713351249694824,Waldhofstrasse 1 <b>8400 Winterthur</b>,1152484_0,"{'attrs': {'detail': 'waldhofstrasse 1 8400 winterthur 230 winterthur ch zh', 'featureId': '1152484_0', 'geom_quadindex': '030010211201130211233', 'geom_st_box2d': 'BOX(8.713339 47.497112,8.713339 47.497112)', 'label': 'Waldhofstrasse 1 <b>8400 Winterthur</b>', 'lat': 47.497108459472656, 'links': [{'href': '/rest/services/ech/MapServer/ch.swisstopo.amtliches-gebaeudeadressverzeichnis/100822164', 'rel': 'related', 'title': 'ch.swisstopo.amtliches-gebaeudeadressverzeichnis'}, {'href': '/rest/services/ech/MapServer/ch.bfs.gebaeude_wohnungs_register/1152484_0', 'rel': 'related', 'title': 'ch.bfs.gebaeude_wohnungs_register'}], 'lon': 8.713351249694824, 'num': 1, 'objectclass': '', 'origin': 'address', 'rank': 7, 'x': 8.713351249694824, 'y': 47.497108459472656, 'zoomlevel': 10}, 'id': 2795735, 'weight': 1}","Waldhofstrasse 1, 8400 Winterthur"
213,success,Geocoding successful.,47.48649978637695,8.768898963928223,Brunnerstrasse 35 <b>8405 Winterthur</b>,201010014_1,"{'attrs': {'detail': 'brunnerstrasse 35 8405 winterthur 230 winterthur ch zh', 'featureId': '201010014_1', 'geom_quadindex': '030010303013101133323', 'geom_st_box2d': 'BOX(8.768887 47.486503,8.768887 47.486503)', 'label': 'Brunnerstrasse 35 <b>8405 Winterthur</b>', 'lat': 47.48649978637695, 'links': [{'href': '/rest/services/ech/MapServer/ch.swisstopo.amtliches-gebaeudeadressverzeichnis/101451604', 'rel': 'related', 'title': 'ch.swisstopo.amtliches-gebaeudeadressverzeichnis'}, {'href': '/rest/services/ech/MapServer/ch.bfs.gebaeude_wohnungs_register/201010014_1', 'rel': 'related', 'title': 'ch.bfs.gebaeude_wohnungs_register'}], 'lon': 8.768898963928223, 'num': 35, 'objectclass': '', 'origin': 'address', 'rank': 7, 'x': 8.768898963928223, 'y': 47.48649978637695, 'zoomlevel': 10}, 'id': 2314669, 'weight': 1}","Brunnerstrasse 35, 8405 Winterthur"
214,success,Geocoding successful.,47.48676300048828,8.770017623901367,Florenstrasse 13 <b>8405 Winterthur</b>,201035841_0,"{'attrs': {'detail': 'florenstrasse 13 8405 winterthur 230 winterthur ch zh', 'featureId': '201035841_0', 'geom_quadindex': '030010303100222132300', 'geom_st_box2d': 'BOX(8.770006 47.486766,8.770006 47.486766)', 'label': 'Florenstrasse 13 <b>8405 Winterthur</b>', 'lat': 47.48676300048828, 'links': [{'href': '/rest/services/ech/MapServer/ch.swisstopo.amtliches-gebaeudeadressverzeichnis/101674733', 'rel': 'related', 'title': 'ch.swisstopo.amtliches-gebaeudeadressverzeichnis'}, {'href': '/rest/services/ech/MapServer/ch.bfs.gebaeude_wohnungs_register/201035841_0', 'rel': 'related', 'title': 'ch.bfs.gebaeude_wohnungs_register'}], 'lon': 8.770017623901367, 'num': 13, 'objectclass': '', 'origin': 'address', 'rank': 7, 'x': 8.770017623901367, 'y': 47.48676300048828, 'zoomlevel': 10}, 'id': 2181190, 'weight': 1}","Florenstrasse 13, 8405 Winterthur"
215,success,Geocoding successful.,47.486610412597656,8.769186973571777,Florenstrasse 11 <b>8405 Winterthur</b>,201010014_0,"{'attrs': {'detail': 'florenstrasse 11 8405 winterthur 230 winterthur ch zh', 'featureId': '201010014_0', 'geom_quadindex': '030010303013110101300', 'geom_st_box2d': 'BOX(8.769175 47.486611,8.769175 47.486611)', 'label': 'Florenstrasse 11 <b>8405 Winterthur</b>', 'lat': 47.486610412597656, 'links': [{'href': '/rest/services/ech/MapServer/ch.swisstopo.amtliches-gebaeudeadressverzeichnis/101451605', 'rel': 'related', 'title': 'ch.swisstopo.amtliches-gebaeudeadressverzeichnis'}, {'href': '/rest/services/ech/MapServer/ch.bfs.gebaeude_wohnungs_register/201010014_0', 'rel': 'related', 'title': 'ch.bfs.gebaeude_wohnungs_register'}], 'lon': 8.769186973571777, 'num': 11, 'objectclass': '', 'origin': 'address', 'rank': 7, 'x': 8.769186973571777, 'y': 47.486610412597656, 'zoomlevel': 10}, 'id': 1886326, 'weight': 1}","Florenstrasse 11, 8405 Winterthur"
216,success,Geocoding successful.,47.51192855834961,8.692526817321777,Holzlegistrasse 17 <b>8408 Winterthur</b>,1161019_0,"{'attrs': {'detail': 'holzlegistrasse 17 8408 winterthur 230 winterthur ch zh', 'featureId': '1161019_0', 'geom_quadindex': '030010032212133113332', 'geom_st_box2d': 'BOX(8.692513 47.511932,8.692513 47.511932)', 'label': 'Holzlegistrasse 17 <b>8408 Winterthur</b>', 'lat': 47.51192855834961, 'links': [{'href': '/rest/services/ech/MapServer/ch.swisstopo.amtliches-gebaeudeadressverzeichnis/100808313', 'rel': 'related', 'title': 'ch.swisstopo.amtliches-gebaeudeadressverzeichnis'}, {'href': '/rest/services/ech/MapServer/ch.bfs.gebaeude_wohnungs_register/1161019_0', 'rel': 'related', 'title': 'ch.bfs.gebaeude_wohnungs_register'}], 'lon': 8.692526817321777, 'num': 17, 'objectclass': '', 'origin': 'address', 'rank': 7, 'x': 8.692526817321777, 'y': 47.51192855834961, 'zoomlevel': 10}, 'id': 2055768, 'weight': 1}","Holzlegistrasse 17, 8408 Winterthur"
217,success,Geocoding successful.,47.47736740112305,8.764237403869629,Im Schützenbühl 57 <b>8405 Winterthur</b>,201031881_0,"{'attrs': {'detail': 'im schuetzenbuehl 57 8405 winterthur 230 winterthur ch zh', 'featureId': '201031881_0', 'geom_quadindex': '030010303212032120231', 'geom_st_box2d': 'BOX(8.764225 47.477371,8.764225 47.477371)', 'label': 'Im Schützenbühl 57 <b>8405 Winterthur</b>', 'lat': 47.47736740112305, 'links': [{'href': '/rest/services/ech/MapServer/ch.swisstopo.amtliches-gebaeudeadressverzeichnis/101671874', 'rel': 'related', 'title': 'ch.swisstopo.amtliches-gebaeudeadressverzeichnis'}, {'href': '/rest/services/ech/MapServer/ch.bfs.gebaeude_wohnungs_register/201031881_0', 'rel': 'related', 'title': 'ch.bfs.gebaeude_wohnungs_register'}], 'lon': 8.764237403869629, 'num': 57, 'objectclass': '', 'origin': 'address', 'rank': 7, 'x': 8.764237403869629, 'y': 47.47736740112305, 'zoomlevel': 10}, 'id': 2704100, 'weight': 1}","Im Schützenbühl 57, 8405 Winterthur"
218,success,Geocoding successful.,47.51314926147461,8.693336486816406,Riedhofstrasse 53 <b>8408 Winterthur</b>,1161034_0,"{'attrs': {'detail': 'riedhofstrasse 53 8408 winterthur 230 winterthur ch zh', 'featureId': '1161034_0', 'geom_quadindex': '030010032211221311312', 'geom_st_box2d': 'BOX(8.693323 47.51315,8.693323 47.51315)', 'label': 'Riedhofstrasse 53 <b>8408 Winterthur</b>', 'lat': 47.51314926147461, 'links': [{'href': '/rest/services/ech/MapServer/ch.swisstopo.amtliches-gebaeudeadressverzeichnis/100808328', 'rel': 'related', 'title': 'ch.swisstopo.amtliches-gebaeudeadressverzeichnis'}, {'href': '/rest/services/ech/MapServer/ch.bfs.gebaeude_wohnungs_register/1161034_0', 'rel': 'related', 'title': 'ch.bfs.gebaeude_wohnungs_register'}], 'lon': 8.693336486816406, 'num': 53, 'objectclass': '', 'origin': 'address', 'rank': 7, 'x': 8.693336486816406, 'y': 47.51314926147461, 'zoomlevel': 10}, 'id': 2591584, 'weight': 1}","Riedhofstrasse 53, 8408 Winterthur"
219,success,Geocoding successful.,47.505611419677734,8.766348838806152,Rümikerstrasse 14 <b>8409 Winterthur</b>,2326373_0,"{'attrs': {'detail': 'ruemikerstrasse 14 8409 winterthur 230 winterthur ch zh', 'featureId': '2326373_0', 'geom_quadindex': '030010301010110001213', 'geom_st_box2d': 'BOX(8.766337 47.505615,8.766337 47.505615)', 'label': 'Rümikerstrasse 14 <b>8409 Winterthur</b>', 'lat': 47.505611419677734, 'links': [{'href': '/rest/services/ech/MapServer/ch.swisstopo.amtliches-gebaeudeadressverzeichnis/101168060', 'rel': 'related', 'title': 'ch.swisstopo.amtliches-gebaeudeadressverzeichnis'}, {'href': '/rest/services/ech/MapServer/ch.bfs.gebaeude_wohnungs_register/2326373_0', 'rel': 'related', 'title': 'ch.bfs.gebaeude_wohnungs_register'}], 'lon': 8.766348838806152, 'num': 14, 'objectclass': '', 'origin': 'address', 'rank': 7, 'x': 8.766348838806152, 'y': 47.505611419677734, 'zoomlevel': 10}, 'id': 2338774, 'weight': 1}","Rümikerstrasse 14, 8409 Winterthur"
220,success,Geocoding successful.,47.49775695800781,8.752666473388672,Scheideggstrasse 52 <b>8404 Winterthur</b>,201031885_1,"{'attrs': {'detail': 'scheideggstrasse 52 8404 winterthur 230 winterthur ch zh', 'featureId': '201031885_1', 'geom_quadindex': '030010300132231033333', 'geom_st_box2d': 'BOX(8.752655 47.497757,8.752655 47.497757)', 'label': 'Scheideggstrasse 52 <b>8404 Winterthur</b>', 'lat': 47.49775695800781, 'links': [{'href': '/rest/services/ech/MapServer/ch.swisstopo.amtliches-gebaeudeadressverzeichnis/101671880', 'rel': 'related', 'title': 'ch.swisstopo.amtliches-gebaeudeadressverzeichnis'}, {'href': '/rest/services/ech/MapServer/ch.bfs.gebaeude_wohnungs_register/201031885_1', 'rel': 'related', 'title': 'ch.bfs.gebaeude_wohnungs_register'}], 'lon': 8.752666473388672, 'num': 52, 'objectclass': '', 'origin': 'address', 'rank': 7, 'x': 8.752666473388672, 'y': 47.49775695800781, 'zoomlevel': 10}, 'id': 2596506, 'weight': 1}","Scheideggstrasse 52, 8404 Winterthur"
221,success,Geocoding successful.,47.52190017700195,8.758699417114258,Stadlerstrasse 178 <b>8404 Winterthur</b>,201036292_0,"{'attrs': {'detail': 'stadlerstrasse 178 8404 winterthur 230 winterthur ch zh', 'featureId': '201036292_0', 'geom_quadindex': '030010123000021211323', 'geom_st_box2d': 'BOX(8.758687 47.521903,8.758687 47.521903)', 'label': 'Stadlerstrasse 178 <b>8404 Winterthur</b>', 'lat': 47.52190017700195, 'links': [{'href': '/rest/services/ech/MapServer/ch.swisstopo.amtliches-gebaeudeadressverzeichnis/101679782', 'rel': 'related', 'title': 'ch.swisstopo.amtliches-gebaeudeadressverzeichnis'}, {'href': '/rest/services/ech/MapServer/ch.bfs.gebaeude_wohnungs_register/201036292_0', 'rel': 'related', 'title': 'ch.bfs.gebaeude_wohnungs_register'}], 'lon': 8.758699417114258, 'num': 178, 'objectclass': '', 'origin': 'address', 'rank': 7, 'x': 8.758699417114258, 'y': 47.52190017700195, 'zoomlevel': 10}, 'id': 2140448, 'weight': 1}","Stadlerstrasse 178, 8404 Winterthur"
222,success,Geocoding successful.,47.48270034790039,8.77046012878418,Bachwiesenstrasse 7 <b>8405 Winterthur</b>,2325778_0,"{'attrs': {'detail': 'bachwiesenstrasse 7 8405 winterthur 230 winterthur ch zh', 'featureId': '2325778_0', 'geom_quadindex': '030010303120230221330', 'geom_st_box2d': 'BOX(8.770448 47.482701,8.770448 47.482701)', 'label': 'Bachwiesenstrasse 7 <b>8405 Winterthur</b>', 'lat': 47.48270034790039, 'links': [{'href': '/rest/services/ech/MapServer/ch.swisstopo.amtliches-gebaeudeadressverzeichnis/101168032', 'rel': 'related', 'title': 'ch.swisstopo.amtliches-gebaeudeadressverzeichnis'}, {'href': '/rest/services/ech/MapServer/ch.bfs.gebaeude_wohnungs_register/2325778_0', 'rel': 'related', 'title': 'ch.bfs.gebaeude_wohnungs_register'}], 'lon': 8.77046012878418, 'num': 7, 'objectclass': '', 'origin': 'address', 'rank': 7, 'x': 8.77046012878418, 'y': 47.48270034790039, 'zoomlevel': 10}, 'id': 2055219, 'weight': 1}","Bachwiesenstrasse 7, 8405 Winterthur"
223,success,Geocoding successful.,47.52548599243164,8.767370223999023,Deponiestrasse 9 <b>8404 Winterthur</b>,2326416_0,"{'attrs': {'detail': 'deponiestrasse 9 8404 winterthur 230 winterthur ch zh', 'featureId': '2326416_0', 'geom_quadindex': '030010121230311302001', 'geom_st_box2d': 'BOX(8.767358 47.525488,8.767358 47.525488)', 'label': 'Deponiestrasse 9 <b>8404 Winterthur</b>', 'lat': 47.52548599243164, 'links': [{'href': '/rest/services/ech/MapServer/ch.swisstopo.amtliches-gebaeudeadressverzeichnis/101168067', 'rel': 'related', 'title': 'ch.swisstopo.amtliches-gebaeudeadressverzeichnis'}, {'href': '/rest/services/ech/MapServer/ch.bfs.gebaeude_wohnungs_register/2326416_0', 'rel': 'related', 'title': 'ch.bfs.gebaeude_wohnungs_register'}], 'lon': 8.767370223999023, 'num': 9, 'objectclass': '', 'origin': 'address', 'rank': 7, 'x': 8.767370223999023, 'y': 47.52548599243164, 'zoomlevel': 10}, 'id': 2543205, 'weight': 1}","Deponiestrasse 9, 8404 Winterthur"
224,success,Geocoding successful.,47.53759765625,8.770061492919922,Grundhofstrasse 50 <b>8404 Stadel (Winterthur)</b>,1155346_0,"{'attrs': {'detail': 'grundhofstrasse 50 8404 stadel _winterthur_ 230 winterthur ch zh', 'featureId': '1155346_0', 'geom_quadindex': '030010121011321301032', 'geom_st_box2d': 'BOX(8.770049 47.537601,8.770049 47.537601)', 'label': 'Grundhofstrasse 50 <b>8404 Stadel (Winterthur)</b>', 'lat': 47.53759765625, 'links': [{'href': '/rest/services/ech/MapServer/ch.swisstopo.amtliches-gebaeudeadressverzeichnis/100825845', 'rel': 'related', 'title': 'ch.swisstopo.amtliches-gebaeudeadressverzeichnis'}, {'href': '/rest/services/ech/MapServer/ch.bfs.gebaeude_wohnungs_register/1155346_0', 'rel': 'related', 'title': 'ch.bfs.gebaeude_wohnungs_register'}], 'lon': 8.770061492919922, 'num': 50, 'objectclass': '', 'origin': 'address', 'rank': 7, 'x': 8.770061492919922, 'y': 47.53759765625, 'zoomlevel': 10}, 'id': 2808577, 'weight': 1}","Grundhofstrasse 50, 8404 Stadel"
225,success,Geocoding successful.,47.510833740234375,8.681924819946289,Euelstrasse 43 <b>8408 Winterthur</b>,1161145_0,"{'attrs': {'detail': 'euelstrasse 43 8408 winterthur 230 winterthur ch zh', 'featureId': '1161145_0', 'geom_quadindex': '030010023313322330212', 'geom_st_box2d': 'BOX(8.681911 47.510836,8.681911 47.510836)', 'label': 'Euelstrasse 43 <b>8408 Winterthur</b>', 'lat': 47.510833740234375, 'links': [{'href': '/rest/services/ech/MapServer/ch.swisstopo.amtliches-gebaeudeadressverzeichnis/100808747', 'rel': 'related', 'title': 'ch.swisstopo.amtliches-gebaeudeadressverzeichnis'}, {'href': '/rest/services/ech/MapServer/ch.bfs.gebaeude_wohnungs_register/1161145_0', 'rel': 'related', 'title': 'ch.bfs.gebaeude_wohnungs_register'}], 'lon': 8.681924819946289, 'num': 43, 'objectclass': '', 'origin': 'address', 'rank': 7, 'x': 8.681924819946289, 'y': 47.510833740234375, 'zoomlevel': 10}, 'id': 1940763, 'weight': 1}","Euelstrasse 43, 8408 Winterthur"
226,success,Geocoding successful.,47.51060485839844,8.681492805480957,Euelstrasse 45 <b>8408 Winterthur</b>,1161152_0,"{'attrs': {'detail': 'euelstrasse 45 8408 winterthur 230 winterthur ch zh', 'featureId': '1161152_0', 'geom_quadindex': '030010023331011303231', 'geom_st_box2d': 'BOX(8.681479 47.510606,8.681479 47.510606)', 'label': 'Euelstrasse 45 <b>8408 Winterthur</b>', 'lat': 47.51060485839844, 'links': [{'href': '/rest/services/ech/MapServer/ch.swisstopo.amtliches-gebaeudeadressverzeichnis/100807269', 'rel': 'related', 'title': 'ch.swisstopo.amtliches-gebaeudeadressverzeichnis'}, {'href': '/rest/services/ech/MapServer/ch.bfs.gebaeude_wohnungs_register/1161152_0', 'rel': 'related', 'title': 'ch.bfs.gebaeude_wohnungs_register'}], 'lon': 8.681492805480957, 'num': 45, 'objectclass': '', 'origin': 'address', 'rank': 7, 'x': 8.681492805480957, 'y': 47.51060485839844, 'zoomlevel': 10}, 'id': 1856273, 'weight': 1}","Euelstrasse 45, 8408 Winterthur"
227,success,Geocoding successful.,47.510414123535156,8.6822509765625,Euelstrasse 41 <b>8408 Winterthur</b>,1161144_0,"{'attrs': {'detail': 'euelstrasse 41 8408 winterthur 230 winterthur ch zh', 'featureId': '1161144_0', 'geom_quadindex': '030010023331103123021', 'geom_st_box2d': 'BOX(8.682237 47.510414,8.682237 47.510414)', 'label': 'Euelstrasse 41 <b>8408 Winterthur</b>', 'lat': 47.510414123535156, 'links': [{'href': '/rest/services/ech/MapServer/ch.swisstopo.amtliches-gebaeudeadressverzeichnis/100808746', 'rel': 'related', 'title': 'ch.swisstopo.amtliches-gebaeudeadressverzeichnis'}, {'href': '/rest/services/ech/MapServer/ch.bfs.gebaeude_wohnungs_register/1161144_0', 'rel': 'related', 'title': 'ch.bfs.gebaeude_wohnungs_register'}], 'lon': 8.6822509765625, 'num': 41, 'objectclass': '', 'origin': 'address', 'rank': 7, 'x': 8.6822509765625, 'y': 47.510414123535156, 'zoomlevel': 10}, 'id': 2215296, 'weight': 1}","Euelstrasse 41, 8408 Winterthur"
228,success,Geocoding successful.,47.5158805847168,8.765604019165039,Frauenfelderstrasse 1a <b>8404 Winterthur</b>,2326662_0,"{'attrs': {'detail': 'frauenfelderstrasse 1a 8404 winterthur 230 winterthur ch zh', 'featureId': '2326662_0', 'geom_quadindex': '030010123032013102130', 'geom_st_box2d': 'BOX(8.765592 47.515881,8.765592 47.515881)', 'label': 'Frauenfelderstrasse 1a <b>8404 Winterthur</b>', 'lat': 47.5158805847168, 'links': [{'href': '/rest/services/ech/MapServer/ch.swisstopo.amtliches-gebaeudeadressverzeichnis/101168104', 'rel': 'related', 'title': 'ch.swisstopo.amtliches-gebaeudeadressverzeichnis'}, {'href': '/rest/services/ech/MapServer/ch.bfs.gebaeude_wohnungs_register/2326662_0', 'rel': 'related', 'title': 'ch.bfs.gebaeude_wohnungs_register'}], 'lon': 8.765604019165039, 'num': 1, 'objectclass': '', 'origin': 'address', 'rank': 7, 'x': 8.765604019165039, 'y': 47.5158805847168, 'zoomlevel': 10}, 'id': 2062030, 'weight': 1}","Frauenfelderstrasse 1a, 8404 Winterthur"
229,success,Geocoding successful.,47.51280975341797,8.689953804016113,Holzlegistrasse 40 <b>8408 Winterthur</b>,201032069_0,"{'attrs': {'detail': 'holzlegistrasse 40 8408 winterthur 230 winterthur ch zh', 'featureId': '201032069_0', 'geom_quadindex': '030010032212001010011', 'geom_st_box2d': 'BOX(8.68994 47.51281,8.68994 47.51281)', 'label': 'Holzlegistrasse 40 <b>8408 Winterthur</b>', 'lat': 47.51280975341797, 'links': [{'href': '/rest/services/ech/MapServer/ch.swisstopo.amtliches-gebaeudeadressverzeichnis/101674495', 'rel': 'related', 'title': 'ch.swisstopo.amtliches-gebaeudeadressverzeichnis'}, {'href': '/rest/services/ech/MapServer/ch.bfs.gebaeude_wohnungs_register/201032069_0', 'rel': 'related', 'title': 'ch.bfs.gebaeude_wohnungs_register'}], 'lon': 8.689953804016113, 'num': 40, 'objectclass': '', 'origin': 'address', 'rank': 7, 'x': 8.689953804016113, 'y': 47.51280975341797, 'zoomlevel': 10}, 'id': 2004278, 'weight': 1}","Holzlegistrasse 40, 8408 Winterthur"
230,success,Geocoding successful.,47.4860725402832,8.77008056640625,Hölzliweg 4 <b>8405 Winterthur</b>,1156495_0,"{'attrs': {'detail': 'hoelzliweg 4 8405 winterthur 230 winterthur ch zh', 'featureId': '1156495_0', 'geom_quadindex': '030010303102021000203', 'geom_st_box2d': 'BOX(8.770069 47.486073,8.770069 47.486073)', 'label': 'Hölzliweg 4 <b>8405 Winterthur</b>', 'lat': 47.4860725402832, 'links': [{'href': '/rest/services/ech/MapServer/ch.swisstopo.amtliches-gebaeudeadressverzeichnis/100805711', 'rel': 'related', 'title': 'ch.swisstopo.amtliches-gebaeudeadressverzeichnis'}, {'href': '/rest/services/ech/MapServer/ch.bfs.gebaeude_wohnungs_register/1156495_0', 'rel': 'related', 'title': 'ch.bfs.gebaeude_wohnungs_register'}], 'lon': 8.77008056640625, 'num': 4, 'objectclass': '', 'origin': 'address', 'rank': 7, 'x': 8.77008056640625, 'y': 47.4860725402832, 'zoomlevel': 10}, 'id': 2060822, 'weight': 1}","Hölzliweg 4, 8405 Winterthur"
231,success,Geocoding successful.,47.4858512878418,8.770479202270508,Hölzliweg 8a <b>8405 Winterthur</b>,1156500_0,"{'attrs': {'detail': 'hoelzliweg 8a 8405 winterthur 230 winterthur ch zh', 'featureId': '1156500_0', 'geom_quadindex': '030010303102030222102', 'geom_st_box2d': 'BOX(8.770468 47.485852,8.770468 47.485852)', 'label': 'Hölzliweg 8a <b>8405 Winterthur</b>', 'lat': 47.4858512878418, 'links': [{'href': '/rest/services/ech/MapServer/ch.swisstopo.amtliches-gebaeudeadressverzeichnis/100805716', 'rel': 'related', 'title': 'ch.swisstopo.amtliches-gebaeudeadressverzeichnis'}, {'href': '/rest/services/ech/MapServer/ch.bfs.gebaeude_wohnungs_register/1156500_0', 'rel': 'related', 'title': 'ch.bfs.gebaeude_wohnungs_register'}], 'lon': 8.770479202270508, 'num': 8, 'objectclass': '', 'origin': 'address', 'rank': 7, 'x': 8.770479202270508, 'y': 47.4858512878418, 'zoomlevel': 10}, 'id': 2786020, 'weight': 1}","Hölzliweg 8a, 8405 Winterthur"
232,success,Geocoding successful.,47.48607635498047,8.770021438598633,Hölzliweg 2a <b>8405 Winterthur</b>,1156493_0,"{'attrs': {'detail': 'hoelzliweg 2a 8405 winterthur 230 winterthur ch zh', 'featureId': '1156493_0', 'geom_quadindex': '030010303102020111200', 'geom_st_box2d': 'BOX(8.77001 47.486077,8.77001 47.486077)', 'label': 'Hölzliweg 2a <b>8405 Winterthur</b>', 'lat': 47.48607635498047, 'links': [{'href': '/rest/services/ech/MapServer/ch.swisstopo.amtliches-gebaeudeadressverzeichnis/100805709', 'rel': 'related', 'title': 'ch.swisstopo.amtliches-gebaeudeadressverzeichnis'}, {'href': '/rest/services/ech/MapServer/ch.bfs.gebaeude_wohnungs_register/1156493_0', 'rel': 'related', 'title': 'ch.bfs.gebaeude_wohnungs_register'}], 'lon': 8.770021438598633, 'num': 2, 'objectclass': '', 'origin': 'address', 'rank': 7, 'x': 8.770021438598633, 'y': 47.48607635498047, 'zoomlevel': 10}, 'id': 2362075, 'weight': 1}","Hölzliweg 2a, 8405 Winterthur"
233,success,Geocoding successful.,47.485836029052734,8.770532608032227,Hölzliweg 10 <b>8405 Winterthur</b>,1156502_0,"{'attrs': {'detail': 'hoelzliweg 10 8405 winterthur 230 winterthur ch zh', 'featureId': '1156502_0', 'geom_quadindex': '030010303102030223301', 'geom_st_box2d': 'BOX(8.770521 47.485837,8.770521 47.485837)', 'label': 'Hölzliweg 10 <b>8405 Winterthur</b>', 'lat': 47.485836029052734, 'links': [{'href': '/rest/services/ech/MapServer/ch.swisstopo.amtliches-gebaeudeadressverzeichnis/100805718', 'rel': 'related', 'title': 'ch.swisstopo.amtliches-gebaeudeadressverzeichnis'}, {'href': '/rest/services/ech/MapServer/ch.bfs.gebaeude_wohnungs_register/1156502_0', 'rel': 'related', 'title': 'ch.bfs.gebaeude_wohnungs_register'}], 'lon': 8.770532608032227, 'num': 10, 'objectclass': '', 'origin': 'address', 'rank': 7, 'x': 8.770532608032227, 'y': 47.485836029052734, 'zoomlevel': 10}, 'id': 1918481, 'weight': 1}","Hölzliweg 10, 8405 Winterthur"
234,success,Geocoding successful.,47.48610305786133,8.769929885864258,Hölzliweg 2 <b>8405 Winterthur</b>,1156492_0,"{'attrs': {'detail': 'hoelzliweg 2 8405 winterthur 230 winterthur ch zh', 'featureId': '1156492_0', 'geom_quadindex': '030010303102002323203', 'geom_st_box2d': 'BOX(8.769918 47.486105,8.769918 47.486105)', 'label': 'Hölzliweg 2 <b>8405 Winterthur</b>', 'lat': 47.48610305786133, 'links': [{'href': '/rest/services/ech/MapServer/ch.swisstopo.amtliches-gebaeudeadressverzeichnis/100805708', 'rel': 'related', 'title': 'ch.swisstopo.amtliches-gebaeudeadressverzeichnis'}, {'href': '/rest/services/ech/MapServer/ch.bfs.gebaeude_wohnungs_register/1156492_0', 'rel': 'related', 'title': 'ch.bfs.gebaeude_wohnungs_register'}], 'lon': 8.769929885864258, 'num': 2, 'objectclass': '', 'origin': 'address', 'rank': 7, 'x': 8.769929885864258, 'y': 47.48610305786133, 'zoomlevel': 10}, 'id': 2442012, 'weight': 1}","Hölzliweg 2, 8405 Winterthur"
235,success,Geocoding successful.,47.48604202270508,8.770149230957031,Hölzliweg 4a <b>8405 Winterthur</b>,1156496_0,"{'attrs': {'detail': 'hoelzliweg 4a 8405 winterthur 230 winterthur ch zh', 'featureId': '1156496_0', 'geom_quadindex': '030010303102021003123', 'geom_st_box2d': 'BOX(8.770137 47.486044,8.770137 47.486044)', 'label': 'Hölzliweg 4a <b>8405 Winterthur</b>', 'lat': 47.48604202270508, 'links': [{'href': '/rest/services/ech/MapServer/ch.swisstopo.amtliches-gebaeudeadressverzeichnis/100805712', 'rel': 'related', 'title': 'ch.swisstopo.amtliches-gebaeudeadressverzeichnis'}, {'href': '/rest/services/ech/MapServer/ch.bfs.gebaeude_wohnungs_register/1156496_0', 'rel': 'related', 'title': 'ch.bfs.gebaeude_wohnungs_register'}], 'lon': 8.770149230957031, 'num': 4, 'objectclass': '', 'origin': 'address', 'rank': 7, 'x': 8.770149230957031, 'y': 47.48604202270508, 'zoomlevel': 10}, 'id': 2119663, 'weight': 1}","Hölzliweg 4a, 8405 Winterthur"
236,success,Geocoding successful.,47.4859504699707,8.770315170288086,Hölzliweg 6 <b>8405 Winterthur</b>,1156497_0,"{'attrs': {'detail': 'hoelzliweg 6 8405 winterthur 230 winterthur ch zh', 'featureId': '1156497_0', 'geom_quadindex': '030010303102021301003', 'geom_st_box2d': 'BOX(8.770303 47.485953,8.770303 47.485953)', 'label': 'Hölzliweg 6 <b>8405 Winterthur</b>', 'lat': 47.4859504699707, 'links': [{'href': '/rest/services/ech/MapServer/ch.swisstopo.amtliches-gebaeudeadressverzeichnis/100805713', 'rel': 'related', 'title': 'ch.swisstopo.amtliches-gebaeudeadressverzeichnis'}, {'href': '/rest/services/ech/MapServer/ch.bfs.gebaeude_wohnungs_register/1156497_0', 'rel': 'related', 'title': 'ch.bfs.gebaeude_wohnungs_register'}], 'lon': 8.770315170288086, 'num': 6, 'objectclass': '', 'origin': 'address', 'rank': 7, 'x': 8.770315170288086, 'y': 47.4859504699707, 'zoomlevel': 10}, 'id': 2326533, 'weight': 1}","Hölzliweg 6, 8405 Winterthur"
237,success,Geocoding successful.,47.48590850830078,8.770370483398438,Hölzliweg 6a <b>8405 Winterthur</b>,1156498_0,"{'attrs': {'detail': 'hoelzliweg 6a 8405 winterthur 230 winterthur ch zh', 'featureId': '1156498_0', 'geom_quadindex': '030010303102021312210', 'geom_st_box2d': 'BOX(8.770359 47.485909,8.770359 47.485909)', 'label': 'Hölzliweg 6a <b>8405 Winterthur</b>', 'lat': 47.48590850830078, 'links': [{'href': '/rest/services/ech/MapServer/ch.swisstopo.amtliches-gebaeudeadressverzeichnis/100805714', 'rel': 'related', 'title': 'ch.swisstopo.amtliches-gebaeudeadressverzeichnis'}, {'href': '/rest/services/ech/MapServer/ch.bfs.gebaeude_wohnungs_register/1156498_0', 'rel': 'related', 'title': 'ch.bfs.gebaeude_wohnungs_register'}], 'lon': 8.770370483398438, 'num': 6, 'objectclass': '', 'origin': 'address', 'rank': 7, 'x': 8.770370483398438, 'y': 47.48590850830078, 'zoomlevel': 10}, 'id': 2889067, 'weight': 1}","Hölzliweg 6a, 8405 Winterthur"
238,success,Geocoding successful.,47.48589324951172,8.770423889160156,Hölzliweg 8 <b>8405 Winterthur</b>,1156499_0,"{'attrs': {'detail': 'hoelzliweg 8 8405 winterthur 230 winterthur ch zh', 'featureId': '1156499_0', 'geom_quadindex': '030010303102021313233', 'geom_st_box2d': 'BOX(8.770412 47.485896,8.770412 47.485896)', 'label': 'Hölzliweg 8 <b>8405 Winterthur</b>', 'lat': 47.48589324951172, 'links': [{'href': '/rest/services/ech/MapServer/ch.swisstopo.amtliches-gebaeudeadressverzeichnis/100805715', 'rel': 'related', 'title': 'ch.swisstopo.amtliches-gebaeudeadressverzeichnis'}, {'href': '/rest/services/ech/MapServer/ch.bfs.gebaeude_wohnungs_register/1156499_0', 'rel': 'related', 'title': 'ch.bfs.gebaeude_wohnungs_register'}], 'lon': 8.770423889160156, 'num': 8, 'objectclass': '', 'origin': 'address', 'rank': 7, 'x': 8.770423889160156, 'y': 47.48589324951172, 'zoomlevel': 10}, 'id': 2800014, 'weight': 1}","Hölzliweg 8, 8405 Winterthur"
239,success,Geocoding successful.,47.502349853515625,8.717387199401855,Rennweg 4 <b>8400 Winterthur</b>,2323545_0,"{'attrs': {'detail': 'rennweg 4 8400 winterthur 230 winterthur ch zh', 'featureId': '2323545_0', 'geom_quadindex': '030010211013220211310', 'geom_st_box2d': 'BOX(8.717374 47.502351,8.717374 47.502351)', 'label': 'Rennweg 4 <b>8400 Winterthur</b>', 'lat': 47.502349853515625, 'links': [{'href': '/rest/services/ech/MapServer/ch.swisstopo.amtliches-gebaeudeadressverzeichnis/101161632', 'rel': 'related', 'title': 'ch.swisstopo.amtliches-gebaeudeadressverzeichnis'}, {'href': '/rest/services/ech/MapServer/ch.bfs.gebaeude_wohnungs_register/2323545_0', 'rel': 'related', 'title': 'ch.bfs.gebaeude_wohnungs_register'}], 'lon': 8.717387199401855, 'num': 4, 'objectclass': '', 'origin': 'address', 'rank': 7, 'x': 8.717387199401855, 'y': 47.502349853515625, 'zoomlevel': 10}, 'id': 2157475, 'weight': 1}","Rennweg 4, 8400 Winterthur"
240,success,Geocoding successful.,47.50552749633789,8.76681900024414,Rümikerstrasse 12 <b>8409 Winterthur</b>,2326377_0,"{'attrs': {'detail': 'ruemikerstrasse 12 8409 winterthur 230 winterthur ch zh', 'featureId': '2326377_0', 'geom_quadindex': '030010301010111033001', 'geom_st_box2d': 'BOX(8.766807 47.50553,8.766807 47.50553)', 'label': 'Rümikerstrasse 12 <b>8409 Winterthur</b>', 'lat': 47.50552749633789, 'links': [{'href': '/rest/services/ech/MapServer/ch.swisstopo.amtliches-gebaeudeadressverzeichnis/101168063', 'rel': 'related', 'title': 'ch.swisstopo.amtliches-gebaeudeadressverzeichnis'}, {'href': '/rest/services/ech/MapServer/ch.bfs.gebaeude_wohnungs_register/2326377_0', 'rel': 'related', 'title': 'ch.bfs.gebaeude_wohnungs_register'}], 'lon': 8.76681900024414, 'num': 12, 'objectclass': '', 'origin': 'address', 'rank': 7, 'x': 8.76681900024414, 'y': 47.50552749633789, 'zoomlevel': 10}, 'id': 2738893, 'weight': 1}","Rümikerstrasse 12, 8409 Winterthur"
241,success,Geocoding successful.,47.506675720214844,8.751727104187012,Talackerstrasse 21 <b>8404 Winterthur</b>,1153370_0,"{'attrs': {'detail': 'talackerstrasse 21 8404 winterthur 230 winterthur ch zh', 'featureId': '1153370_0', 'geom_quadindex': '030010122332200302022', 'geom_st_box2d': 'BOX(8.751715 47.506678,8.751715 47.506678)', 'label': 'Talackerstrasse 21 <b>8404 Winterthur</b>', 'lat': 47.506675720214844, 'links': [{'href': '/rest/services/ech/MapServer/ch.swisstopo.amtliches-gebaeudeadressverzeichnis/100820260', 'rel': 'related', 'title': 'ch.swisstopo.amtliches-gebaeudeadressverzeichnis'}, {'href': '/rest/services/ech/MapServer/ch.bfs.gebaeude_wohnungs_register/1153370_0', 'rel': 'related', 'title': 'ch.bfs.gebaeude_wohnungs_register'}], 'lon': 8.751727104187012, 'num': 21, 'objectclass': '', 'origin': 'address', 'rank': 7, 'x': 8.751727104187012, 'y': 47.506675720214844, 'zoomlevel': 10}, 'id': 2003057, 'weight': 1}","Talackerstrasse 21, 8404 Winterthur"
242,success,Geocoding successful.,47.49564743041992,8.731307983398438,Wildbachstrasse 16 <b>8400 Winterthur</b>,201034458_0,"{'attrs': {'detail': 'wildbachstrasse 16 8400 winterthur 230 winterthur ch zh', 'featureId': '201034458_0', 'geom_quadindex': '030010211311322123120', 'geom_st_box2d': 'BOX(8.731295 47.495648,8.731295 47.495648)', 'label': 'Wildbachstrasse 16 <b>8400 Winterthur</b>', 'lat': 47.49564743041992, 'links': [{'href': '/rest/services/ech/MapServer/ch.swisstopo.amtliches-gebaeudeadressverzeichnis/101679748', 'rel': 'related', 'title': 'ch.swisstopo.amtliches-gebaeudeadressverzeichnis'}, {'href': '/rest/services/ech/MapServer/ch.bfs.gebaeude_wohnungs_register/201034458_0', 'rel': 'related', 'title': 'ch.bfs.gebaeude_wohnungs_register'}], 'lon': 8.731307983398438, 'num': 16, 'objectclass': '', 'origin': 'address', 'rank': 7, 'x': 8.731307983398438, 'y': 47.49564743041992, 'zoomlevel': 10}, 'id': 2175115, 'weight': 1}","Wildbachstrasse 16, 8400 Winterthur"
243,success,Geocoding successful.,47.49662399291992,8.712059020996094,Brühlbergstrasse 6 <b>8400 Winterthur</b>,1152478_0,"{'attrs': {'detail': 'bruehlbergstrasse 6 8400 winterthur 230 winterthur ch zh', 'featureId': '1152478_0', 'geom_quadindex': '030010211201211201002', 'geom_st_box2d': 'BOX(8.712046 47.496624,8.712046 47.496624)', 'label': 'Brühlbergstrasse 6 <b>8400 Winterthur</b>', 'lat': 47.49662399291992, 'links': [{'href': '/rest/services/ech/MapServer/ch.swisstopo.amtliches-gebaeudeadressverzeichnis/100822158', 'rel': 'related', 'title': 'ch.swisstopo.amtliches-gebaeudeadressverzeichnis'}, {'href': '/rest/services/ech/MapServer/ch.bfs.gebaeude_wohnungs_register/1152478_0', 'rel': 'related', 'title': 'ch.bfs.gebaeude_wohnungs_register'}], 'lon': 8.712059020996094, 'num': 6, 'objectclass': '', 'origin': 'address', 'rank': 7, 'x': 8.712059020996094, 'y': 47.49662399291992, 'zoomlevel': 10}, 'id': 2723961, 'weight': 1}","Brühlbergstrasse 6, 8400 Winterthur"
244,success,Geocoding successful.,47.518585205078125,8.759102821350098,Guggenbühlstrasse 131 <b>8404 Winterthur</b>,201036004_0,"{'attrs': {'detail': 'guggenbuehlstrasse 131 8404 winterthur 230 winterthur ch zh', 'featureId': '201036004_0', 'geom_quadindex': '030010123002232103121', 'geom_st_box2d': 'BOX(8.75909 47.518588,8.75909 47.518588)', 'label': 'Guggenbühlstrasse 131 <b>8404 Winterthur</b>', 'lat': 47.518585205078125, 'links': [{'href': '/rest/services/ech/MapServer/ch.swisstopo.amtliches-gebaeudeadressverzeichnis/101675984', 'rel': 'related', 'title': 'ch.swisstopo.amtliches-gebaeudeadressverzeichnis'}, {'href': '/rest/services/ech/MapServer/ch.bfs.gebaeude_wohnungs_register/201036004_0', 'rel': 'related', 'title': 'ch.bfs.gebaeude_wohnungs_register'}], 'lon': 8.759102821350098, 'num': 131, 'objectclass': '', 'origin': 'address', 'rank': 7, 'x': 8.759102821350098, 'y': 47.518585205078125, 'zoomlevel': 10}, 'id': 1996578, 'weight': 1}","Guggenbühlstrasse 131, 8404 Winterthur"
245,success,Geocoding successful.,47.49655532836914,8.763033866882324,Harzachstrasse 8 <b>8404 Winterthur</b>,2327044_0,"{'attrs': {'detail': 'harzachstrasse 8 8404 winterthur 230 winterthur ch zh', 'featureId': '2327044_0', 'geom_quadindex': '030010301201130201330', 'geom_st_box2d': 'BOX(8.763022 47.496556,8.763022 47.496556)', 'label': 'Harzachstrasse 8 <b>8404 Winterthur</b>', 'lat': 47.49655532836914, 'links': [{'href': '/rest/services/ech/MapServer/ch.swisstopo.amtliches-gebaeudeadressverzeichnis/101165062', 'rel': 'related', 'title': 'ch.swisstopo.amtliches-gebaeudeadressverzeichnis'}, {'href': '/rest/services/ech/MapServer/ch.bfs.gebaeude_wohnungs_register/2327044_0', 'rel': 'related', 'title': 'ch.bfs.gebaeude_wohnungs_register'}], 'lon': 8.763033866882324, 'num': 8, 'objectclass': '', 'origin': 'address', 'rank': 7, 'x': 8.763033866882324, 'y': 47.49655532836914, 'zoomlevel': 10}, 'id': 1852422, 'weight': 1}","Harzachstrasse 8, 8404 Winterthur"
246,success,Geocoding successful.,47.49605941772461,8.763427734375,Harzachstrasse 9 <b>8404 Winterthur</b>,9006751_0,"{'attrs': {'detail': 'harzachstrasse 9 8404 winterthur 230 winterthur ch zh', 'featureId': '9006751_0', 'geom_quadindex': '030010301201311032203', 'geom_st_box2d': 'BOX(8.763416 47.496062,8.763416 47.496062)', 'label': 'Harzachstrasse 9 <b>8404 Winterthur</b>', 'lat': 47.49605941772461, 'links': [{'href': '/rest/services/ech/MapServer/ch.swisstopo.amtliches-gebaeudeadressverzeichnis/101208759', 'rel': 'related', 'title': 'ch.swisstopo.amtliches-gebaeudeadressverzeichnis'}, {'href': '/rest/services/ech/MapServer/ch.bfs.gebaeude_wohnungs_register/9006751_0', 'rel': 'related', 'title': 'ch.bfs.gebaeude_wohnungs_register'}], 'lon': 8.763427734375, 'num': 9, 'objectclass': '', 'origin': 'address', 'rank': 7, 'x': 8.763427734375, 'y': 47.49605941772461, 'zoomlevel': 10}, 'id': 2144012, 'weight': 1}","Harzachstrasse 9, 8404 Winterthur"
247,success,Geocoding successful.,47.51847839355469,8.75800609588623,Stadlerstrasse 162 <b>8404 Winterthur</b>,1155199_0,"{'attrs': {'detail': 'stadlerstrasse 162 8404 winterthur 230 winterthur ch zh', 'featureId': '1155199_0', 'geom_quadindex': '030010122113333313001', 'geom_st_box2d': 'BOX(8.757994 47.518481,8.757994 47.518481)', 'label': 'Stadlerstrasse 162 <b>8404 Winterthur</b>', 'lat': 47.51847839355469, 'links': [{'href': '/rest/services/ech/MapServer/ch.swisstopo.amtliches-gebaeudeadressverzeichnis/100825370', 'rel': 'related', 'title': 'ch.swisstopo.amtliches-gebaeudeadressverzeichnis'}, {'href': '/rest/services/ech/MapServer/ch.bfs.gebaeude_wohnungs_register/1155199_0', 'rel': 'related', 'title': 'ch.bfs.gebaeude_wohnungs_register'}], 'lon': 8.75800609588623, 'num': 162, 'objectclass': '', 'origin': 'address', 'rank': 7, 'x': 8.75800609588623, 'y': 47.51847839355469, 'zoomlevel': 10}, 'id': 2098642, 'weight': 1}","Stadlerstrasse 162, 8404 Winterthur"
248,success,Geocoding successful.,47.51893615722656,8.758362770080566,Stadlerstrasse 164 <b>8404 Winterthur</b>,1155201_0,"{'attrs': {'detail': 'stadlerstrasse 164 8404 winterthur 230 winterthur ch zh', 'featureId': '1155201_0', 'geom_quadindex': '030010123002202330232', 'geom_st_box2d': 'BOX(8.75835 47.51894,8.75835 47.51894)', 'label': 'Stadlerstrasse 164 <b>8404 Winterthur</b>', 'lat': 47.51893615722656, 'links': [{'href': '/rest/services/ech/MapServer/ch.swisstopo.amtliches-gebaeudeadressverzeichnis/100825372', 'rel': 'related', 'title': 'ch.swisstopo.amtliches-gebaeudeadressverzeichnis'}, {'href': '/rest/services/ech/MapServer/ch.bfs.gebaeude_wohnungs_register/1155201_0', 'rel': 'related', 'title': 'ch.bfs.gebaeude_wohnungs_register'}], 'lon': 8.758362770080566, 'num': 164, 'objectclass': '', 'origin': 'address', 'rank': 7, 'x': 8.758362770080566, 'y': 47.51893615722656, 'zoomlevel': 10}, 'id': 2729363, 'weight': 1}","Stadlerstrasse 164, 8404 Winterthur"
249,success,Geocoding successful.,47.49840545654297,8.729238510131836,Steinberggasse 16 <b>8400 Winterthur</b>,2323347_0,"{'attrs': {'detail': 'steinberggasse 16 8400 winterthur 230 winterthur ch zh', 'featureId': '2323347_0', 'geom_quadindex': '030010211132313001121', 'geom_st_box2d': 'BOX(8.729226 47.498406,8.729226 47.498406)', 'label': 'Steinberggasse 16 <b>8400 Winterthur</b>', 'lat': 47.49840545654297, 'links': [{'href': '/rest/services/ech/MapServer/ch.swisstopo.amtliches-gebaeudeadressverzeichnis/101013902', 'rel': 'related', 'title': 'ch.swisstopo.amtliches-gebaeudeadressverzeichnis'}, {'href': '/rest/services/ech/MapServer/ch.bfs.gebaeude_wohnungs_register/2323347_0', 'rel': 'related', 'title': 'ch.bfs.gebaeude_wohnungs_register'}], 'lon': 8.729238510131836, 'num': 16, 'objectclass': '', 'origin': 'address', 'rank': 7, 'x': 8.729238510131836, 'y': 47.49840545654297, 'zoomlevel': 10}, 'id': 2017349, 'weight': 1}","Steinberggasse 16, 8400 Winterthur"
250,success,Geocoding successful.,47.51355743408203,8.763998031616211,Technoramastrasse 1 <b>8404 Winterthur</b>,1154815_0,"{'attrs': {'detail': 'technoramastrasse 1 8404 winterthur 230 winterthur ch zh', 'featureId': '1154815_0', 'geom_quadindex': '030010123201131100131', 'geom_st_box2d': 'BOX(8.763986 47.513561,8.763986 47.513561)', 'label': 'Technoramastrasse 1 <b>8404 Winterthur</b>', 'lat': 47.51355743408203, 'links': [{'href': '/rest/services/ech/MapServer/ch.swisstopo.amtliches-gebaeudeadressverzeichnis/100808101', 'rel': 'related', 'title': 'ch.swisstopo.amtliches-gebaeudeadressverzeichnis'}, {'href': '/rest/services/ech/MapServer/ch.bfs.gebaeude_wohnungs_register/1154815_0', 'rel': 'related', 'title': 'ch.bfs.gebaeude_wohnungs_register'}], 'lon': 8.763998031616211, 'num': 1, 'objectclass': '', 'origin': 'address', 'rank': 7, 'x': 8.763998031616211, 'y': 47.51355743408203, 'zoomlevel': 10}, 'id': 2172296, 'weight': 1}","Technoramastrasse 1, 8404 Winterthur"
251,success,Geocoding successful.,47.49721145629883,8.71225357055664,Waldhofstrasse 5 <b>8400 Winterthur</b>,1152483_0,"{'attrs': {'detail': 'waldhofstrasse 5 8400 winterthur 230 winterthur ch zh', 'featureId': '1152483_0', 'geom_quadindex': '030010211201031120112', 'geom_st_box2d': 'BOX(8.71224 47.497212,8.71224 47.497212)', 'label': 'Waldhofstrasse 5 <b>8400 Winterthur</b>', 'lat': 47.49721145629883, 'links': [{'href': '/rest/services/ech/MapServer/ch.swisstopo.amtliches-gebaeudeadressverzeichnis/100822163', 'rel': 'related', 'title': 'ch.swisstopo.amtliches-gebaeudeadressverzeichnis'}, {'href': '/rest/services/ech/MapServer/ch.bfs.gebaeude_wohnungs_register/1152483_0', 'rel': 'related', 'title': 'ch.bfs.gebaeude_wohnungs_register'}], 'lon': 8.71225357055664, 'num': 5, 'objectclass': '', 'origin': 'address', 'rank': 7, 'x': 8.71225357055664, 'y': 47.49721145629883, 'zoomlevel': 10}, 'id': 2647273, 'weight': 1}","Waldhofstrasse 5, 8400 Winterthur"
252,success,Geocoding successful.,47.497352600097656,8.71204948425293,Waldhofstrasse 7 <b>8400 Winterthur</b>,1152475_0,"{'attrs': {'detail': 'waldhofstrasse 7 8400 winterthur 230 winterthur ch zh', 'featureId': '1152475_0', 'geom_quadindex': '030010211201013202322', 'geom_st_box2d': 'BOX(8.712037 47.497354,8.712037 47.497354)', 'label': 'Waldhofstrasse 7 <b>8400 Winterthur</b>', 'lat': 47.497352600097656, 'links': [{'href': '/rest/services/ech/MapServer/ch.swisstopo.amtliches-gebaeudeadressverzeichnis/100822155', 'rel': 'related', 'title': 'ch.swisstopo.amtliches-gebaeudeadressverzeichnis'}, {'href': '/rest/services/ech/MapServer/ch.bfs.gebaeude_wohnungs_register/1152475_0', 'rel': 'related', 'title': 'ch.bfs.gebaeude_wohnungs_register'}], 'lon': 8.71204948425293, 'num': 7, 'objectclass': '', 'origin': 'address', 'rank': 7, 'x': 8.71204948425293, 'y': 47.497352600097656, 'zoomlevel': 10}, 'id': 2347305, 'weight': 1}","Waldhofstrasse 7, 8400 Winterthur"
253,success,Geocoding successful.,47.53440856933594,8.762845039367676,Wiesendangerstrasse 116 <b>8404 Stadel (Winterthur)</b>,1155374_0,"{'attrs': {'detail': 'wiesendangerstrasse 116 8404 stadel _winterthur_ 230 winterthur ch zh', 'featureId': '1155374_0', 'geom_quadindex': '030010121021031232302', 'geom_st_box2d': 'BOX(8.762832 47.534411,8.762832 47.534411)', 'label': 'Wiesendangerstrasse 116 <b>8404 Stadel (Winterthur)</b>', 'lat': 47.53440856933594, 'links': [{'href': '/rest/services/ech/MapServer/ch.swisstopo.amtliches-gebaeudeadressverzeichnis/100825873', 'rel': 'related', 'title': 'ch.swisstopo.amtliches-gebaeudeadressverzeichnis'}, {'href': '/rest/services/ech/MapServer/ch.bfs.gebaeude_wohnungs_register/1155374_0', 'rel': 'related', 'title': 'ch.bfs.gebaeude_wohnungs_register'}], 'lon': 8.762845039367676, 'num': 116, 'objectclass': '', 'origin': 'address', 'rank': 7, 'x': 8.762845039367676, 'y': 47.53440856933594, 'zoomlevel': 10}, 'id': 2017074, 'weight': 1}","Wiesendangerstrasse 116, 8404 Stadel"
254,success,Geocoding successful.,47.511966705322266,8.692046165466309,Holzlegistrasse 37 <b>8408 Winterthur</b>,1160997_0,"{'attrs': {'detail': 'holzlegistrasse 37 8408 winterthur 230 winterthur ch zh', 'featureId': '1160997_0', 'geom_quadindex': '030010032212132101333', 'geom_st_box2d': 'BOX(8.692032 47.511968,8.692032 47.511968)', 'label': 'Holzlegistrasse 37 <b>8408 Winterthur</b>', 'lat': 47.511966705322266, 'links': [{'href': '/rest/services/ech/MapServer/ch.swisstopo.amtliches-gebaeudeadressverzeichnis/100808291', 'rel': 'related', 'title': 'ch.swisstopo.amtliches-gebaeudeadressverzeichnis'}, {'href': '/rest/services/ech/MapServer/ch.bfs.gebaeude_wohnungs_register/1160997_0', 'rel': 'related', 'title': 'ch.bfs.gebaeude_wohnungs_register'}], 'lon': 8.692046165466309, 'num': 37, 'objectclass': '', 'origin': 'address', 'rank': 7, 'x': 8.692046165466309, 'y': 47.511966705322266, 'zoomlevel': 10}, 'id': 2401804, 'weight': 1}","Holzlegistrasse 37, 8408 Winterthur"
255,success,Geocoding successful.,47.51175308227539,8.691960334777832,Holzlegistrasse 39 <b>8408 Winterthur</b>,1160998_0,"{'attrs': {'detail': 'holzlegistrasse 39 8408 winterthur 230 winterthur ch zh', 'featureId': '1160998_0', 'geom_quadindex': '030010032212132322023', 'geom_st_box2d': 'BOX(8.691947 47.511756,8.691947 47.511756)', 'label': 'Holzlegistrasse 39 <b>8408 Winterthur</b>', 'lat': 47.51175308227539, 'links': [{'href': '/rest/services/ech/MapServer/ch.swisstopo.amtliches-gebaeudeadressverzeichnis/100808292', 'rel': 'related', 'title': 'ch.swisstopo.amtliches-gebaeudeadressverzeichnis'}, {'href': '/rest/services/ech/MapServer/ch.bfs.gebaeude_wohnungs_register/1160998_0', 'rel': 'related', 'title': 'ch.bfs.gebaeude_wohnungs_register'}], 'lon': 8.691960334777832, 'num': 39, 'objectclass': '', 'origin': 'address', 'rank': 7, 'x': 8.691960334777832, 'y': 47.51175308227539, 'zoomlevel': 10}, 'id': 2142306, 'weight': 1}","Holzlegistrasse 39, 8408 Winterthur"
256,success,Geocoding successful.,47.51225280761719,8.692248344421387,Holzlegistrasse 35 <b>8408 Winterthur</b>,1160996_0,"{'attrs': {'detail': 'holzlegistrasse 35 8408 winterthur 230 winterthur ch zh', 'featureId': '1160996_0', 'geom_quadindex': '030010032212131001113', 'geom_st_box2d': 'BOX(8.692234 47.512254,8.692234 47.512254)', 'label': 'Holzlegistrasse 35 <b>8408 Winterthur</b>', 'lat': 47.51225280761719, 'links': [{'href': '/rest/services/ech/MapServer/ch.swisstopo.amtliches-gebaeudeadressverzeichnis/100808290', 'rel': 'related', 'title': 'ch.swisstopo.amtliches-gebaeudeadressverzeichnis'}, {'href': '/rest/services/ech/MapServer/ch.bfs.gebaeude_wohnungs_register/1160996_0', 'rel': 'related', 'title': 'ch.bfs.gebaeude_wohnungs_register'}], 'lon': 8.692248344421387, 'num': 35, 'objectclass': '', 'origin': 'address', 'rank': 7, 'x': 8.692248344421387, 'y': 47.51225280761719, 'zoomlevel': 10}, 'id': 2238930, 'weight': 1}","Holzlegistrasse 35, 8408 Winterthur"
257,success,Geocoding successful.,47.49580764770508,8.751896858215332,Industriestrasse 10 <b>8404 Winterthur</b>,201032464_0,"{'attrs': {'detail': 'industriestrasse 10 8404 winterthur 230 winterthur ch zh', 'featureId': '201032464_0', 'geom_quadindex': '030010300310203323022', 'geom_st_box2d': 'BOX(8.751885 47.495808,8.751885 47.495808)', 'label': 'Industriestrasse 10 <b>8404 Winterthur</b>', 'lat': 47.49580764770508, 'links': [{'href': '/rest/services/ech/MapServer/ch.swisstopo.amtliches-gebaeudeadressverzeichnis/101678390', 'rel': 'related', 'title': 'ch.swisstopo.amtliches-gebaeudeadressverzeichnis'}, {'href': '/rest/services/ech/MapServer/ch.bfs.gebaeude_wohnungs_register/201032464_0', 'rel': 'related', 'title': 'ch.bfs.gebaeude_wohnungs_register'}], 'lon': 8.751896858215332, 'num': 10, 'objectclass': '', 'origin': 'address', 'rank': 7, 'x': 8.751896858215332, 'y': 47.49580764770508, 'zoomlevel': 10}, 'id': 2005649, 'weight': 1}","Industriestrasse 10, 8404 Winterthur"
258,success,Geocoding successful.,47.50011444091797,8.732353210449219,Obertor 22 <b>8400 Winterthur</b>,201010057_3,"{'attrs': {'detail': 'obertor 22 8400 winterthur 230 winterthur ch zh', 'featureId': '201010057_3', 'geom_quadindex': '030010211131331022130', 'geom_st_box2d': 'BOX(8.73234 47.500115,8.73234 47.500115)', 'label': 'Obertor 22 <b>8400 Winterthur</b>', 'lat': 47.50011444091797, 'links': [{'href': '/rest/services/ech/MapServer/ch.swisstopo.amtliches-gebaeudeadressverzeichnis/101498759', 'rel': 'related', 'title': 'ch.swisstopo.amtliches-gebaeudeadressverzeichnis'}, {'href': '/rest/services/ech/MapServer/ch.bfs.gebaeude_wohnungs_register/201010057_3', 'rel': 'related', 'title': 'ch.bfs.gebaeude_wohnungs_register'}], 'lon': 8.732353210449219, 'num': 22, 'objectclass': '', 'origin': 'address', 'rank': 7, 'x': 8.732353210449219, 'y': 47.50011444091797, 'zoomlevel': 10}, 'id': 2063689, 'weight': 1}","Obertor 22, 8400 Winterthur"
259,success,Geocoding successful.,47.500099182128906,8.732147216796875,Obertor 26 <b>8400 Winterthur</b>,201010057_0,"{'attrs': {'detail': 'obertor 26 8400 winterthur 230 winterthur ch zh', 'featureId': '201010057_0', 'geom_quadindex': '030010211131330122321', 'geom_st_box2d': 'BOX(8.732135 47.5001,8.732135 47.5001)', 'label': 'Obertor 26 <b>8400 Winterthur</b>', 'lat': 47.500099182128906, 'links': [{'href': '/rest/services/ech/MapServer/ch.swisstopo.amtliches-gebaeudeadressverzeichnis/101498756', 'rel': 'related', 'title': 'ch.swisstopo.amtliches-gebaeudeadressverzeichnis'}, {'href': '/rest/services/ech/MapServer/ch.bfs.gebaeude_wohnungs_register/201010057_0', 'rel': 'related', 'title': 'ch.bfs.gebaeude_wohnungs_register'}], 'lon': 8.732147216796875, 'num': 26, 'objectclass': '', 'origin': 'address', 'rank': 7, 'x': 8.732147216796875, 'y': 47.500099182128906, 'zoomlevel': 10}, 'id': 2678588, 'weight': 1}","Obertor 26, 8400 Winterthur"
260,success,Geocoding successful.,47.500125885009766,8.732558250427246,Obertor 16 <b>8400 Winterthur</b>,201010057_2,"{'attrs': {'detail': 'obertor 16 8400 winterthur 230 winterthur ch zh', 'featureId': '201010057_2', 'geom_quadindex': '030010211131331121220', 'geom_st_box2d': 'BOX(8.732546 47.50013,8.732546 47.50013)', 'label': 'Obertor 16 <b>8400 Winterthur</b>', 'lat': 47.500125885009766, 'links': [{'href': '/rest/services/ech/MapServer/ch.swisstopo.amtliches-gebaeudeadressverzeichnis/101498754', 'rel': 'related', 'title': 'ch.swisstopo.amtliches-gebaeudeadressverzeichnis'}, {'href': '/rest/services/ech/MapServer/ch.bfs.gebaeude_wohnungs_register/201010057_2', 'rel': 'related', 'title': 'ch.bfs.gebaeude_wohnungs_register'}], 'lon': 8.732558250427246, 'num': 16, 'objectclass': '', 'origin': 'address', 'rank': 7, 'x': 8.732558250427246, 'y': 47.500125885009766, 'zoomlevel': 10}, 'id': 2896197, 'weight': 1}","Obertor 16, 8400 Winterthur"
261,success,Geocoding successful.,47.50532150268555,8.766860008239746,Rümikerstrasse 16 <b>8409 Winterthur</b>,2326634_0,"{'attrs': {'detail': 'ruemikerstrasse 16 8409 winterthur 230 winterthur ch zh', 'featureId': '2326634_0', 'geom_quadindex': '030010301010113102022', 'geom_st_box2d': 'BOX(8.766848 47.505322,8.766848 47.505322)', 'label': 'Rümikerstrasse 16 <b>8409 Winterthur</b>', 'lat': 47.50532150268555, 'links': [{'href': '/rest/services/ech/MapServer/ch.swisstopo.amtliches-gebaeudeadressverzeichnis/101168096', 'rel': 'related', 'title': 'ch.swisstopo.amtliches-gebaeudeadressverzeichnis'}, {'href': '/rest/services/ech/MapServer/ch.bfs.gebaeude_wohnungs_register/2326634_0', 'rel': 'related', 'title': 'ch.bfs.gebaeude_wohnungs_register'}], 'lon': 8.766860008239746, 'num': 16, 'objectclass': '', 'origin': 'address', 'rank': 7, 'x': 8.766860008239746, 'y': 47.50532150268555, 'zoomlevel': 10}, 'id': 1868891, 'weight': 1}","Rümikerstrasse 16, 8409 Winterthur"
262,success,Geocoding successful.,47.49501037597656,8.751049041748047,Scheideggstrasse 30 <b>8404 Winterthur</b>,2327046_0,"{'attrs': {'detail': 'scheideggstrasse 30 8404 winterthur 230 winterthur ch zh', 'featureId': '2327046_0', 'geom_quadindex': '030010300303111322222', 'geom_st_box2d': 'BOX(8.751037 47.495011,8.751037 47.495011)', 'label': 'Scheideggstrasse 30 <b>8404 Winterthur</b>', 'lat': 47.49501037597656, 'links': [{'href': '/rest/services/ech/MapServer/ch.swisstopo.amtliches-gebaeudeadressverzeichnis/101165063', 'rel': 'related', 'title': 'ch.swisstopo.amtliches-gebaeudeadressverzeichnis'}, {'href': '/rest/services/ech/MapServer/ch.bfs.gebaeude_wohnungs_register/2327046_0', 'rel': 'related', 'title': 'ch.bfs.gebaeude_wohnungs_register'}], 'lon': 8.751049041748047, 'num': 30, 'objectclass': '', 'origin': 'address', 'rank': 7, 'x': 8.751049041748047, 'y': 47.49501037597656, 'zoomlevel': 10}, 'id': 2718736, 'weight': 1}","Scheideggstrasse 30, 8404 Winterthur"
263,success,Geocoding successful.,47.50042724609375,8.732223510742188,Stadthausstrasse 21 <b>8400 Winterthur</b>,201010057_4,"{'attrs': {'detail': 'stadthausstrasse 21 8400 winterthur 230 winterthur ch zh', 'featureId': '201010057_4', 'geom_quadindex': '030010211131312112220', 'geom_st_box2d': 'BOX(8.732211 47.500429,8.732211 47.500429)', 'label': 'Stadthausstrasse 21 <b>8400 Winterthur</b>', 'lat': 47.50042724609375, 'links': [{'href': '/rest/services/ech/MapServer/ch.swisstopo.amtliches-gebaeudeadressverzeichnis/101498757', 'rel': 'related', 'title': 'ch.swisstopo.amtliches-gebaeudeadressverzeichnis'}, {'href': '/rest/services/ech/MapServer/ch.bfs.gebaeude_wohnungs_register/201010057_4', 'rel': 'related', 'title': 'ch.bfs.gebaeude_wohnungs_register'}], 'lon': 8.732223510742188, 'num': 21, 'objectclass': '', 'origin': 'address', 'rank': 7, 'x': 8.732223510742188, 'y': 47.50042724609375, 'zoomlevel': 10}, 'id': 2189248, 'weight': 1}","Stadthausstrasse 21, 8400 Winterthur"
264,success,Geocoding successful.,47.50043487548828,8.732407569885254,Stadthausstrasse 19 <b>8400 Winterthur</b>,201010057_1,"{'attrs': {'detail': 'stadthausstrasse 19 8400 winterthur 230 winterthur ch zh', 'featureId': '201010057_1', 'geom_quadindex': '030010211131313003310', 'geom_st_box2d': 'BOX(8.732396 47.500438,8.732396 47.500438)', 'label': 'Stadthausstrasse 19 <b>8400 Winterthur</b>', 'lat': 47.50043487548828, 'links': [{'href': '/rest/services/ech/MapServer/ch.swisstopo.amtliches-gebaeudeadressverzeichnis/101498762', 'rel': 'related', 'title': 'ch.swisstopo.amtliches-gebaeudeadressverzeichnis'}, {'href': '/rest/services/ech/MapServer/ch.bfs.gebaeude_wohnungs_register/201010057_1', 'rel': 'related', 'title': 'ch.bfs.gebaeude_wohnungs_register'}], 'lon': 8.732407569885254, 'num': 19, 'objectclass': '', 'origin': 'address', 'rank': 7, 'x': 8.732407569885254, 'y': 47.50043487548828, 'zoomlevel': 10}, 'id': 2033073, 'weight': 1}","Stadthausstrasse 19, 8400 Winterthur"
265,success,Geocoding successful.,47.49711608886719,8.734784126281738,Tösstalstrasse 37 <b>8400 Winterthur</b>,1150373_0,"{'attrs': {'detail': 'toesstalstrasse 37 8400 winterthur 230 winterthur ch zh', 'featureId': '1150373_0', 'geom_quadindex': '030010300200103302211', 'geom_st_box2d': 'BOX(8.734772 47.497118,8.734772 47.497118)', 'label': 'Tösstalstrasse 37 <b>8400 Winterthur</b>', 'lat': 47.49711608886719, 'links': [{'href': '/rest/services/ech/MapServer/ch.swisstopo.amtliches-gebaeudeadressverzeichnis/100821255', 'rel': 'related', 'title': 'ch.swisstopo.amtliches-gebaeudeadressverzeichnis'}, {'href': '/rest/services/ech/MapServer/ch.bfs.gebaeude_wohnungs_register/1150373_0', 'rel': 'related', 'title': 'ch.bfs.gebaeude_wohnungs_register'}], 'lon': 8.734784126281738, 'num': 37, 'objectclass': '', 'origin': 'address', 'rank': 7, 'x': 8.734784126281738, 'y': 47.49711608886719, 'zoomlevel': 10}, 'id': 2637673, 'weight': 1}","Tösstalstrasse 37, 8400 Winterthur"
266,success,Geocoding successful.,47.50820541381836,8.717558860778809,Feldstrasse 8 <b>8400 Winterthur</b>,2324416_0,"{'attrs': {'detail': 'feldstrasse 8 8400 winterthur 230 winterthur ch zh', 'featureId': '2324416_0', 'geom_quadindex': '030010033233000120302', 'geom_st_box2d': 'BOX(8.717545 47.508208,8.717545 47.508208)', 'label': 'Feldstrasse 8 <b>8400 Winterthur</b>', 'lat': 47.50820541381836, 'links': [{'href': '/rest/services/ech/MapServer/ch.swisstopo.amtliches-gebaeudeadressverzeichnis/101164850', 'rel': 'related', 'title': 'ch.swisstopo.amtliches-gebaeudeadressverzeichnis'}, {'href': '/rest/services/ech/MapServer/ch.bfs.gebaeude_wohnungs_register/2324416_0', 'rel': 'related', 'title': 'ch.bfs.gebaeude_wohnungs_register'}], 'lon': 8.717558860778809, 'num': 8, 'objectclass': '', 'origin': 'address', 'rank': 7, 'x': 8.717558860778809, 'y': 47.50820541381836, 'zoomlevel': 10}, 'id': 2558755, 'weight': 1}","Feldstrasse 8, 8400 Winterthur"
267,success,Geocoding successful.,47.49480438232422,8.705069541931152,Friedliweg 4 <b>8406 Winterthur</b>,201033011_0,"{'attrs': {'detail': 'friedliweg 4 8406 winterthur 230 winterthur ch zh', 'featureId': '201033011_0', 'geom_quadindex': '030010210313023212203', 'geom_st_box2d': 'BOX(8.705056 47.494805,8.705056 47.494805)', 'label': 'Friedliweg 4 <b>8406 Winterthur</b>', 'lat': 47.49480438232422, 'links': [{'href': '/rest/services/ech/MapServer/ch.swisstopo.amtliches-gebaeudeadressverzeichnis/101684879', 'rel': 'related', 'title': 'ch.swisstopo.amtliches-gebaeudeadressverzeichnis'}, {'href': '/rest/services/ech/MapServer/ch.bfs.gebaeude_wohnungs_register/201033011_0', 'rel': 'related', 'title': 'ch.bfs.gebaeude_wohnungs_register'}], 'lon': 8.705069541931152, 'num': 4, 'objectclass': '', 'origin': 'address', 'rank': 7, 'x': 8.705069541931152, 'y': 47.49480438232422, 'zoomlevel': 10}, 'id': 2687856, 'weight': 1}","Friedliweg 4, 8406 Winterthur"
268,success,Geocoding successful.,47.493839263916016,8.763782501220703,Im Hölderli 34 <b>8405 Winterthur</b>,201033067_0,"{'attrs': {'detail': 'im hoelderli 34 8405 winterthur 230 winterthur ch zh', 'featureId': '201033067_0', 'geom_quadindex': '030010301212200232101', 'geom_st_box2d': 'BOX(8.76377 47.49384,8.76377 47.49384)', 'label': 'Im Hölderli 34 <b>8405 Winterthur</b>', 'lat': 47.493839263916016, 'links': [{'href': '/rest/services/ech/MapServer/ch.swisstopo.amtliches-gebaeudeadressverzeichnis/101684934', 'rel': 'related', 'title': 'ch.swisstopo.amtliches-gebaeudeadressverzeichnis'}, {'href': '/rest/services/ech/MapServer/ch.bfs.gebaeude_wohnungs_register/201033067_0', 'rel': 'related', 'title': 'ch.bfs.gebaeude_wohnungs_register'}], 'lon': 8.763782501220703, 'num': 34, 'objectclass': '', 'origin': 'address', 'rank': 7, 'x': 8.763782501220703, 'y': 47.493839263916016, 'zoomlevel': 10}, 'id': 2040200, 'weight': 1}","Im Hölderli 34, 8405 Winterthur"
269,success,Geocoding successful.,47.493927001953125,8.762017250061035,Im Hölderli 19a <b>8405 Winterthur</b>,201034145_0,"{'attrs': {'detail': 'im hoelderli 19a 8405 winterthur 230 winterthur ch zh', 'featureId': '201034145_0', 'geom_quadindex': '030010301203211310232', 'geom_st_box2d': 'BOX(8.762005 47.493931,8.762005 47.493931)', 'label': 'Im Hölderli 19a <b>8405 Winterthur</b>', 'lat': 47.493927001953125, 'links': [{'href': '/rest/services/ech/MapServer/ch.swisstopo.amtliches-gebaeudeadressverzeichnis/101677108', 'rel': 'related', 'title': 'ch.swisstopo.amtliches-gebaeudeadressverzeichnis'}, {'href': '/rest/services/ech/MapServer/ch.bfs.gebaeude_wohnungs_register/201034145_0', 'rel': 'related', 'title': 'ch.bfs.gebaeude_wohnungs_register'}], 'lon': 8.762017250061035, 'num': 19, 'objectclass': '', 'origin': 'address', 'rank': 7, 'x': 8.762017250061035, 'y': 47.493927001953125, 'zoomlevel': 10}, 'id': 2510949, 'weight': 1}","Im Hölderli 19a, 8405 Winterthur"
270,success,Geocoding successful.,47.493778228759766,8.762415885925293,Im Hölderli 19 <b>8405 Winterthur</b>,2325796_0,"{'attrs': {'detail': 'im hoelderli 19 8405 winterthur 230 winterthur ch zh', 'featureId': '2325796_0', 'geom_quadindex': '030010301203302112120', 'geom_st_box2d': 'BOX(8.762404 47.493781,8.762404 47.493781)', 'label': 'Im Hölderli 19 <b>8405 Winterthur</b>', 'lat': 47.493778228759766, 'links': [{'href': '/rest/services/ech/MapServer/ch.swisstopo.amtliches-gebaeudeadressverzeichnis/101168043', 'rel': 'related', 'title': 'ch.swisstopo.amtliches-gebaeudeadressverzeichnis'}, {'href': '/rest/services/ech/MapServer/ch.bfs.gebaeude_wohnungs_register/2325796_0', 'rel': 'related', 'title': 'ch.bfs.gebaeude_wohnungs_register'}], 'lon': 8.762415885925293, 'num': 19, 'objectclass': '', 'origin': 'address', 'rank': 7, 'x': 8.762415885925293, 'y': 47.493778228759766, 'zoomlevel': 10}, 'id': 2738626, 'weight': 1}","Im Hölderli 19, 8405 Winterthur"
271,success,Geocoding successful.,47.497493743896484,8.750656127929688,Kronaustrasse 21 <b>8404 Winterthur</b>,9006759_0,"{'attrs': {'detail': 'kronaustrasse 21 8404 winterthur 230 winterthur ch zh', 'featureId': '9006759_0', 'geom_quadindex': '030010300123332210301', 'geom_st_box2d': 'BOX(8.750644 47.497497,8.750644 47.497497)', 'label': 'Kronaustrasse 21 <b>8404 Winterthur</b>', 'lat': 47.497493743896484, 'links': [{'href': '/rest/services/ech/MapServer/ch.swisstopo.amtliches-gebaeudeadressverzeichnis/101208765', 'rel': 'related', 'title': 'ch.swisstopo.amtliches-gebaeudeadressverzeichnis'}, {'href': '/rest/services/ech/MapServer/ch.bfs.gebaeude_wohnungs_register/9006759_0', 'rel': 'related', 'title': 'ch.bfs.gebaeude_wohnungs_register'}], 'lon': 8.750656127929688, 'num': 21, 'objectclass': '', 'origin': 'address', 'rank': 7, 'x': 8.750656127929688, 'y': 47.497493743896484, 'zoomlevel': 10}, 'id': 2675328, 'weight': 1}","Kronaustrasse 21, 8404 Winterthur"
272,success,Geocoding successful.,47.494720458984375,8.705618858337402,Rebwiesenstrasse 17 <b>8406 Winterthur</b>,210207165_0,"{'attrs': {'detail': 'rebwiesenstrasse 17 8406 winterthur 230 winterthur ch zh', 'featureId': '210207165_0', 'geom_quadindex': '030010210313210101100', 'geom_st_box2d': 'BOX(8.705606 47.494722,8.705606 47.494722)', 'label': 'Rebwiesenstrasse 17 <b>8406 Winterthur</b>', 'lat': 47.494720458984375, 'links': [{'href': '/rest/services/ech/MapServer/ch.swisstopo.amtliches-gebaeudeadressverzeichnis/102089922', 'rel': 'related', 'title': 'ch.swisstopo.amtliches-gebaeudeadressverzeichnis'}, {'href': '/rest/services/ech/MapServer/ch.bfs.gebaeude_wohnungs_register/210207165_0', 'rel': 'related', 'title': 'ch.bfs.gebaeude_wohnungs_register'}], 'lon': 8.705618858337402, 'num': 17, 'objectclass': '', 'origin': 'address', 'rank': 7, 'x': 8.705618858337402, 'y': 47.494720458984375, 'zoomlevel': 10}, 'id': 2383972, 'weight': 1}","Rebwiesenstrasse 17, 8406 Winterthur"
273,success,Geocoding successful.,47.49477767944336,8.705780029296875,Rebwiesenstrasse 15 <b>8406 Winterthur</b>,1157150_0,"{'attrs': {'detail': 'rebwiesenstrasse 15 8406 winterthur 230 winterthur ch zh', 'featureId': '1157150_0', 'geom_quadindex': '030010210313033220130', 'geom_st_box2d': 'BOX(8.705767 47.494779,8.705767 47.494779)', 'label': 'Rebwiesenstrasse 15 <b>8406 Winterthur</b>', 'lat': 47.49477767944336, 'links': [{'href': '/rest/services/ech/MapServer/ch.swisstopo.amtliches-gebaeudeadressverzeichnis/100825443', 'rel': 'related', 'title': 'ch.swisstopo.amtliches-gebaeudeadressverzeichnis'}, {'href': '/rest/services/ech/MapServer/ch.bfs.gebaeude_wohnungs_register/1157150_0', 'rel': 'related', 'title': 'ch.bfs.gebaeude_wohnungs_register'}], 'lon': 8.705780029296875, 'num': 15, 'objectclass': '', 'origin': 'address', 'rank': 7, 'x': 8.705780029296875, 'y': 47.49477767944336, 'zoomlevel': 10}, 'id': 2438551, 'weight': 1}","Rebwiesenstrasse 15, 8406 Winterthur"
274,success,Geocoding successful.,47.51731872558594,8.772014617919922,Riedbachweg 20 <b>8404 Winterthur</b>,201036056_0,"{'attrs': {'detail': 'riedbachweg 20 8404 winterthur 230 winterthur ch zh', 'featureId': '201036056_0', 'geom_quadindex': '030010123120033133131', 'geom_st_box2d': 'BOX(8.772003 47.517322,8.772003 47.517322)', 'label': 'Riedbachweg 20 <b>8404 Winterthur</b>', 'lat': 47.51731872558594, 'links': [{'href': '/rest/services/ech/MapServer/ch.swisstopo.amtliches-gebaeudeadressverzeichnis/101677217', 'rel': 'related', 'title': 'ch.swisstopo.amtliches-gebaeudeadressverzeichnis'}, {'href': '/rest/services/ech/MapServer/ch.bfs.gebaeude_wohnungs_register/201036056_0', 'rel': 'related', 'title': 'ch.bfs.gebaeude_wohnungs_register'}], 'lon': 8.772014617919922, 'num': 20, 'objectclass': '', 'origin': 'address', 'rank': 7, 'x': 8.772014617919922, 'y': 47.51731872558594, 'zoomlevel': 10}, 'id': 1854097, 'weight': 1}","Riedbachweg 20, 8404 Winterthur"
275,success,Geocoding successful.,47.51407241821289,8.693832397460938,Riedhofstrasse 57 <b>8408 Winterthur</b>,2321650_0,"{'attrs': {'detail': 'riedhofstrasse 57 8408 winterthur 230 winterthur ch zh', 'featureId': '2321650_0', 'geom_quadindex': '030010032211033001122', 'geom_st_box2d': 'BOX(8.693819 47.514076,8.693819 47.514076)', 'label': 'Riedhofstrasse 57 <b>8408 Winterthur</b>', 'lat': 47.51407241821289, 'links': [{'href': '/rest/services/ech/MapServer/ch.swisstopo.amtliches-gebaeudeadressverzeichnis/101013822', 'rel': 'related', 'title': 'ch.swisstopo.amtliches-gebaeudeadressverzeichnis'}, {'href': '/rest/services/ech/MapServer/ch.bfs.gebaeude_wohnungs_register/2321650_0', 'rel': 'related', 'title': 'ch.bfs.gebaeude_wohnungs_register'}], 'lon': 8.693832397460938, 'num': 57, 'objectclass': '', 'origin': 'address', 'rank': 7, 'x': 8.693832397460938, 'y': 47.51407241821289, 'zoomlevel': 10}, 'id': 2880118, 'weight': 1}","Riedhofstrasse 57, 8408 Winterthur"
276,success,Geocoding successful.,47.51126480102539,8.690083503723145,Zypressenstrasse 17 <b>8408 Winterthur</b>,1160960_0,"{'attrs': {'detail': 'zypressenstrasse 17 8408 winterthur 230 winterthur ch zh', 'featureId': '1160960_0', 'geom_quadindex': '030010032212203321333', 'geom_st_box2d': 'BOX(8.69007 47.511267,8.69007 47.511267)', 'label': 'Zypressenstrasse 17 <b>8408 Winterthur</b>', 'lat': 47.51126480102539, 'links': [{'href': '/rest/services/ech/MapServer/ch.swisstopo.amtliches-gebaeudeadressverzeichnis/100809785', 'rel': 'related', 'title': 'ch.swisstopo.amtliches-gebaeudeadressverzeichnis'}, {'href': '/rest/services/ech/MapServer/ch.bfs.gebaeude_wohnungs_register/1160960_0', 'rel': 'related', 'title': 'ch.bfs.gebaeude_wohnungs_register'}], 'lon': 8.690083503723145, 'num': 17, 'objectclass': '', 'origin': 'address', 'rank': 7, 'x': 8.690083503723145, 'y': 47.51126480102539, 'zoomlevel': 10}, 'id': 1921724, 'weight': 1}","Zypressenstrasse 17, 8408 Winterthur"
277,success,Geocoding successful.,47.51112747192383,8.690348625183105,Zypressenstrasse 15 <b>8408 Winterthur</b>,1160959_0,"{'attrs': {'detail': 'zypressenstrasse 15 8408 winterthur 230 winterthur ch zh', 'featureId': '1160959_0', 'geom_quadindex': '030010032212230031233', 'geom_st_box2d': 'BOX(8.690336 47.51113,8.690336 47.51113)', 'label': 'Zypressenstrasse 15 <b>8408 Winterthur</b>', 'lat': 47.51112747192383, 'links': [{'href': '/rest/services/ech/MapServer/ch.swisstopo.amtliches-gebaeudeadressverzeichnis/100809784', 'rel': 'related', 'title': 'ch.swisstopo.amtliches-gebaeudeadressverzeichnis'}, {'href': '/rest/services/ech/MapServer/ch.bfs.gebaeude_wohnungs_register/1160959_0', 'rel': 'related', 'title': 'ch.bfs.gebaeude_wohnungs_register'}], 'lon': 8.690348625183105, 'num': 15, 'objectclass': '', 'origin': 'address', 'rank': 7, 'x': 8.690348625183105, 'y': 47.51112747192383, 'zoomlevel': 10}, 'id': 1916522, 'weight': 1}","Zypressenstrasse 15, 8408 Winterthur"
278,success,Geocoding successful.,47.51927185058594,8.766519546508789,Frauenfelderstrasse 2 <b>8404 Winterthur</b>,192096307_0,"{'attrs': {'detail': 'frauenfelderstrasse 2 8404 winterthur 230 winterthur ch zh', 'featureId': '192096307_0', 'geom_quadindex': '030010123012301103333', 'geom_st_box2d': 'BOX(8.766508 47.519274,8.766508 47.519274)', 'label': 'Frauenfelderstrasse 2 <b>8404 Winterthur</b>', 'lat': 47.51927185058594, 'links': [{'href': '/rest/services/ech/MapServer/ch.swisstopo.amtliches-gebaeudeadressverzeichnis/103652361', 'rel': 'related', 'title': 'ch.swisstopo.amtliches-gebaeudeadressverzeichnis'}, {'href': '/rest/services/ech/MapServer/ch.bfs.gebaeude_wohnungs_register/192096307_0', 'rel': 'related', 'title': 'ch.bfs.gebaeude_wohnungs_register'}], 'lon': 8.766519546508789, 'num': 2, 'objectclass': '', 'origin': 'address', 'rank': 7, 'x': 8.766519546508789, 'y': 47.51927185058594, 'zoomlevel': 10}, 'id': 12199, 'weight': 1}","Frauenfelderstrasse 2, 8404 Winterthur"
279,success,Geocoding successful.,47.4941520690918,8.762507438659668,Im Hölderli 23 <b>8405 Winterthur</b>,2325523_0,"{'attrs': {'detail': 'im hoelderli 23 8405 winterthur 230 winterthur ch zh', 'featureId': '2325523_0', 'geom_quadindex': '030010301203123202232', 'geom_st_box2d': 'BOX(8.762495 47.494155,8.762495 47.494155)', 'label': 'Im Hölderli 23 <b>8405 Winterthur</b>', 'lat': 47.4941520690918, 'links': [{'href': '/rest/services/ech/MapServer/ch.swisstopo.amtliches-gebaeudeadressverzeichnis/101164919', 'rel': 'related', 'title': 'ch.swisstopo.amtliches-gebaeudeadressverzeichnis'}, {'href': '/rest/services/ech/MapServer/ch.bfs.gebaeude_wohnungs_register/2325523_0', 'rel': 'related', 'title': 'ch.bfs.gebaeude_wohnungs_register'}], 'lon': 8.762507438659668, 'num': 23, 'objectclass': '', 'origin': 'address', 'rank': 7, 'x': 8.762507438659668, 'y': 47.4941520690918, 'zoomlevel': 10}, 'id': 2557713, 'weight': 1}","Im Hölderli 23, 8405 Winterthur"
280,success,Geocoding successful.,47.511356353759766,8.693812370300293,Lindenplatz 30 <b>8408 Winterthur</b>,1161058_0,"{'attrs': {'detail': 'lindenplatz 30 8408 winterthur 230 winterthur ch zh', 'featureId': '1161058_0', 'geom_quadindex': '030010032213213030320', 'geom_st_box2d': 'BOX(8.693799 47.51136,8.693799 47.51136)', 'label': 'Lindenplatz 30 <b>8408 Winterthur</b>', 'lat': 47.511356353759766, 'links': [{'href': '/rest/services/ech/MapServer/ch.swisstopo.amtliches-gebaeudeadressverzeichnis/100808663', 'rel': 'related', 'title': 'ch.swisstopo.amtliches-gebaeudeadressverzeichnis'}, {'href': '/rest/services/ech/MapServer/ch.bfs.gebaeude_wohnungs_register/1161058_0', 'rel': 'related', 'title': 'ch.bfs.gebaeude_wohnungs_register'}], 'lon': 8.693812370300293, 'num': 30, 'objectclass': '', 'origin': 'address', 'rank': 7, 'x': 8.693812370300293, 'y': 47.511356353759766, 'zoomlevel': 10}, 'id': 2684211, 'weight': 1}","Lindenplatz 30, 8408 Winterthur"
281,success,Geocoding successful.,47.50178146362305,8.727956771850586,Museumstrasse 64 <b>8400 Winterthur</b>,1150412_1,"{'attrs': {'detail': 'museumstrasse 64 8400 winterthur 230 winterthur ch zh', 'featureId': '1150412_1', 'geom_quadindex': '030010211130011121102', 'geom_st_box2d': 'BOX(8.727945 47.501784,8.727945 47.501784)', 'label': 'Museumstrasse 64 <b>8400 Winterthur</b>', 'lat': 47.50178146362305, 'links': [{'href': '/rest/services/ech/MapServer/ch.swisstopo.amtliches-gebaeudeadressverzeichnis/101498767', 'rel': 'related', 'title': 'ch.swisstopo.amtliches-gebaeudeadressverzeichnis'}, {'href': '/rest/services/ech/MapServer/ch.bfs.gebaeude_wohnungs_register/1150412_1', 'rel': 'related', 'title': 'ch.bfs.gebaeude_wohnungs_register'}], 'lon': 8.727956771850586, 'num': 64, 'objectclass': '', 'origin': 'address', 'rank': 7, 'x': 8.727956771850586, 'y': 47.50178146362305, 'zoomlevel': 10}, 'id': 2045720, 'weight': 1}","Museumstrasse 64, 8400 Winterthur"
282,success,Geocoding successful.,47.50200271606445,8.727333068847656,Theaterstrasse 6 <b>8400 Winterthur</b>,1150412_0,"{'attrs': {'detail': 'theaterstrasse 6 8400 winterthur 230 winterthur ch zh', 'featureId': '1150412_0', 'geom_quadindex': '030010211112232022303', 'geom_st_box2d': 'BOX(8.72732 47.502004,8.72732 47.502004)', 'label': 'Theaterstrasse 6 <b>8400 Winterthur</b>', 'lat': 47.50200271606445, 'links': [{'href': '/rest/services/ech/MapServer/ch.swisstopo.amtliches-gebaeudeadressverzeichnis/100821293', 'rel': 'related', 'title': 'ch.swisstopo.amtliches-gebaeudeadressverzeichnis'}, {'href': '/rest/services/ech/MapServer/ch.bfs.gebaeude_wohnungs_register/1150412_0', 'rel': 'related', 'title': 'ch.bfs.gebaeude_wohnungs_register'}], 'lon': 8.727333068847656, 'num': 6, 'objectclass': '', 'origin': 'address', 'rank': 7, 'x': 8.727333068847656, 'y': 47.50200271606445, 'zoomlevel': 10}, 'id': 2239040, 'weight': 1}","Theaterstrasse 6, 8400 Winterthur"
283,success,Geocoding successful.,47.484622955322266,8.7682466506958,Auf Pünten 25 <b>8405 Winterthur</b>,1155876_0,"{'attrs': {'detail': 'auf puenten 25 8405 winterthur 230 winterthur ch zh', 'featureId': '1155876_0', 'geom_quadindex': '030010303013322213012', 'geom_st_box2d': 'BOX(8.768234 47.484626,8.768234 47.484626)', 'label': 'Auf Pünten 25 <b>8405 Winterthur</b>', 'lat': 47.484622955322266, 'links': [{'href': '/rest/services/ech/MapServer/ch.swisstopo.amtliches-gebaeudeadressverzeichnis/100804987', 'rel': 'related', 'title': 'ch.swisstopo.amtliches-gebaeudeadressverzeichnis'}, {'href': '/rest/services/ech/MapServer/ch.bfs.gebaeude_wohnungs_register/1155876_0', 'rel': 'related', 'title': 'ch.bfs.gebaeude_wohnungs_register'}], 'lon': 8.7682466506958, 'num': 25, 'objectclass': '', 'origin': 'address', 'rank': 7, 'x': 8.7682466506958, 'y': 47.484622955322266, 'zoomlevel': 10}, 'id': 2870687, 'weight': 1}","Auf Pünten 25, 8405 Winterthur"
284,success,Geocoding successful.,47.484500885009766,8.767672538757324,Auf Pünten 19 <b>8405 Winterthur</b>,1155873_0,"{'attrs': {'detail': 'auf puenten 19 8405 winterthur 230 winterthur ch zh', 'featureId': '1155873_0', 'geom_quadindex': '030010303031010113102', 'geom_st_box2d': 'BOX(8.767661 47.484502,8.767661 47.484502)', 'label': 'Auf Pünten 19 <b>8405 Winterthur</b>', 'lat': 47.484500885009766, 'links': [{'href': '/rest/services/ech/MapServer/ch.swisstopo.amtliches-gebaeudeadressverzeichnis/100804984', 'rel': 'related', 'title': 'ch.swisstopo.amtliches-gebaeudeadressverzeichnis'}, {'href': '/rest/services/ech/MapServer/ch.bfs.gebaeude_wohnungs_register/1155873_0', 'rel': 'related', 'title': 'ch.bfs.gebaeude_wohnungs_register'}], 'lon': 8.767672538757324, 'num': 19, 'objectclass': '', 'origin': 'address', 'rank': 7, 'x': 8.767672538757324, 'y': 47.484500885009766, 'zoomlevel': 10}, 'id': 2087214, 'weight': 1}","Auf Pünten 19, 8405 Winterthur"
285,success,Geocoding successful.,47.48439407348633,8.767702102661133,Auf Pünten 17 <b>8405 Winterthur</b>,1155872_0,"{'attrs': {'detail': 'auf puenten 17 8405 winterthur 230 winterthur ch zh', 'featureId': '1155872_0', 'geom_quadindex': '030010303031011200021', 'geom_st_box2d': 'BOX(8.76769 47.484398,8.76769 47.484398)', 'label': 'Auf Pünten 17 <b>8405 Winterthur</b>', 'lat': 47.48439407348633, 'links': [{'href': '/rest/services/ech/MapServer/ch.swisstopo.amtliches-gebaeudeadressverzeichnis/100804983', 'rel': 'related', 'title': 'ch.swisstopo.amtliches-gebaeudeadressverzeichnis'}, {'href': '/rest/services/ech/MapServer/ch.bfs.gebaeude_wohnungs_register/1155872_0', 'rel': 'related', 'title': 'ch.bfs.gebaeude_wohnungs_register'}], 'lon': 8.767702102661133, 'num': 17, 'objectclass': '', 'origin': 'address', 'rank': 7, 'x': 8.767702102661133, 'y': 47.48439407348633, 'zoomlevel': 10}, 'id': 2851436, 'weight': 1}","Auf Pünten 17, 8405 Winterthur"
286,success,Geocoding successful.,47.48479080200195,8.768182754516602,Auf Pünten 23 <b>8405 Winterthur</b>,1155875_0,"{'attrs': {'detail': 'auf puenten 23 8405 winterthur 230 winterthur ch zh', 'featureId': '1155875_0', 'geom_quadindex': '030010303013322001112', 'geom_st_box2d': 'BOX(8.768171 47.484793,8.768171 47.484793)', 'label': 'Auf Pünten 23 <b>8405 Winterthur</b>', 'lat': 47.48479080200195, 'links': [{'href': '/rest/services/ech/MapServer/ch.swisstopo.amtliches-gebaeudeadressverzeichnis/100804986', 'rel': 'related', 'title': 'ch.swisstopo.amtliches-gebaeudeadressverzeichnis'}, {'href': '/rest/services/ech/MapServer/ch.bfs.gebaeude_wohnungs_register/1155875_0', 'rel': 'related', 'title': 'ch.bfs.gebaeude_wohnungs_register'}], 'lon': 8.768182754516602, 'num': 23, 'objectclass': '', 'origin': 'address', 'rank': 7, 'x': 8.768182754516602, 'y': 47.48479080200195, 'zoomlevel': 10}, 'id': 2545915, 'weight': 1}","Auf Pünten 23, 8405 Winterthur"
287,success,Geocoding successful.,47.48466873168945,8.767580032348633,Auf Pünten 21 <b>8405 Winterthur</b>,1155874_0,"{'attrs': {'detail': 'auf puenten 21 8405 winterthur 230 winterthur ch zh', 'featureId': '1155874_0', 'geom_quadindex': '030010303013232301100', 'geom_st_box2d': 'BOX(8.767568 47.484671,8.767568 47.484671)', 'label': 'Auf Pünten 21 <b>8405 Winterthur</b>', 'lat': 47.48466873168945, 'links': [{'href': '/rest/services/ech/MapServer/ch.swisstopo.amtliches-gebaeudeadressverzeichnis/100804985', 'rel': 'related', 'title': 'ch.swisstopo.amtliches-gebaeudeadressverzeichnis'}, {'href': '/rest/services/ech/MapServer/ch.bfs.gebaeude_wohnungs_register/1155874_0', 'rel': 'related', 'title': 'ch.bfs.gebaeude_wohnungs_register'}], 'lon': 8.767580032348633, 'num': 21, 'objectclass': '', 'origin': 'address', 'rank': 7, 'x': 8.767580032348633, 'y': 47.48466873168945, 'zoomlevel': 10}, 'id': 1986014, 'weight': 1}","Auf Pünten 21, 8405 Winterthur"
288,success,Geocoding successful.,47.4844856262207,8.768336296081543,Auf Pünten 27 <b>8405 Winterthur</b>,1155877_0,"{'attrs': {'detail': 'auf puenten 27 8405 winterthur 230 winterthur ch zh', 'featureId': '1155877_0', 'geom_quadindex': '030010303031100103023', 'geom_st_box2d': 'BOX(8.768325 47.484486,8.768325 47.484486)', 'label': 'Auf Pünten 27 <b>8405 Winterthur</b>', 'lat': 47.4844856262207, 'links': [{'href': '/rest/services/ech/MapServer/ch.swisstopo.amtliches-gebaeudeadressverzeichnis/100804988', 'rel': 'related', 'title': 'ch.swisstopo.amtliches-gebaeudeadressverzeichnis'}, {'href': '/rest/services/ech/MapServer/ch.bfs.gebaeude_wohnungs_register/1155877_0', 'rel': 'related', 'title': 'ch.bfs.gebaeude_wohnungs_register'}], 'lon': 8.768336296081543, 'num': 27, 'objectclass': '', 'origin': 'address', 'rank': 7, 'x': 8.768336296081543, 'y': 47.4844856262207, 'zoomlevel': 10}, 'id': 2032341, 'weight': 1}","Auf Pünten 27, 8405 Winterthur"
289,success,Geocoding successful.,47.48396682739258,8.763864517211914,Büelhofstrasse 25a <b>8405 Winterthur</b>,201033307_0,"{'attrs': {'detail': 'bueelhofstrasse 25a 8405 winterthur 230 winterthur ch zh', 'featureId': '201033307_0', 'geom_quadindex': '030010303030021021213', 'geom_st_box2d': 'BOX(8.763852 47.483967,8.763852 47.483967)', 'label': 'Büelhofstrasse 25a <b>8405 Winterthur</b>', 'lat': 47.48396682739258, 'links': [{'href': '/rest/services/ech/MapServer/ch.swisstopo.amtliches-gebaeudeadressverzeichnis/101687286', 'rel': 'related', 'title': 'ch.swisstopo.amtliches-gebaeudeadressverzeichnis'}, {'href': '/rest/services/ech/MapServer/ch.bfs.gebaeude_wohnungs_register/201033307_0', 'rel': 'related', 'title': 'ch.bfs.gebaeude_wohnungs_register'}], 'lon': 8.763864517211914, 'num': 25, 'objectclass': '', 'origin': 'address', 'rank': 7, 'x': 8.763864517211914, 'y': 47.48396682739258, 'zoomlevel': 10}, 'id': 2121711, 'weight': 1}","Büelhofstrasse 25a, 8405 Winterthur"
290,success,Geocoding successful.,47.50877380371094,8.754791259765625,Pestalozzistrasse 9 <b>8404 Winterthur</b>,1153179_0,"{'attrs': {'detail': 'pestalozzistrasse 9 8404 winterthur 230 winterthur ch zh', 'featureId': '1153179_0', 'geom_quadindex': '030010122331200210220', 'geom_st_box2d': 'BOX(8.754779 47.508775,8.754779 47.508775)', 'label': 'Pestalozzistrasse 9 <b>8404 Winterthur</b>', 'lat': 47.50877380371094, 'links': [{'href': '/rest/services/ech/MapServer/ch.swisstopo.amtliches-gebaeudeadressverzeichnis/100818339', 'rel': 'related', 'title': 'ch.swisstopo.amtliches-gebaeudeadressverzeichnis'}, {'href': '/rest/services/ech/MapServer/ch.bfs.gebaeude_wohnungs_register/1153179_0', 'rel': 'related', 'title': 'ch.bfs.gebaeude_wohnungs_register'}], 'lon': 8.754791259765625, 'num': 9, 'objectclass': '', 'origin': 'address', 'rank': 7, 'x': 8.754791259765625, 'y': 47.50877380371094, 'zoomlevel': 10}, 'id': 2423116, 'weight': 1}","Pestalozzistrasse 9, 8404 Winterthur"
291,success,Geocoding successful.,47.50906753540039,8.755220413208008,Pestalozzistrasse 11 <b>8404 Winterthur</b>,1153180_0,"{'attrs': {'detail': 'pestalozzistrasse 11 8404 winterthur 230 winterthur ch zh', 'featureId': '1153180_0', 'geom_quadindex': '030010122331023032312', 'geom_st_box2d': 'BOX(8.755209 47.50907,8.755209 47.50907)', 'label': 'Pestalozzistrasse 11 <b>8404 Winterthur</b>', 'lat': 47.50906753540039, 'links': [{'href': '/rest/services/ech/MapServer/ch.swisstopo.amtliches-gebaeudeadressverzeichnis/100818340', 'rel': 'related', 'title': 'ch.swisstopo.amtliches-gebaeudeadressverzeichnis'}, {'href': '/rest/services/ech/MapServer/ch.bfs.gebaeude_wohnungs_register/1153180_0', 'rel': 'related', 'title': 'ch.bfs.gebaeude_wohnungs_register'}], 'lon': 8.755220413208008, 'num': 11, 'objectclass': '', 'origin': 'address', 'rank': 7, 'x': 8.755220413208008, 'y': 47.50906753540039, 'zoomlevel': 10}, 'id': 1855693, 'weight': 1}","Pestalozzistrasse 11, 8404 Winterthur"
292,success,Geocoding successful.,47.505775451660156,8.753410339355469,Römerstrasse 134a <b>8404 Winterthur</b>,2327012_0,"{'attrs': {'detail': 'roemerstrasse 134a 8404 winterthur 230 winterthur ch zh', 'featureId': '2327012_0', 'geom_quadindex': '030010300110100111003', 'geom_st_box2d': 'BOX(8.753398 47.505777,8.753398 47.505777)', 'label': 'Römerstrasse 134a <b>8404 Winterthur</b>', 'lat': 47.505775451660156, 'links': [{'href': '/rest/services/ech/MapServer/ch.swisstopo.amtliches-gebaeudeadressverzeichnis/101166420', 'rel': 'related', 'title': 'ch.swisstopo.amtliches-gebaeudeadressverzeichnis'}, {'href': '/rest/services/ech/MapServer/ch.bfs.gebaeude_wohnungs_register/2327012_0', 'rel': 'related', 'title': 'ch.bfs.gebaeude_wohnungs_register'}], 'lon': 8.753410339355469, 'num': 134, 'objectclass': '', 'origin': 'address', 'rank': 7, 'x': 8.753410339355469, 'y': 47.505775451660156, 'zoomlevel': 10}, 'id': 1894982, 'weight': 1}","Römerstrasse 134a, 8404 Winterthur"
293,success,Geocoding successful.,47.505821228027344,8.753175735473633,Römerstrasse 134 <b>8404 Winterthur</b>,201022356_0,"{'attrs': {'detail': 'roemerstrasse 134 8404 winterthur 230 winterthur ch zh', 'featureId': '201022356_0', 'geom_quadindex': '030010122332322230232', 'geom_st_box2d': 'BOX(8.753164 47.505824,8.753164 47.505824)', 'label': 'Römerstrasse 134 <b>8404 Winterthur</b>', 'lat': 47.505821228027344, 'links': [{'href': '/rest/services/ech/MapServer/ch.swisstopo.amtliches-gebaeudeadressverzeichnis/101483061', 'rel': 'related', 'title': 'ch.swisstopo.amtliches-gebaeudeadressverzeichnis'}, {'href': '/rest/services/ech/MapServer/ch.bfs.gebaeude_wohnungs_register/201022356_0', 'rel': 'related', 'title': 'ch.bfs.gebaeude_wohnungs_register'}], 'lon': 8.753175735473633, 'num': 134, 'objectclass': '', 'origin': 'address', 'rank': 7, 'x': 8.753175735473633, 'y': 47.505821228027344, 'zoomlevel': 10}, 'id': 2070971, 'weight': 1}","Römerstrasse 134, 8404 Winterthur"
294,success,Geocoding successful.,47.510440826416016,8.722827911376953,Rosentalstrasse 65 <b>8400 Winterthur</b>,1150439_0,"{'attrs': {'detail': 'rosentalstrasse 65 8400 winterthur 230 winterthur ch zh', 'featureId': '1150439_0', 'geom_quadindex': '030010033302323313110', 'geom_st_box2d': 'BOX(8.722815 47.510442,8.722815 47.510442)', 'label': 'Rosentalstrasse 65 <b>8400 Winterthur</b>', 'lat': 47.510440826416016, 'links': [{'href': '/rest/services/ech/MapServer/ch.swisstopo.amtliches-gebaeudeadressverzeichnis/100768801', 'rel': 'related', 'title': 'ch.swisstopo.amtliches-gebaeudeadressverzeichnis'}, {'href': '/rest/services/ech/MapServer/ch.bfs.gebaeude_wohnungs_register/1150439_0', 'rel': 'related', 'title': 'ch.bfs.gebaeude_wohnungs_register'}], 'lon': 8.722827911376953, 'num': 65, 'objectclass': '', 'origin': 'address', 'rank': 7, 'x': 8.722827911376953, 'y': 47.510440826416016, 'zoomlevel': 10}, 'id': 2161193, 'weight': 1}","Rosentalstrasse 65, 8400 Winterthur"
295,success,Geocoding successful.,47.489280700683594,8.7595796585083,Wingertlistrasse 38 <b>8405 Winterthur</b>,2325791_0,"{'attrs': {'detail': 'wingertlistrasse 38 8405 winterthur 230 winterthur ch zh', 'featureId': '2325791_0', 'geom_quadindex': '030010301222321130320', 'geom_st_box2d': 'BOX(8.759567 47.489285,8.759567 47.489285)', 'label': 'Wingertlistrasse 38 <b>8405 Winterthur</b>', 'lat': 47.489280700683594, 'links': [{'href': '/rest/services/ech/MapServer/ch.swisstopo.amtliches-gebaeudeadressverzeichnis/101168039', 'rel': 'related', 'title': 'ch.swisstopo.amtliches-gebaeudeadressverzeichnis'}, {'href': '/rest/services/ech/MapServer/ch.bfs.gebaeude_wohnungs_register/2325791_0', 'rel': 'related', 'title': 'ch.bfs.gebaeude_wohnungs_register'}], 'lon': 8.7595796585083, 'num': 38, 'objectclass': '', 'origin': 'address', 'rank': 7, 'x': 8.7595796585083, 'y': 47.489280700683594, 'zoomlevel': 10}, 'id': 2860318, 'weight': 1}","Wingertlistrasse 38, 8405 Winterthur"
296,success,Geocoding successful.,47.510276794433594,8.689373970031738,Zypressenstrasse 1 <b>8408 Winterthur</b>,1161080_0,"{'attrs': {'detail': 'zypressenstrasse 1 8408 winterthur 230 winterthur ch zh', 'featureId': '1161080_0', 'geom_quadindex': '030010032221113313101', 'geom_st_box2d': 'BOX(8.68936 47.510279,8.68936 47.510279)', 'label': 'Zypressenstrasse 1 <b>8408 Winterthur</b>', 'lat': 47.510276794433594, 'links': [{'href': '/rest/services/ech/MapServer/ch.swisstopo.amtliches-gebaeudeadressverzeichnis/100808685', 'rel': 'related', 'title': 'ch.swisstopo.amtliches-gebaeudeadressverzeichnis'}, {'href': '/rest/services/ech/MapServer/ch.bfs.gebaeude_wohnungs_register/1161080_0', 'rel': 'related', 'title': 'ch.bfs.gebaeude_wohnungs_register'}], 'lon': 8.689373970031738, 'num': 1, 'objectclass': '', 'origin': 'address', 'rank': 7, 'x': 8.689373970031738, 'y': 47.510276794433594, 'zoomlevel': 10}, 'id': 2012299, 'weight': 1}","Zypressenstrasse 1, 8408 Winterthur"
297,success,Geocoding successful.,47.510398864746094,8.689159393310547,Zypressenstrasse 3 <b>8408 Winterthur</b>,1161081_0,"{'attrs': {'detail': 'zypressenstrasse 3 8408 winterthur 230 winterthur ch zh', 'featureId': '1161081_0', 'geom_quadindex': '030010032221113013210', 'geom_st_box2d': 'BOX(8.689146 47.510401,8.689146 47.510401)', 'label': 'Zypressenstrasse 3 <b>8408 Winterthur</b>', 'lat': 47.510398864746094, 'links': [{'href': '/rest/services/ech/MapServer/ch.swisstopo.amtliches-gebaeudeadressverzeichnis/100808686', 'rel': 'related', 'title': 'ch.swisstopo.amtliches-gebaeudeadressverzeichnis'}, {'href': '/rest/services/ech/MapServer/ch.bfs.gebaeude_wohnungs_register/1161081_0', 'rel': 'related', 'title': 'ch.bfs.gebaeude_wohnungs_register'}], 'lon': 8.689159393310547, 'num': 3, 'objectclass': '', 'origin': 'address', 'rank': 7, 'x': 8.689159393310547, 'y': 47.510398864746094, 'zoomlevel': 10}, 'id': 2503713, 'weight': 1}","Zypressenstrasse 3, 8408 Winterthur"
298,success,Geocoding successful.,47.486080169677734,8.711600303649902,Eichliackerstrasse 85 <b>8406 Winterthur</b>,201031258_0,"{'attrs': {'detail': 'eichliackerstrasse 85 8406 winterthur 230 winterthur ch zh', 'featureId': '201031258_0', 'geom_quadindex': '030010213003210300130', 'geom_st_box2d': 'BOX(8.711587 47.486081,8.711587 47.486081)', 'label': 'Eichliackerstrasse 85 <b>8406 Winterthur</b>', 'lat': 47.486080169677734, 'links': [{'href': '/rest/services/ech/MapServer/ch.swisstopo.amtliches-gebaeudeadressverzeichnis/101686014', 'rel': 'related', 'title': 'ch.swisstopo.amtliches-gebaeudeadressverzeichnis'}, {'href': '/rest/services/ech/MapServer/ch.bfs.gebaeude_wohnungs_register/201031258_0', 'rel': 'related', 'title': 'ch.bfs.gebaeude_wohnungs_register'}], 'lon': 8.711600303649902, 'num': 85, 'objectclass': '', 'origin': 'address', 'rank': 7, 'x': 8.711600303649902, 'y': 47.486080169677734, 'zoomlevel': 10}, 'id': 2880860, 'weight': 1}","Eichliackerstrasse 85, 8406 Winterthur"
299,success,Geocoding successful.,47.505035400390625,8.781003952026367,Rümikerstrasse 122 <b>8409 Winterthur</b>,201036441_0,"{'attrs': {'detail': 'ruemikerstrasse 122 8409 winterthur 230 winterthur ch zh', 'featureId': '201036441_0', 'geom_quadindex': '030010301111013313001', 'geom_st_box2d': 'BOX(8.780992 47.505036,8.780992 47.505036)', 'label': 'Rümikerstrasse 122 <b>8409 Winterthur</b>', 'lat': 47.505035400390625, 'links': [{'href': '/rest/services/ech/MapServer/ch.swisstopo.amtliches-gebaeudeadressverzeichnis/101681089', 'rel': 'related', 'title': 'ch.swisstopo.amtliches-gebaeudeadressverzeichnis'}, {'href': '/rest/services/ech/MapServer/ch.bfs.gebaeude_wohnungs_register/201036441_0', 'rel': 'related', 'title': 'ch.bfs.gebaeude_wohnungs_register'}], 'lon': 8.781003952026367, 'num': 122, 'objectclass': '', 'origin': 'address', 'rank': 7, 'x': 8.781003952026367, 'y': 47.505035400390625, 'zoomlevel': 10}, 'id': 2370495, 'weight': 1}","Rümikerstrasse 122, 8409 Winterthur"
300,success,Geocoding successful.,47.48487854003906,8.7545747756958,Sempacherweg 4 <b>8405 Winterthur</b>,1155932_0,"{'attrs': {'detail': 'sempacherweg 4 8405 winterthur 230 winterthur ch zh', 'featureId': '1155932_0', 'geom_quadindex': '030010302113223021130', 'geom_st_box2d': 'BOX(8.754563 47.484879,8.754563 47.484879)', 'label': 'Sempacherweg 4 <b>8405 Winterthur</b>', 'lat': 47.48487854003906, 'links': [{'href': '/rest/services/ech/MapServer/ch.swisstopo.amtliches-gebaeudeadressverzeichnis/100803455', 'rel': 'related', 'title': 'ch.swisstopo.amtliches-gebaeudeadressverzeichnis'}, {'href': '/rest/services/ech/MapServer/ch.bfs.gebaeude_wohnungs_register/1155932_0', 'rel': 'related', 'title': 'ch.bfs.gebaeude_wohnungs_register'}], 'lon': 8.7545747756958, 'num': 4, 'objectclass': '', 'origin': 'address', 'rank': 7, 'x': 8.7545747756958, 'y': 47.48487854003906, 'zoomlevel': 10}, 'id': 2682699, 'weight': 1}","Sempacherweg 4, 8405 Winterthur"
301,success,Geocoding successful.,47.49605178833008,8.73599910736084,Tösstalstrasse 48 <b>8400 Winterthur</b>,1161927_0,"{'attrs': {'detail': 'toesstalstrasse 48 8400 winterthur 230 winterthur ch zh', 'featureId': '1161927_0', 'geom_quadindex': '030010300201202303133', 'geom_st_box2d': 'BOX(8.735986 47.496054,8.735986 47.496054)', 'label': 'Tösstalstrasse 48 <b>8400 Winterthur</b>', 'lat': 47.49605178833008, 'links': [{'href': '/rest/services/ech/MapServer/ch.swisstopo.amtliches-gebaeudeadressverzeichnis/100811775', 'rel': 'related', 'title': 'ch.swisstopo.amtliches-gebaeudeadressverzeichnis'}, {'href': '/rest/services/ech/MapServer/ch.bfs.gebaeude_wohnungs_register/1161927_0', 'rel': 'related', 'title': 'ch.bfs.gebaeude_wohnungs_register'}], 'lon': 8.73599910736084, 'num': 48, 'objectclass': '', 'origin': 'address', 'rank': 7, 'x': 8.73599910736084, 'y': 47.49605178833008, 'zoomlevel': 10}, 'id': 2203200, 'weight': 1}","Tösstalstrasse 48, 8400 Winterthur"
302,success,Geocoding successful.,47.51053237915039,8.689689636230469,Zypressenstrasse 5 <b>8408 Winterthur</b>,1161082_0,"{'attrs': {'detail': 'zypressenstrasse 5 8408 winterthur 230 winterthur ch zh', 'featureId': '1161082_0', 'geom_quadindex': '030010032230000312003', 'geom_st_box2d': 'BOX(8.689676 47.510536,8.689676 47.510536)', 'label': 'Zypressenstrasse 5 <b>8408 Winterthur</b>', 'lat': 47.51053237915039, 'links': [{'href': '/rest/services/ech/MapServer/ch.swisstopo.amtliches-gebaeudeadressverzeichnis/100808687', 'rel': 'related', 'title': 'ch.swisstopo.amtliches-gebaeudeadressverzeichnis'}, {'href': '/rest/services/ech/MapServer/ch.bfs.gebaeude_wohnungs_register/1161082_0', 'rel': 'related', 'title': 'ch.bfs.gebaeude_wohnungs_register'}], 'lon': 8.689689636230469, 'num': 5, 'objectclass': '', 'origin': 'address', 'rank': 7, 'x': 8.689689636230469, 'y': 47.51053237915039, 'zoomlevel': 10}, 'id': 2379379, 'weight': 1}","Zypressenstrasse 5, 8408 Winterthur"
303,success,Geocoding successful.,47.51065444946289,8.689474105834961,Zypressenstrasse 7 <b>8408 Winterthur</b>,1161083_0,"{'attrs': {'detail': 'zypressenstrasse 7 8408 winterthur 230 winterthur ch zh', 'featureId': '1161083_0', 'geom_quadindex': '030010032230000003301', 'geom_st_box2d': 'BOX(8.689461 47.510657,8.689461 47.510657)', 'label': 'Zypressenstrasse 7 <b>8408 Winterthur</b>', 'lat': 47.51065444946289, 'links': [{'href': '/rest/services/ech/MapServer/ch.swisstopo.amtliches-gebaeudeadressverzeichnis/100808688', 'rel': 'related', 'title': 'ch.swisstopo.amtliches-gebaeudeadressverzeichnis'}, {'href': '/rest/services/ech/MapServer/ch.bfs.gebaeude_wohnungs_register/1161083_0', 'rel': 'related', 'title': 'ch.bfs.gebaeude_wohnungs_register'}], 'lon': 8.689474105834961, 'num': 7, 'objectclass': '', 'origin': 'address', 'rank': 7, 'x': 8.689474105834961, 'y': 47.51065444946289, 'zoomlevel': 10}, 'id': 2726648, 'weight': 1}","Zypressenstrasse 7, 8408 Winterthur"
304,success,Geocoding successful.,47.51092529296875,8.6897611618042,Zypressenstrasse 11 <b>8408 Winterthur</b>,1161085_0,"{'attrs': {'detail': 'zypressenstrasse 11 8408 winterthur 230 winterthur ch zh', 'featureId': '1161085_0', 'geom_quadindex': '030010032212222113031', 'geom_st_box2d': 'BOX(8.689748 47.510928,8.689748 47.510928)', 'label': 'Zypressenstrasse 11 <b>8408 Winterthur</b>', 'lat': 47.51092529296875, 'links': [{'href': '/rest/services/ech/MapServer/ch.swisstopo.amtliches-gebaeudeadressverzeichnis/100808690', 'rel': 'related', 'title': 'ch.swisstopo.amtliches-gebaeudeadressverzeichnis'}, {'href': '/rest/services/ech/MapServer/ch.bfs.gebaeude_wohnungs_register/1161085_0', 'rel': 'related', 'title': 'ch.bfs.gebaeude_wohnungs_register'}], 'lon': 8.6897611618042, 'num': 11, 'objectclass': '', 'origin': 'address', 'rank': 7, 'x': 8.6897611618042, 'y': 47.51092529296875, 'zoomlevel': 10}, 'id': 2303745, 'weight': 1}","Zypressenstrasse 11, 8408 Winterthur"
305,success,Geocoding successful.,47.51082992553711,8.690000534057617,Zypressenstrasse 9 <b>8408 Winterthur</b>,1161084_0,"{'attrs': {'detail': 'zypressenstrasse 9 8408 winterthur 230 winterthur ch zh', 'featureId': '1161084_0', 'geom_quadindex': '030010032212223300012', 'geom_st_box2d': 'BOX(8.689987 47.51083,8.689987 47.51083)', 'label': 'Zypressenstrasse 9 <b>8408 Winterthur</b>', 'lat': 47.51082992553711, 'links': [{'href': '/rest/services/ech/MapServer/ch.swisstopo.amtliches-gebaeudeadressverzeichnis/100808689', 'rel': 'related', 'title': 'ch.swisstopo.amtliches-gebaeudeadressverzeichnis'}, {'href': '/rest/services/ech/MapServer/ch.bfs.gebaeude_wohnungs_register/1161084_0', 'rel': 'related', 'title': 'ch.bfs.gebaeude_wohnungs_register'}], 'lon': 8.690000534057617, 'num': 9, 'objectclass': '', 'origin': 'address', 'rank': 7, 'x': 8.690000534057617, 'y': 47.51082992553711, 'zoomlevel': 10}, 'id': 2358743, 'weight': 1}","Zypressenstrasse 9, 8408 Winterthur"
306,success,Geocoding successful.,47.495887756347656,8.746464729309082,Grüzefeldstrasse 28 <b>8400 Winterthur</b>,210145283_0,"{'attrs': {'detail': 'gruezefeldstrasse 28 8400 winterthur 230 winterthur ch zh', 'featureId': '210145283_0', 'geom_quadindex': '030010300300213321230', 'geom_st_box2d': 'BOX(8.746452 47.49589,8.746452 47.49589)', 'label': 'Grüzefeldstrasse 28 <b>8400 Winterthur</b>', 'lat': 47.495887756347656, 'links': [{'href': '/rest/services/ech/MapServer/ch.swisstopo.amtliches-gebaeudeadressverzeichnis/101383378', 'rel': 'related', 'title': 'ch.swisstopo.amtliches-gebaeudeadressverzeichnis'}, {'href': '/rest/services/ech/MapServer/ch.bfs.gebaeude_wohnungs_register/210145283_0', 'rel': 'related', 'title': 'ch.bfs.gebaeude_wohnungs_register'}], 'lon': 8.746464729309082, 'num': 28, 'objectclass': '', 'origin': 'address', 'rank': 7, 'x': 8.746464729309082, 'y': 47.495887756347656, 'zoomlevel': 10}, 'id': 2353528, 'weight': 1}","Grüzefeldstrasse 28, 8400 Winterthur"
307,success,Geocoding successful.,47.515045166015625,8.667001724243164,Im Bruni 18 <b>8408 Winterthur</b>,201031816_0,"{'attrs': {'detail': 'im bruni 18 8408 winterthur 230 winterthur ch zh', 'featureId': '201031816_0', 'geom_quadindex': '030010023210110023212', 'geom_st_box2d': 'BOX(8.666987 47.515045,8.666987 47.515045)', 'label': 'Im Bruni 18 <b>8408 Winterthur</b>', 'lat': 47.515045166015625, 'links': [{'href': '/rest/services/ech/MapServer/ch.swisstopo.amtliches-gebaeudeadressverzeichnis/101671813', 'rel': 'related', 'title': 'ch.swisstopo.amtliches-gebaeudeadressverzeichnis'}, {'href': '/rest/services/ech/MapServer/ch.bfs.gebaeude_wohnungs_register/201031816_0', 'rel': 'related', 'title': 'ch.bfs.gebaeude_wohnungs_register'}], 'lon': 8.667001724243164, 'num': 18, 'objectclass': '', 'origin': 'address', 'rank': 7, 'x': 8.667001724243164, 'y': 47.515045166015625, 'zoomlevel': 10}, 'id': 2462818, 'weight': 1}","Im Bruni 18, 8408 Winterthur"
308,success,Geocoding successful.,47.493011474609375,8.761765480041504,Im Hölderli 13 <b>8405 Winterthur</b>,2325508_0,"{'attrs': {'detail': 'im hoelderli 13 8405 winterthur 230 winterthur ch zh', 'featureId': '2325508_0', 'geom_quadindex': '030010301221011001320', 'geom_st_box2d': 'BOX(8.761753 47.493015,8.761753 47.493015)', 'label': 'Im Hölderli 13 <b>8405 Winterthur</b>', 'lat': 47.493011474609375, 'links': [{'href': '/rest/services/ech/MapServer/ch.swisstopo.amtliches-gebaeudeadressverzeichnis/101164915', 'rel': 'related', 'title': 'ch.swisstopo.amtliches-gebaeudeadressverzeichnis'}, {'href': '/rest/services/ech/MapServer/ch.bfs.gebaeude_wohnungs_register/2325508_0', 'rel': 'related', 'title': 'ch.bfs.gebaeude_wohnungs_register'}], 'lon': 8.761765480041504, 'num': 13, 'objectclass': '', 'origin': 'address', 'rank': 7, 'x': 8.761765480041504, 'y': 47.493011474609375, 'zoomlevel': 10}, 'id': 2379373, 'weight': 1}","Im Hölderli 13, 8405 Winterthur"
309,success,Geocoding successful.,47.49296188354492,8.749985694885254,Scheideggstrasse 19 <b>8400 Winterthur</b>,2323510_0,"{'attrs': {'detail': 'scheideggstrasse 19 8400 winterthur 230 winterthur ch zh', 'featureId': '2323510_0', 'geom_quadindex': '030010300321100331030', 'geom_st_box2d': 'BOX(8.749974 47.492966,8.749974 47.492966)', 'label': 'Scheideggstrasse 19 <b>8400 Winterthur</b>', 'lat': 47.49296188354492, 'links': [{'href': '/rest/services/ech/MapServer/ch.swisstopo.amtliches-gebaeudeadressverzeichnis/101161631', 'rel': 'related', 'title': 'ch.swisstopo.amtliches-gebaeudeadressverzeichnis'}, {'href': '/rest/services/ech/MapServer/ch.bfs.gebaeude_wohnungs_register/2323510_0', 'rel': 'related', 'title': 'ch.bfs.gebaeude_wohnungs_register'}], 'lon': 8.749985694885254, 'num': 19, 'objectclass': '', 'origin': 'address', 'rank': 7, 'x': 8.749985694885254, 'y': 47.49296188354492, 'zoomlevel': 10}, 'id': 2664873, 'weight': 1}","Scheideggstrasse 19, 8400 Winterthur"
310,success,Geocoding successful.,47.497413635253906,8.695408821105957,Schlachthofstrasse 36 <b>8406 Winterthur</b>,201034177_0,"{'attrs': {'detail': 'schlachthofstrasse 36 8406 winterthur 230 winterthur ch zh', 'featureId': '201034177_0', 'geom_quadindex': '030010210300020012201', 'geom_st_box2d': 'BOX(8.695396 47.497417,8.695396 47.497417)', 'label': 'Schlachthofstrasse 36 <b>8406 Winterthur</b>', 'lat': 47.497413635253906, 'links': [{'href': '/rest/services/ech/MapServer/ch.swisstopo.amtliches-gebaeudeadressverzeichnis/101677137', 'rel': 'related', 'title': 'ch.swisstopo.amtliches-gebaeudeadressverzeichnis'}, {'href': '/rest/services/ech/MapServer/ch.bfs.gebaeude_wohnungs_register/201034177_0', 'rel': 'related', 'title': 'ch.bfs.gebaeude_wohnungs_register'}], 'lon': 8.695408821105957, 'num': 36, 'objectclass': '', 'origin': 'address', 'rank': 7, 'x': 8.695408821105957, 'y': 47.497413635253906, 'zoomlevel': 10}, 'id': 1956831, 'weight': 1}","Schlachthofstrasse 36, 8406 Winterthur"
311,success,Geocoding successful.,47.50590896606445,8.717083930969238,Wülflingerstrasse 40 <b>8400 Winterthur</b>,1159509_0,"{'attrs': {'detail': 'wuelflingerstrasse 40 8400 winterthur 230 winterthur ch zh', 'featureId': '1159509_0', 'geom_quadindex': '030010211010113011311', 'geom_st_box2d': 'BOX(8.717071 47.505911,8.717071 47.505911)', 'label': 'Wülflingerstrasse 40 <b>8400 Winterthur</b>', 'lat': 47.50590896606445, 'links': [{'href': '/rest/services/ech/MapServer/ch.swisstopo.amtliches-gebaeudeadressverzeichnis/100827004', 'rel': 'related', 'title': 'ch.swisstopo.amtliches-gebaeudeadressverzeichnis'}, {'href': '/rest/services/ech/MapServer/ch.bfs.gebaeude_wohnungs_register/1159509_0', 'rel': 'related', 'title': 'ch.bfs.gebaeude_wohnungs_register'}], 'lon': 8.717083930969238, 'num': 40, 'objectclass': '', 'origin': 'address', 'rank': 7, 'x': 8.717083930969238, 'y': 47.50590896606445, 'zoomlevel': 10}, 'id': 2015354, 'weight': 1}","Wülflingerstrasse 40, 8400 Winterthur"
312,success,Geocoding successful.,47.477603912353516,8.727460861206055,Bruderhausstrasse 3a <b>8400 Winterthur</b>,201036118_0,"{'attrs': {'detail': 'bruderhausstrasse 3a 8400 winterthur 230 winterthur ch zh', 'featureId': '201036118_0', 'geom_quadindex': '030010213312211111031', 'geom_st_box2d': 'BOX(8.727448 47.477605,8.727448 47.477605)', 'label': 'Bruderhausstrasse 3a <b>8400 Winterthur</b>', 'lat': 47.477603912353516, 'links': [{'href': '/rest/services/ech/MapServer/ch.swisstopo.amtliches-gebaeudeadressverzeichnis/101677279', 'rel': 'related', 'title': 'ch.swisstopo.amtliches-gebaeudeadressverzeichnis'}, {'href': '/rest/services/ech/MapServer/ch.bfs.gebaeude_wohnungs_register/201036118_0', 'rel': 'related', 'title': 'ch.bfs.gebaeude_wohnungs_register'}], 'lon': 8.727460861206055, 'num': 3, 'objectclass': '', 'origin': 'address', 'rank': 7, 'x': 8.727460861206055, 'y': 47.477603912353516, 'zoomlevel': 10}, 'id': 2212894, 'weight': 1}","Bruderhausstrasse 3a, 8400 Winterthur"
313,success,Geocoding successful.,47.48398971557617,8.765219688415527,Büelhofstrasse 29 <b>8405 Winterthur</b>,1155910_0,"{'attrs': {'detail': 'bueelhofstrasse 29 8405 winterthur 230 winterthur ch zh', 'featureId': '1155910_0', 'geom_quadindex': '030010303030120103210', 'geom_st_box2d': 'BOX(8.765207 47.48399,8.765207 47.48399)', 'label': 'Büelhofstrasse 29 <b>8405 Winterthur</b>', 'lat': 47.48398971557617, 'links': [{'href': '/rest/services/ech/MapServer/ch.swisstopo.amtliches-gebaeudeadressverzeichnis/100805021', 'rel': 'related', 'title': 'ch.swisstopo.amtliches-gebaeudeadressverzeichnis'}, {'href': '/rest/services/ech/MapServer/ch.bfs.gebaeude_wohnungs_register/1155910_0', 'rel': 'related', 'title': 'ch.bfs.gebaeude_wohnungs_register'}], 'lon': 8.765219688415527, 'num': 29, 'objectclass': '', 'origin': 'address', 'rank': 7, 'x': 8.765219688415527, 'y': 47.48398971557617, 'zoomlevel': 10}, 'id': 2643268, 'weight': 1}","Büelhofstrasse 29, 8405 Winterthur"
314,success,Geocoding successful.,47.4898796081543,8.742210388183594,Endlikerstrasse 18c <b>8400 Winterthur</b>,201033102_0,"{'attrs': {'detail': 'endlikerstrasse 18c 8400 winterthur 230 winterthur ch zh', 'featureId': '201033102_0', 'geom_quadindex': '030010300233201220312', 'geom_st_box2d': 'BOX(8.742199 47.489881,8.742199 47.489881)', 'label': 'Endlikerstrasse 18c <b>8400 Winterthur</b>', 'lat': 47.4898796081543, 'links': [{'href': '/rest/services/ech/MapServer/ch.swisstopo.amtliches-gebaeudeadressverzeichnis/101684968', 'rel': 'related', 'title': 'ch.swisstopo.amtliches-gebaeudeadressverzeichnis'}, {'href': '/rest/services/ech/MapServer/ch.bfs.gebaeude_wohnungs_register/201033102_0', 'rel': 'related', 'title': 'ch.bfs.gebaeude_wohnungs_register'}], 'lon': 8.742210388183594, 'num': 18, 'objectclass': '', 'origin': 'address', 'rank': 7, 'x': 8.742210388183594, 'y': 47.4898796081543, 'zoomlevel': 10}, 'id': 2463721, 'weight': 1}","Endlikerstrasse 18c, 8400 Winterthur"
315,success,Geocoding successful.,47.51957702636719,8.759480476379395,Guggenbühlstrasse 144 <b>8404 Winterthur</b>,201035624_0,"{'attrs': {'detail': 'guggenbuehlstrasse 144 8404 winterthur 230 winterthur ch zh', 'featureId': '201035624_0', 'geom_quadindex': '030010123002033122113', 'geom_st_box2d': 'BOX(8.759468 47.519579,8.759468 47.519579)', 'label': 'Guggenbühlstrasse 144 <b>8404 Winterthur</b>', 'lat': 47.51957702636719, 'links': [{'href': '/rest/services/ech/MapServer/ch.swisstopo.amtliches-gebaeudeadressverzeichnis/101672093', 'rel': 'related', 'title': 'ch.swisstopo.amtliches-gebaeudeadressverzeichnis'}, {'href': '/rest/services/ech/MapServer/ch.bfs.gebaeude_wohnungs_register/201035624_0', 'rel': 'related', 'title': 'ch.bfs.gebaeude_wohnungs_register'}], 'lon': 8.759480476379395, 'num': 144, 'objectclass': '', 'origin': 'address', 'rank': 7, 'x': 8.759480476379395, 'y': 47.51957702636719, 'zoomlevel': 10}, 'id': 2147570, 'weight': 1}","Guggenbühlstrasse 144, 8404 Winterthur"
316,success,Geocoding successful.,47.505558013916016,8.761396408081055,Hegifeldstrasse 4a <b>8404 Winterthur</b>,201033926_0,"{'attrs': {'detail': 'hegifeldstrasse 4a 8404 winterthur 230 winterthur ch zh', 'featureId': '201033926_0', 'geom_quadindex': '030010301001001211100', 'geom_st_box2d': 'BOX(8.761385 47.505559,8.761385 47.505559)', 'label': 'Hegifeldstrasse 4a <b>8404 Winterthur</b>', 'lat': 47.505558013916016, 'links': [{'href': '/rest/services/ech/MapServer/ch.swisstopo.amtliches-gebaeudeadressverzeichnis/101674603', 'rel': 'related', 'title': 'ch.swisstopo.amtliches-gebaeudeadressverzeichnis'}, {'href': '/rest/services/ech/MapServer/ch.bfs.gebaeude_wohnungs_register/201033926_0', 'rel': 'related', 'title': 'ch.bfs.gebaeude_wohnungs_register'}], 'lon': 8.761396408081055, 'num': 4, 'objectclass': '', 'origin': 'address', 'rank': 7, 'x': 8.761396408081055, 'y': 47.505558013916016, 'zoomlevel': 10}, 'id': 2887908, 'weight': 1}","Hegifeldstrasse 4a, 8404 Winterthur"
317,success,Geocoding successful.,47.495479583740234,8.741386413574219,Pflanzschulstrasse 6a <b>8400 Winterthur</b>,1161993_0,"{'attrs': {'detail': 'pflanzschulstrasse 6a 8400 winterthur 230 winterthur ch zh', 'featureId': '1161993_0', 'geom_quadindex': '030010300210332301222', 'geom_st_box2d': 'BOX(8.741374 47.49548,8.741374 47.49548)', 'label': 'Pflanzschulstrasse 6a <b>8400 Winterthur</b>', 'lat': 47.495479583740234, 'links': [{'href': '/rest/services/ech/MapServer/ch.swisstopo.amtliches-gebaeudeadressverzeichnis/100812593', 'rel': 'related', 'title': 'ch.swisstopo.amtliches-gebaeudeadressverzeichnis'}, {'href': '/rest/services/ech/MapServer/ch.bfs.gebaeude_wohnungs_register/1161993_0', 'rel': 'related', 'title': 'ch.bfs.gebaeude_wohnungs_register'}], 'lon': 8.741386413574219, 'num': 6, 'objectclass': '', 'origin': 'address', 'rank': 7, 'x': 8.741386413574219, 'y': 47.495479583740234, 'zoomlevel': 10}, 'id': 2000741, 'weight': 1}","Pflanzschulstrasse 6a, 8400 Winterthur"
318,success,Geocoding successful.,47.49516296386719,8.706463813781738,Schlosstalstrasse 18a <b>8406 Winterthur</b>,1157072_0,"{'attrs': {'detail': 'schlosstalstrasse 18a 8406 winterthur 230 winterthur ch zh', 'featureId': '1157072_0', 'geom_quadindex': '030010210313120130121', 'geom_st_box2d': 'BOX(8.706451 47.495164,8.706451 47.495164)', 'label': 'Schlosstalstrasse 18a <b>8406 Winterthur</b>', 'lat': 47.49516296386719, 'links': [{'href': '/rest/services/ech/MapServer/ch.swisstopo.amtliches-gebaeudeadressverzeichnis/100825023', 'rel': 'related', 'title': 'ch.swisstopo.amtliches-gebaeudeadressverzeichnis'}, {'href': '/rest/services/ech/MapServer/ch.bfs.gebaeude_wohnungs_register/1157072_0', 'rel': 'related', 'title': 'ch.bfs.gebaeude_wohnungs_register'}], 'lon': 8.706463813781738, 'num': 18, 'objectclass': '', 'origin': 'address', 'rank': 7, 'x': 8.706463813781738, 'y': 47.49516296386719, 'zoomlevel': 10}, 'id': 2408496, 'weight': 1}","Schlosstalstrasse 18a, 8406 Winterthur"
319,success,Geocoding successful.,47.494991302490234,8.706714630126953,Schlosstalstrasse 18 <b>8406 Winterthur</b>,201040925_0,"{'attrs': {'detail': 'schlosstalstrasse 18 8406 winterthur 230 winterthur ch zh', 'featureId': '201040925_0', 'geom_quadindex': '030010210313121233133', 'geom_st_box2d': 'BOX(8.706702 47.494993,8.706702 47.494993)', 'label': 'Schlosstalstrasse 18 <b>8406 Winterthur</b>', 'lat': 47.494991302490234, 'links': [{'href': '/rest/services/ech/MapServer/ch.swisstopo.amtliches-gebaeudeadressverzeichnis/101704145', 'rel': 'related', 'title': 'ch.swisstopo.amtliches-gebaeudeadressverzeichnis'}, {'href': '/rest/services/ech/MapServer/ch.bfs.gebaeude_wohnungs_register/201040925_0', 'rel': 'related', 'title': 'ch.bfs.gebaeude_wohnungs_register'}], 'lon': 8.706714630126953, 'num': 18, 'objectclass': '', 'origin': 'address', 'rank': 7, 'x': 8.706714630126953, 'y': 47.494991302490234, 'zoomlevel': 10}, 'id': 2811681, 'weight': 1}","Schlosstalstrasse 18, 8406 Winterthur"
320,success,Geocoding successful.,47.47356414794922,8.702028274536133,Steigstrasse 51 <b>8406 Winterthur</b>,2325019_0,"{'attrs': {'detail': 'steigstrasse 51 8406 winterthur 230 winterthur ch zh', 'featureId': '2325019_0', 'geom_quadindex': '030010212332210123311', 'geom_st_box2d': 'BOX(8.702015 47.473564,8.702015 47.473564)', 'label': 'Steigstrasse 51 <b>8406 Winterthur</b>', 'lat': 47.47356414794922, 'links': [{'href': '/rest/services/ech/MapServer/ch.swisstopo.amtliches-gebaeudeadressverzeichnis/101164904', 'rel': 'related', 'title': 'ch.swisstopo.amtliches-gebaeudeadressverzeichnis'}, {'href': '/rest/services/ech/MapServer/ch.bfs.gebaeude_wohnungs_register/2325019_0', 'rel': 'related', 'title': 'ch.bfs.gebaeude_wohnungs_register'}], 'lon': 8.702028274536133, 'num': 51, 'objectclass': '', 'origin': 'address', 'rank': 7, 'x': 8.702028274536133, 'y': 47.47356414794922, 'zoomlevel': 10}, 'id': 2436098, 'weight': 1}","Steigstrasse 51, 8406 Winterthur"
321,success,Geocoding successful.,47.489986419677734,8.741758346557617,Endlikerstrasse 18b <b>8400 Winterthur</b>,201031823_0,"{'attrs': {'detail': 'endlikerstrasse 18b 8400 winterthur 230 winterthur ch zh', 'featureId': '201031823_0', 'geom_quadindex': '030010300232311133211', 'geom_st_box2d': 'BOX(8.741746 47.489987,8.741746 47.489987)', 'label': 'Endlikerstrasse 18b <b>8400 Winterthur</b>', 'lat': 47.489986419677734, 'links': [{'href': '/rest/services/ech/MapServer/ch.swisstopo.amtliches-gebaeudeadressverzeichnis/101671820', 'rel': 'related', 'title': 'ch.swisstopo.amtliches-gebaeudeadressverzeichnis'}, {'href': '/rest/services/ech/MapServer/ch.bfs.gebaeude_wohnungs_register/201031823_0', 'rel': 'related', 'title': 'ch.bfs.gebaeude_wohnungs_register'}], 'lon': 8.741758346557617, 'num': 18, 'objectclass': '', 'origin': 'address', 'rank': 7, 'x': 8.741758346557617, 'y': 47.489986419677734, 'zoomlevel': 10}, 'id': 2513977, 'weight': 1}","Endlikerstrasse 18b, 8400 Winterthur"
322,success,Geocoding successful.,47.48979568481445,8.742115020751953,Endlikerstrasse 18a <b>8400 Winterthur</b>,201031784_0,"{'attrs': {'detail': 'endlikerstrasse 18a 8400 winterthur 230 winterthur ch zh', 'featureId': '201031784_0', 'geom_quadindex': '030010300233202112131', 'geom_st_box2d': 'BOX(8.742103 47.489796,8.742103 47.489796)', 'label': 'Endlikerstrasse 18a <b>8400 Winterthur</b>', 'lat': 47.48979568481445, 'links': [{'href': '/rest/services/ech/MapServer/ch.swisstopo.amtliches-gebaeudeadressverzeichnis/101670476', 'rel': 'related', 'title': 'ch.swisstopo.amtliches-gebaeudeadressverzeichnis'}, {'href': '/rest/services/ech/MapServer/ch.bfs.gebaeude_wohnungs_register/201031784_0', 'rel': 'related', 'title': 'ch.bfs.gebaeude_wohnungs_register'}], 'lon': 8.742115020751953, 'num': 18, 'objectclass': '', 'origin': 'address', 'rank': 7, 'x': 8.742115020751953, 'y': 47.48979568481445, 'zoomlevel': 10}, 'id': 2390238, 'weight': 1}","Endlikerstrasse 18a, 8400 Winterthur"
323,success,Geocoding successful.,47.518470764160156,8.759809494018555,Guggenbühlstrasse 140 <b>8404 Winterthur</b>,201035650_0,"{'attrs': {'detail': 'guggenbuehlstrasse 140 8404 winterthur 230 winterthur ch zh', 'featureId': '201035650_0', 'geom_quadindex': '030010123002322300210', 'geom_st_box2d': 'BOX(8.759798 47.518475,8.759798 47.518475)', 'label': 'Guggenbühlstrasse 140 <b>8404 Winterthur</b>', 'lat': 47.518470764160156, 'links': [{'href': '/rest/services/ech/MapServer/ch.swisstopo.amtliches-gebaeudeadressverzeichnis/101672119', 'rel': 'related', 'title': 'ch.swisstopo.amtliches-gebaeudeadressverzeichnis'}, {'href': '/rest/services/ech/MapServer/ch.bfs.gebaeude_wohnungs_register/201035650_0', 'rel': 'related', 'title': 'ch.bfs.gebaeude_wohnungs_register'}], 'lon': 8.759809494018555, 'num': 140, 'objectclass': '', 'origin': 'address', 'rank': 7, 'x': 8.759809494018555, 'y': 47.518470764160156, 'zoomlevel': 10}, 'id': 2467277, 'weight': 1}","Guggenbühlstrasse 140, 8404 Winterthur"
324,success,Geocoding successful.,47.51905822753906,8.759404182434082,Guggenbühlstrasse 142 <b>8404 Winterthur</b>,1155202_0,"{'attrs': {'detail': 'guggenbuehlstrasse 142 8404 winterthur 230 winterthur ch zh', 'featureId': '1155202_0', 'geom_quadindex': '030010123002213031323', 'geom_st_box2d': 'BOX(8.759392 47.519061,8.759392 47.519061)', 'label': 'Guggenbühlstrasse 142 <b>8404 Winterthur</b>', 'lat': 47.51905822753906, 'links': [{'href': '/rest/services/ech/MapServer/ch.swisstopo.amtliches-gebaeudeadressverzeichnis/100825373', 'rel': 'related', 'title': 'ch.swisstopo.amtliches-gebaeudeadressverzeichnis'}, {'href': '/rest/services/ech/MapServer/ch.bfs.gebaeude_wohnungs_register/1155202_0', 'rel': 'related', 'title': 'ch.bfs.gebaeude_wohnungs_register'}], 'lon': 8.759404182434082, 'num': 142, 'objectclass': '', 'origin': 'address', 'rank': 7, 'x': 8.759404182434082, 'y': 47.51905822753906, 'zoomlevel': 10}, 'id': 2008635, 'weight': 1}","Guggenbühlstrasse 142, 8404 Winterthur"
325,success,Geocoding successful.,47.495948791503906,8.737648963928223,Palmstrasse 1 <b>8400 Winterthur</b>,1161887_0,"{'attrs': {'detail': 'palmstrasse 1 8400 winterthur 230 winterthur ch zh', 'featureId': '1161887_0', 'geom_quadindex': '030010300201302333333', 'geom_st_box2d': 'BOX(8.737637 47.495951,8.737637 47.495951)', 'label': 'Palmstrasse 1 <b>8400 Winterthur</b>', 'lat': 47.495948791503906, 'links': [{'href': '/rest/services/ech/MapServer/ch.swisstopo.amtliches-gebaeudeadressverzeichnis/100811737', 'rel': 'related', 'title': 'ch.swisstopo.amtliches-gebaeudeadressverzeichnis'}, {'href': '/rest/services/ech/MapServer/ch.bfs.gebaeude_wohnungs_register/1161887_0', 'rel': 'related', 'title': 'ch.bfs.gebaeude_wohnungs_register'}], 'lon': 8.737648963928223, 'num': 1, 'objectclass': '', 'origin': 'address', 'rank': 7, 'x': 8.737648963928223, 'y': 47.495948791503906, 'zoomlevel': 10}, 'id': 2858186, 'weight': 1}","Palmstrasse 1, 8400 Winterthur"
326,success,Geocoding successful.,47.47672653198242,8.777310371398926,Ricketwilerstrasse 50 <b>8405 Winterthur</b>,201031103_0,"{'attrs': {'detail': 'ricketwilerstrasse 50 8405 winterthur 230 winterthur ch zh', 'featureId': '201031103_0', 'geom_quadindex': '030010303312302003330', 'geom_st_box2d': 'BOX(8.777298 47.476727,8.777298 47.476727)', 'label': 'Ricketwilerstrasse 50 <b>8405 Winterthur</b>', 'lat': 47.47672653198242, 'links': [{'href': '/rest/services/ech/MapServer/ch.swisstopo.amtliches-gebaeudeadressverzeichnis/101683502', 'rel': 'related', 'title': 'ch.swisstopo.amtliches-gebaeudeadressverzeichnis'}, {'href': '/rest/services/ech/MapServer/ch.bfs.gebaeude_wohnungs_register/201031103_0', 'rel': 'related', 'title': 'ch.bfs.gebaeude_wohnungs_register'}], 'lon': 8.777310371398926, 'num': 50, 'objectclass': '', 'origin': 'address', 'rank': 7, 'x': 8.777310371398926, 'y': 47.47672653198242, 'zoomlevel': 10}, 'id': 2685416, 'weight': 1}","Ricketwilerstrasse 50, 8405 Winterthur"
327,success,Geocoding successful.,47.49018859863281,8.740931510925293,Talgutstrasse 71 <b>8400 Winterthur</b>,1162367_0,"{'attrs': {'detail': 'talgutstrasse 71 8400 winterthur 230 winterthur ch zh', 'featureId': '1162367_0', 'geom_quadindex': '030010300232123312212', 'geom_st_box2d': 'BOX(8.740919 47.490189,8.740919 47.490189)', 'label': 'Talgutstrasse 71 <b>8400 Winterthur</b>', 'lat': 47.49018859863281, 'links': [{'href': '/rest/services/ech/MapServer/ch.swisstopo.amtliches-gebaeudeadressverzeichnis/100811993', 'rel': 'related', 'title': 'ch.swisstopo.amtliches-gebaeudeadressverzeichnis'}, {'href': '/rest/services/ech/MapServer/ch.bfs.gebaeude_wohnungs_register/1162367_0', 'rel': 'related', 'title': 'ch.bfs.gebaeude_wohnungs_register'}], 'lon': 8.740931510925293, 'num': 71, 'objectclass': '', 'origin': 'address', 'rank': 7, 'x': 8.740931510925293, 'y': 47.49018859863281, 'zoomlevel': 10}, 'id': 2468284, 'weight': 1}","Talgutstrasse 71, 8400 Winterthur"
328,success,Geocoding successful.,47.49032974243164,8.741316795349121,Talgutstrasse 71a <b>8400 Winterthur</b>,201031848_0,"{'attrs': {'detail': 'talgutstrasse 71a 8400 winterthur 230 winterthur ch zh', 'featureId': '201031848_0', 'geom_quadindex': '030010300232132112003', 'geom_st_box2d': 'BOX(8.741305 47.490333,8.741305 47.490333)', 'label': 'Talgutstrasse 71a <b>8400 Winterthur</b>', 'lat': 47.49032974243164, 'links': [{'href': '/rest/services/ech/MapServer/ch.swisstopo.amtliches-gebaeudeadressverzeichnis/101671843', 'rel': 'related', 'title': 'ch.swisstopo.amtliches-gebaeudeadressverzeichnis'}, {'href': '/rest/services/ech/MapServer/ch.bfs.gebaeude_wohnungs_register/201031848_0', 'rel': 'related', 'title': 'ch.bfs.gebaeude_wohnungs_register'}], 'lon': 8.741316795349121, 'num': 71, 'objectclass': '', 'origin': 'address', 'rank': 7, 'x': 8.741316795349121, 'y': 47.49032974243164, 'zoomlevel': 10}, 'id': 1975918, 'weight': 1}","Talgutstrasse 71a, 8400 Winterthur"
329,success,Geocoding successful.,47.495967864990234,8.737048149108887,Tösstalstrasse 53 <b>8400 Winterthur</b>,2323643_0,"{'attrs': {'detail': 'toesstalstrasse 53 8400 winterthur 230 winterthur ch zh', 'featureId': '2323643_0', 'geom_quadindex': '030010300201213233300', 'geom_st_box2d': 'BOX(8.737035 47.495969,8.737035 47.495969)', 'label': 'Tösstalstrasse 53 <b>8400 Winterthur</b>', 'lat': 47.495967864990234, 'links': [{'href': '/rest/services/ech/MapServer/ch.swisstopo.amtliches-gebaeudeadressverzeichnis/101160240', 'rel': 'related', 'title': 'ch.swisstopo.amtliches-gebaeudeadressverzeichnis'}, {'href': '/rest/services/ech/MapServer/ch.bfs.gebaeude_wohnungs_register/2323643_0', 'rel': 'related', 'title': 'ch.bfs.gebaeude_wohnungs_register'}], 'lon': 8.737048149108887, 'num': 53, 'objectclass': '', 'origin': 'address', 'rank': 7, 'x': 8.737048149108887, 'y': 47.495967864990234, 'zoomlevel': 10}, 'id': 2473309, 'weight': 1}","Tösstalstrasse 53, 8400 Winterthur"
330,success,Geocoding successful.,47.494869232177734,8.721906661987305,Heiligbergstrasse 54 <b>8400 Winterthur</b>,1151608_0,"{'attrs': {'detail': 'heiligbergstrasse 54 8400 winterthur 230 winterthur ch zh', 'featureId': '1151608_0', 'geom_quadindex': '030010211302120320100', 'geom_st_box2d': 'BOX(8.721894 47.494872,8.721894 47.494872)', 'label': 'Heiligbergstrasse 54 <b>8400 Winterthur</b>', 'lat': 47.494869232177734, 'links': [{'href': '/rest/services/ech/MapServer/ch.swisstopo.amtliches-gebaeudeadressverzeichnis/100819141', 'rel': 'related', 'title': 'ch.swisstopo.amtliches-gebaeudeadressverzeichnis'}, {'href': '/rest/services/ech/MapServer/ch.bfs.gebaeude_wohnungs_register/1151608_0', 'rel': 'related', 'title': 'ch.bfs.gebaeude_wohnungs_register'}], 'lon': 8.721906661987305, 'num': 54, 'objectclass': '', 'origin': 'address', 'rank': 7, 'x': 8.721906661987305, 'y': 47.494869232177734, 'zoomlevel': 10}, 'id': 2001277, 'weight': 1}","Heiligbergstrasse 54, 8400 Winterthur"
331,success,Geocoding successful.,47.493141174316406,8.71409797668457,Obere Briggerstrasse 29 <b>8406 Winterthur</b>,201034418_0,"{'attrs': {'detail': 'obere briggerstrasse 29 8406 winterthur 230 winterthur ch zh', 'featureId': '201034418_0', 'geom_quadindex': '030010211230002302110', 'geom_st_box2d': 'BOX(8.714085 47.493144,8.714085 47.493144)', 'label': 'Obere Briggerstrasse 29 <b>8406 Winterthur</b>', 'lat': 47.493141174316406, 'links': [{'href': '/rest/services/ech/MapServer/ch.swisstopo.amtliches-gebaeudeadressverzeichnis/101679711', 'rel': 'related', 'title': 'ch.swisstopo.amtliches-gebaeudeadressverzeichnis'}, {'href': '/rest/services/ech/MapServer/ch.bfs.gebaeude_wohnungs_register/201034418_0', 'rel': 'related', 'title': 'ch.bfs.gebaeude_wohnungs_register'}], 'lon': 8.71409797668457, 'num': 29, 'objectclass': '', 'origin': 'address', 'rank': 7, 'x': 8.71409797668457, 'y': 47.493141174316406, 'zoomlevel': 10}, 'id': 2155994, 'weight': 1}","Obere Briggerstrasse 29, 8406 Winterthur"
332,success,Geocoding successful.,47.499114990234375,8.754093170166016,Sulzerallee 6 <b>8404 Winterthur</b>,201033638_0,"{'attrs': {'detail': 'sulzerallee 6 8404 winterthur 230 winterthur ch zh', 'featureId': '201033638_0', 'geom_quadindex': '030010300132113020103', 'geom_st_box2d': 'BOX(8.754081 47.499116,8.754081 47.499116)', 'label': 'Sulzerallee 6 <b>8404 Winterthur</b>', 'lat': 47.499114990234375, 'links': [{'href': '/rest/services/ech/MapServer/ch.swisstopo.amtliches-gebaeudeadressverzeichnis/101670573', 'rel': 'related', 'title': 'ch.swisstopo.amtliches-gebaeudeadressverzeichnis'}, {'href': '/rest/services/ech/MapServer/ch.bfs.gebaeude_wohnungs_register/201033638_0', 'rel': 'related', 'title': 'ch.bfs.gebaeude_wohnungs_register'}], 'lon': 8.754093170166016, 'num': 6, 'objectclass': '', 'origin': 'address', 'rank': 7, 'x': 8.754093170166016, 'y': 47.499114990234375, 'zoomlevel': 10}, 'id': 2743574, 'weight': 1}","Sulzerallee 6, 8404 Winterthur"
333,success,Geocoding successful.,47.489768981933594,8.761775016784668,Wingertlistrasse 17a <b>8405 Winterthur</b>,2325782_0,"{'attrs': {'detail': 'wingertlistrasse 17a 8405 winterthur 230 winterthur ch zh', 'featureId': '2325782_0', 'geom_quadindex': '030010301223211033031', 'geom_st_box2d': 'BOX(8.761763 47.48977,8.761763 47.48977)', 'label': 'Wingertlistrasse 17a <b>8405 Winterthur</b>', 'lat': 47.489768981933594, 'links': [{'href': '/rest/services/ech/MapServer/ch.swisstopo.amtliches-gebaeudeadressverzeichnis/101168033', 'rel': 'related', 'title': 'ch.swisstopo.amtliches-gebaeudeadressverzeichnis'}, {'href': '/rest/services/ech/MapServer/ch.bfs.gebaeude_wohnungs_register/2325782_0', 'rel': 'related', 'title': 'ch.bfs.gebaeude_wohnungs_register'}], 'lon': 8.761775016784668, 'num': 17, 'objectclass': '', 'origin': 'address', 'rank': 7, 'x': 8.761775016784668, 'y': 47.489768981933594, 'zoomlevel': 10}, 'id': 2449410, 'weight': 1}","Wingertlistrasse 17a, 8405 Winterthur"
334,success,Geocoding successful.,47.51399230957031,8.68921947479248,Holzlegistrasse 50d <b>8408 Winterthur</b>,201032088_0,"{'attrs': {'detail': 'holzlegistrasse 50d 8408 winterthur 230 winterthur ch zh', 'featureId': '201032088_0', 'geom_quadindex': '030010032201133210132', 'geom_st_box2d': 'BOX(8.689206 47.513993,8.689206 47.513993)', 'label': 'Holzlegistrasse 50d <b>8408 Winterthur</b>', 'lat': 47.51399230957031, 'links': [{'href': '/rest/services/ech/MapServer/ch.swisstopo.amtliches-gebaeudeadressverzeichnis/101674514', 'rel': 'related', 'title': 'ch.swisstopo.amtliches-gebaeudeadressverzeichnis'}, {'href': '/rest/services/ech/MapServer/ch.bfs.gebaeude_wohnungs_register/201032088_0', 'rel': 'related', 'title': 'ch.bfs.gebaeude_wohnungs_register'}], 'lon': 8.68921947479248, 'num': 50, 'objectclass': '', 'origin': 'address', 'rank': 7, 'x': 8.68921947479248, 'y': 47.51399230957031, 'zoomlevel': 10}, 'id': 2136351, 'weight': 1}","Holzlegistrasse 50d, 8408 Winterthur"
335,success,Geocoding successful.,47.513362884521484,8.688760757446289,Holzlegistrasse 50a <b>8408 Winterthur</b>,201032051_0,"{'attrs': {'detail': 'holzlegistrasse 50a 8408 winterthur 230 winterthur ch zh', 'featureId': '201032051_0', 'geom_quadindex': '030010032201312223303', 'geom_st_box2d': 'BOX(8.688747 47.513365,8.688747 47.513365)', 'label': 'Holzlegistrasse 50a <b>8408 Winterthur</b>', 'lat': 47.513362884521484, 'links': [{'href': '/rest/services/ech/MapServer/ch.swisstopo.amtliches-gebaeudeadressverzeichnis/101674477', 'rel': 'related', 'title': 'ch.swisstopo.amtliches-gebaeudeadressverzeichnis'}, {'href': '/rest/services/ech/MapServer/ch.bfs.gebaeude_wohnungs_register/201032051_0', 'rel': 'related', 'title': 'ch.bfs.gebaeude_wohnungs_register'}], 'lon': 8.688760757446289, 'num': 50, 'objectclass': '', 'origin': 'address', 'rank': 7, 'x': 8.688760757446289, 'y': 47.513362884521484, 'zoomlevel': 10}, 'id': 1901521, 'weight': 1}","Holzlegistrasse 50a, 8408 Winterthur"
336,success,Geocoding successful.,47.51359558105469,8.689136505126953,Holzlegistrasse 50 <b>8408 Winterthur</b>,1161455_0,"{'attrs': {'detail': 'holzlegistrasse 50 8408 winterthur 230 winterthur ch zh', 'featureId': '1161455_0', 'geom_quadindex': '030010032201313001032', 'geom_st_box2d': 'BOX(8.689123 47.513597,8.689123 47.513597)', 'label': 'Holzlegistrasse 50 <b>8408 Winterthur</b>', 'lat': 47.51359558105469, 'links': [{'href': '/rest/services/ech/MapServer/ch.swisstopo.amtliches-gebaeudeadressverzeichnis/100809965', 'rel': 'related', 'title': 'ch.swisstopo.amtliches-gebaeudeadressverzeichnis'}, {'href': '/rest/services/ech/MapServer/ch.bfs.gebaeude_wohnungs_register/1161455_0', 'rel': 'related', 'title': 'ch.bfs.gebaeude_wohnungs_register'}], 'lon': 8.689136505126953, 'num': 50, 'objectclass': '', 'origin': 'address', 'rank': 7, 'x': 8.689136505126953, 'y': 47.51359558105469, 'zoomlevel': 10}, 'id': 2283294, 'weight': 1}","Holzlegistrasse 50, 8408 Winterthur"
337,success,Geocoding successful.,47.513675689697266,8.688606262207031,Holzlegistrasse 50b <b>8408 Winterthur</b>,201032042_0,"{'attrs': {'detail': 'holzlegistrasse 50b 8408 winterthur 230 winterthur ch zh', 'featureId': '201032042_0', 'geom_quadindex': '030010032201301330012', 'geom_st_box2d': 'BOX(8.688593 47.513677,8.688593 47.513677)', 'label': 'Holzlegistrasse 50b <b>8408 Winterthur</b>', 'lat': 47.513675689697266, 'links': [{'href': '/rest/services/ech/MapServer/ch.swisstopo.amtliches-gebaeudeadressverzeichnis/101674468', 'rel': 'related', 'title': 'ch.swisstopo.amtliches-gebaeudeadressverzeichnis'}, {'href': '/rest/services/ech/MapServer/ch.bfs.gebaeude_wohnungs_register/201032042_0', 'rel': 'related', 'title': 'ch.bfs.gebaeude_wohnungs_register'}], 'lon': 8.688606262207031, 'num': 50, 'objectclass': '', 'origin': 'address', 'rank': 7, 'x': 8.688606262207031, 'y': 47.513675689697266, 'zoomlevel': 10}, 'id': 1919512, 'weight': 1}","Holzlegistrasse 50b, 8408 Winterthur"
338,success,Geocoding successful.,47.49962615966797,8.731398582458496,Oberer Graben 40 <b>8400 Winterthur</b>,1150131_0,"{'attrs': {'detail': 'oberer graben 40 8400 winterthur 230 winterthur ch zh', 'featureId': '1150131_0', 'geom_quadindex': '030010211133100121033', 'geom_st_box2d': 'BOX(8.731386 47.49963,8.731386 47.49963)', 'label': 'Oberer Graben 40 <b>8400 Winterthur</b>', 'lat': 47.49962615966797, 'links': [{'href': '/rest/services/ech/MapServer/ch.swisstopo.amtliches-gebaeudeadressverzeichnis/100820439', 'rel': 'related', 'title': 'ch.swisstopo.amtliches-gebaeudeadressverzeichnis'}, {'href': '/rest/services/ech/MapServer/ch.bfs.gebaeude_wohnungs_register/1150131_0', 'rel': 'related', 'title': 'ch.bfs.gebaeude_wohnungs_register'}], 'lon': 8.731398582458496, 'num': 40, 'objectclass': '', 'origin': 'address', 'rank': 7, 'x': 8.731398582458496, 'y': 47.49962615966797, 'zoomlevel': 10}, 'id': 2712883, 'weight': 1}","Oberer Graben 40, 8400 Winterthur"
339,success,Geocoding successful.,47.47301483154297,8.708085060119629,Reitplatzstrasse 15 <b>8406 Winterthur</b>,2323563_0,"{'attrs': {'detail': 'reitplatzstrasse 15 8406 winterthur 230 winterthur ch zh', 'featureId': '2323563_0', 'geom_quadindex': '030010213222230030111', 'geom_st_box2d': 'BOX(8.708072 47.473018,8.708072 47.473018)', 'label': 'Reitplatzstrasse 15 <b>8406 Winterthur</b>', 'lat': 47.47301483154297, 'links': [{'href': '/rest/services/ech/MapServer/ch.swisstopo.amtliches-gebaeudeadressverzeichnis/101161634', 'rel': 'related', 'title': 'ch.swisstopo.amtliches-gebaeudeadressverzeichnis'}, {'href': '/rest/services/ech/MapServer/ch.bfs.gebaeude_wohnungs_register/2323563_0', 'rel': 'related', 'title': 'ch.bfs.gebaeude_wohnungs_register'}], 'lon': 8.708085060119629, 'num': 15, 'objectclass': '', 'origin': 'address', 'rank': 7, 'x': 8.708085060119629, 'y': 47.47301483154297, 'zoomlevel': 10}, 'id': 2713844, 'weight': 1}","Reitplatzstrasse 15, 8406 Winterthur"
340,success,Geocoding successful.,47.50346755981445,8.712536811828613,Wartstrasse 73 <b>8400 Winterthur</b>,3001649_0,"{'attrs': {'detail': 'wartstrasse 73 8400 winterthur 230 winterthur ch zh', 'featureId': '3001649_0', 'geom_quadindex': '030010211003031311102', 'geom_st_box2d': 'BOX(8.712524 47.503469,8.712524 47.503469)', 'label': 'Wartstrasse 73 <b>8400 Winterthur</b>', 'lat': 47.50346755981445, 'links': [{'href': '/rest/services/ech/MapServer/ch.swisstopo.amtliches-gebaeudeadressverzeichnis/101078491', 'rel': 'related', 'title': 'ch.swisstopo.amtliches-gebaeudeadressverzeichnis'}, {'href': '/rest/services/ech/MapServer/ch.bfs.gebaeude_wohnungs_register/3001649_0', 'rel': 'related', 'title': 'ch.bfs.gebaeude_wohnungs_register'}], 'lon': 8.712536811828613, 'num': 73, 'objectclass': '', 'origin': 'address', 'rank': 7, 'x': 8.712536811828613, 'y': 47.50346755981445, 'zoomlevel': 10}, 'id': 1940769, 'weight': 1}","Wartstrasse 73, 8400 Winterthur"
341,success,Geocoding successful.,47.48314666748047,8.705660820007324,Auwiesenstrasse 45 <b>8406 Winterthur</b>,1158137_0,"{'attrs': {'detail': 'auwiesenstrasse 45 8406 winterthur 230 winterthur ch zh', 'featureId': '1158137_0', 'geom_quadindex': '030010212131233322022', 'geom_st_box2d': 'BOX(8.705648 47.483147,8.705648 47.483147)', 'label': 'Auwiesenstrasse 45 <b>8406 Winterthur</b>', 'lat': 47.48314666748047, 'links': [{'href': '/rest/services/ech/MapServer/ch.swisstopo.amtliches-gebaeudeadressverzeichnis/100804475', 'rel': 'related', 'title': 'ch.swisstopo.amtliches-gebaeudeadressverzeichnis'}, {'href': '/rest/services/ech/MapServer/ch.bfs.gebaeude_wohnungs_register/1158137_0', 'rel': 'related', 'title': 'ch.bfs.gebaeude_wohnungs_register'}], 'lon': 8.705660820007324, 'num': 45, 'objectclass': '', 'origin': 'address', 'rank': 7, 'x': 8.705660820007324, 'y': 47.48314666748047, 'zoomlevel': 10}, 'id': 2791983, 'weight': 1}","Auwiesenstrasse 45, 8406 Winterthur"
342,success,Geocoding successful.,47.474815368652344,8.74932861328125,Gatterstrasse 9 <b>8400 Winterthur</b>,201034148_0,"{'attrs': {'detail': 'gatterstrasse 9 8400 winterthur 230 winterthur ch zh', 'featureId': '201034148_0', 'geom_quadindex': '030010302321302212311', 'geom_st_box2d': 'BOX(8.749317 47.474817,8.749317 47.474817)', 'label': 'Gatterstrasse 9 <b>8400 Winterthur</b>', 'lat': 47.474815368652344, 'links': [{'href': '/rest/services/ech/MapServer/ch.swisstopo.amtliches-gebaeudeadressverzeichnis/101677111', 'rel': 'related', 'title': 'ch.swisstopo.amtliches-gebaeudeadressverzeichnis'}, {'href': '/rest/services/ech/MapServer/ch.bfs.gebaeude_wohnungs_register/201034148_0', 'rel': 'related', 'title': 'ch.bfs.gebaeude_wohnungs_register'}], 'lon': 8.74932861328125, 'num': 9, 'objectclass': '', 'origin': 'address', 'rank': 7, 'x': 8.74932861328125, 'y': 47.474815368652344, 'zoomlevel': 10}, 'id': 2822755, 'weight': 1}","Gatterstrasse 9, 8400 Winterthur"
343,success,Geocoding successful.,47.51063537597656,8.759140968322754,Guggenbühlstrasse 2 <b>8404 Winterthur</b>,201010105_0,"{'attrs': {'detail': 'guggenbuehlstrasse 2 8404 winterthur 230 winterthur ch zh', 'featureId': '201010105_0', 'geom_quadindex': '030010123202213030302', 'geom_st_box2d': 'BOX(8.759129 47.510638,8.759129 47.510638)', 'label': 'Guggenbühlstrasse 2 <b>8404 Winterthur</b>', 'lat': 47.51063537597656, 'links': [{'href': '/rest/services/ech/MapServer/ch.swisstopo.amtliches-gebaeudeadressverzeichnis/101497000', 'rel': 'related', 'title': 'ch.swisstopo.amtliches-gebaeudeadressverzeichnis'}, {'href': '/rest/services/ech/MapServer/ch.bfs.gebaeude_wohnungs_register/201010105_0', 'rel': 'related', 'title': 'ch.bfs.gebaeude_wohnungs_register'}], 'lon': 8.759140968322754, 'num': 2, 'objectclass': '', 'origin': 'address', 'rank': 7, 'x': 8.759140968322754, 'y': 47.51063537597656, 'zoomlevel': 10}, 'id': 2329741, 'weight': 1}","Guggenbühlstrasse 2, 8404 Winterthur"
344,success,Geocoding successful.,47.510833740234375,8.759623527526855,Guggenbühlstrasse 6 <b>8404 Winterthur</b>,1154720_0,"{'attrs': {'detail': 'guggenbuehlstrasse 6 8404 winterthur 230 winterthur ch zh', 'featureId': '1154720_0', 'geom_quadindex': '030010123202300300211', 'geom_st_box2d': 'BOX(8.759611 47.510835,8.759611 47.510835)', 'label': 'Guggenbühlstrasse 6 <b>8404 Winterthur</b>', 'lat': 47.510833740234375, 'links': [{'href': '/rest/services/ech/MapServer/ch.swisstopo.amtliches-gebaeudeadressverzeichnis/100806045', 'rel': 'related', 'title': 'ch.swisstopo.amtliches-gebaeudeadressverzeichnis'}, {'href': '/rest/services/ech/MapServer/ch.bfs.gebaeude_wohnungs_register/1154720_0', 'rel': 'related', 'title': 'ch.bfs.gebaeude_wohnungs_register'}], 'lon': 8.759623527526855, 'num': 6, 'objectclass': '', 'origin': 'address', 'rank': 7, 'x': 8.759623527526855, 'y': 47.510833740234375, 'zoomlevel': 10}, 'id': 2640495, 'weight': 1}","Guggenbühlstrasse 6, 8404 Winterthur"
345,success,Geocoding successful.,47.510780334472656,8.759182929992676,Guggenbühlstrasse 4 <b>8404 Winterthur</b>,201010105_1,"{'attrs': {'detail': 'guggenbuehlstrasse 4 8404 winterthur 230 winterthur ch zh', 'featureId': '201010105_1', 'geom_quadindex': '030010123202211231030', 'geom_st_box2d': 'BOX(8.759171 47.510784,8.759171 47.510784)', 'label': 'Guggenbühlstrasse 4 <b>8404 Winterthur</b>', 'lat': 47.510780334472656, 'links': [{'href': '/rest/services/ech/MapServer/ch.swisstopo.amtliches-gebaeudeadressverzeichnis/101496998', 'rel': 'related', 'title': 'ch.swisstopo.amtliches-gebaeudeadressverzeichnis'}, {'href': '/rest/services/ech/MapServer/ch.bfs.gebaeude_wohnungs_register/201010105_1', 'rel': 'related', 'title': 'ch.bfs.gebaeude_wohnungs_register'}], 'lon': 8.759182929992676, 'num': 4, 'objectclass': '', 'origin': 'address', 'rank': 7, 'x': 8.759182929992676, 'y': 47.510780334472656, 'zoomlevel': 10}, 'id': 2596334, 'weight': 1}","Guggenbühlstrasse 4, 8404 Winterthur"
346,success,Geocoding successful.,47.486358642578125,8.763175010681152,Hinterdorfstrasse 37 <b>8405 Winterthur</b>,2325783_0,"{'attrs': {'detail': 'hinterdorfstrasse 37 8405 winterthur 230 winterthur ch zh', 'featureId': '2325783_0', 'geom_quadindex': '030010303003113030020', 'geom_st_box2d': 'BOX(8.763163 47.48636,8.763163 47.48636)', 'label': 'Hinterdorfstrasse 37 <b>8405 Winterthur</b>', 'lat': 47.486358642578125, 'links': [{'href': '/rest/services/ech/MapServer/ch.swisstopo.amtliches-gebaeudeadressverzeichnis/101168034', 'rel': 'related', 'title': 'ch.swisstopo.amtliches-gebaeudeadressverzeichnis'}, {'href': '/rest/services/ech/MapServer/ch.bfs.gebaeude_wohnungs_register/2325783_0', 'rel': 'related', 'title': 'ch.bfs.gebaeude_wohnungs_register'}], 'lon': 8.763175010681152, 'num': 37, 'objectclass': '', 'origin': 'address', 'rank': 7, 'x': 8.763175010681152, 'y': 47.486358642578125, 'zoomlevel': 10}, 'id': 1983462, 'weight': 1}","Hinterdorfstrasse 37, 8405 Winterthur"
347,success,Geocoding successful.,47.49684143066406,8.697999954223633,Schlachthofstrasse 25 <b>8406 Winterthur</b>,2324820_0,"{'attrs': {'detail': 'schlachthofstrasse 25 8406 winterthur 230 winterthur ch zh', 'featureId': '2324820_0', 'geom_quadindex': '030010210300310131103', 'geom_st_box2d': 'BOX(8.697987 47.496841,8.697987 47.496841)', 'label': 'Schlachthofstrasse 25 <b>8406 Winterthur</b>', 'lat': 47.49684143066406, 'links': [{'href': '/rest/services/ech/MapServer/ch.swisstopo.amtliches-gebaeudeadressverzeichnis/101164870', 'rel': 'related', 'title': 'ch.swisstopo.amtliches-gebaeudeadressverzeichnis'}, {'href': '/rest/services/ech/MapServer/ch.bfs.gebaeude_wohnungs_register/2324820_0', 'rel': 'related', 'title': 'ch.bfs.gebaeude_wohnungs_register'}], 'lon': 8.697999954223633, 'num': 25, 'objectclass': '', 'origin': 'address', 'rank': 7, 'x': 8.697999954223633, 'y': 47.49684143066406, 'zoomlevel': 10}, 'id': 2759952, 'weight': 1}","Schlachthofstrasse 25, 8406 Winterthur"
348,success,Geocoding successful.,47.49184036254883,8.73656940460205,Unterer Deutweg 83 <b>8400 Winterthur</b>,1162452_0,"{'attrs': {'detail': 'unterer deutweg 83 8400 winterthur 230 winterthur ch zh', 'featureId': '1162452_0', 'geom_quadindex': '030010300221212213110', 'geom_st_box2d': 'BOX(8.736557 47.491843,8.736557 47.491843)', 'label': 'Unterer Deutweg 83 <b>8400 Winterthur</b>', 'lat': 47.49184036254883, 'links': [{'href': '/rest/services/ech/MapServer/ch.swisstopo.amtliches-gebaeudeadressverzeichnis/100807030', 'rel': 'related', 'title': 'ch.swisstopo.amtliches-gebaeudeadressverzeichnis'}, {'href': '/rest/services/ech/MapServer/ch.bfs.gebaeude_wohnungs_register/1162452_0', 'rel': 'related', 'title': 'ch.bfs.gebaeude_wohnungs_register'}], 'lon': 8.73656940460205, 'num': 83, 'objectclass': '', 'origin': 'address', 'rank': 7, 'x': 8.73656940460205, 'y': 47.49184036254883, 'zoomlevel': 10}, 'id': 2672246, 'weight': 1}","Unterer Deutweg 83, 8400 Winterthur"
349,success,Geocoding successful.,47.51152038574219,8.685469627380371,Wässerwiesenstrasse 69 <b>8408 Winterthur</b>,9006777_0,"{'attrs': {'detail': 'waesserwiesenstrasse 69 8408 winterthur 230 winterthur ch zh', 'featureId': '9006777_0', 'geom_quadindex': '030010032202303110312', 'geom_st_box2d': 'BOX(8.685456 47.511521,8.685456 47.511521)', 'label': 'Wässerwiesenstrasse 69 <b>8408 Winterthur</b>', 'lat': 47.51152038574219, 'links': [{'href': '/rest/services/ech/MapServer/ch.swisstopo.amtliches-gebaeudeadressverzeichnis/101210285', 'rel': 'related', 'title': 'ch.swisstopo.amtliches-gebaeudeadressverzeichnis'}, {'href': '/rest/services/ech/MapServer/ch.bfs.gebaeude_wohnungs_register/9006777_0', 'rel': 'related', 'title': 'ch.bfs.gebaeude_wohnungs_register'}], 'lon': 8.685469627380371, 'num': 69, 'objectclass': '', 'origin': 'address', 'rank': 7, 'x': 8.685469627380371, 'y': 47.51152038574219, 'zoomlevel': 10}, 'id': 2027070, 'weight': 1}","Wässerwiesenstrasse 69, 8408 Winterthur"
350,success,Geocoding successful.,47.490760803222656,8.76051139831543,Wingertlistrasse 10a <b>8405 Winterthur</b>,9083770_0,"{'attrs': {'detail': 'wingertlistrasse 10a 8405 winterthur 230 winterthur ch zh', 'featureId': '9083770_0', 'geom_quadindex': '030010301223000202311', 'geom_st_box2d': 'BOX(8.760499 47.490762,8.760499 47.490762)', 'label': 'Wingertlistrasse 10a <b>8405 Winterthur</b>', 'lat': 47.490760803222656, 'links': [{'href': '/rest/services/ech/MapServer/ch.swisstopo.amtliches-gebaeudeadressverzeichnis/101364018', 'rel': 'related', 'title': 'ch.swisstopo.amtliches-gebaeudeadressverzeichnis'}, {'href': '/rest/services/ech/MapServer/ch.bfs.gebaeude_wohnungs_register/9083770_0', 'rel': 'related', 'title': 'ch.bfs.gebaeude_wohnungs_register'}], 'lon': 8.76051139831543, 'num': 10, 'objectclass': '', 'origin': 'address', 'rank': 7, 'x': 8.76051139831543, 'y': 47.490760803222656, 'zoomlevel': 10}, 'id': 2201384, 'weight': 1}","Wingertlistrasse 10a, 8405 Winterthur"
351,success,Geocoding successful.,47.48898696899414,8.762748718261719,Wurmbühlstrasse 9 <b>8405 Winterthur</b>,1155565_0,"{'attrs': {'detail': 'wurmbuehlstrasse 9 8405 winterthur 230 winterthur ch zh', 'featureId': '1155565_0', 'geom_quadindex': '030010301223323131312', 'geom_st_box2d': 'BOX(8.762736 47.488989,8.762736 47.488989)', 'label': 'Wurmbühlstrasse 9 <b>8405 Winterthur</b>', 'lat': 47.48898696899414, 'links': [{'href': '/rest/services/ech/MapServer/ch.swisstopo.amtliches-gebaeudeadressverzeichnis/100826724', 'rel': 'related', 'title': 'ch.swisstopo.amtliches-gebaeudeadressverzeichnis'}, {'href': '/rest/services/ech/MapServer/ch.bfs.gebaeude_wohnungs_register/1155565_0', 'rel': 'related', 'title': 'ch.bfs.gebaeude_wohnungs_register'}], 'lon': 8.762748718261719, 'num': 9, 'objectclass': '', 'origin': 'address', 'rank': 7, 'x': 8.762748718261719, 'y': 47.48898696899414, 'zoomlevel': 10}, 'id': 2864010, 'weight': 1}","Wurmbühlstrasse 9, 8405 Winterthur"
352,success,Geocoding successful.,47.48910903930664,8.76282024383545,Wurmbühlstrasse 9a <b>8405 Winterthur</b>,210193062_0,"{'attrs': {'detail': 'wurmbuehlstrasse 9a 8405 winterthur 230 winterthur ch zh', 'featureId': '210193062_0', 'geom_quadindex': '030010301223330221232', 'geom_st_box2d': 'BOX(8.762808 47.489111,8.762808 47.489111)', 'label': 'Wurmbühlstrasse 9a <b>8405 Winterthur</b>', 'lat': 47.48910903930664, 'links': [{'href': '/rest/services/ech/MapServer/ch.swisstopo.amtliches-gebaeudeadressverzeichnis/101829666', 'rel': 'related', 'title': 'ch.swisstopo.amtliches-gebaeudeadressverzeichnis'}, {'href': '/rest/services/ech/MapServer/ch.bfs.gebaeude_wohnungs_register/210193062_0', 'rel': 'related', 'title': 'ch.bfs.gebaeude_wohnungs_register'}], 'lon': 8.76282024383545, 'num': 9, 'objectclass': '', 'origin': 'address', 'rank': 7, 'x': 8.76282024383545, 'y': 47.48910903930664, 'zoomlevel': 10}, 'id': 1923368, 'weight': 1}","Wurmbühlstrasse 9a, 8405 Winterthur"
353,success,Geocoding successful.,47.4893798828125,8.763471603393555,Wurmbühlstrasse 9b <b>8405 Winterthur</b>,210193064_0,"{'attrs': {'detail': 'wurmbuehlstrasse 9b 8405 winterthur 230 winterthur ch zh', 'featureId': '210193064_0', 'geom_quadindex': '030010301223313330300', 'geom_st_box2d': 'BOX(8.763459 47.489381,8.763459 47.489381)', 'label': 'Wurmbühlstrasse 9b <b>8405 Winterthur</b>', 'lat': 47.4893798828125, 'links': [{'href': '/rest/services/ech/MapServer/ch.swisstopo.amtliches-gebaeudeadressverzeichnis/101831501', 'rel': 'related', 'title': 'ch.swisstopo.amtliches-gebaeudeadressverzeichnis'}, {'href': '/rest/services/ech/MapServer/ch.bfs.gebaeude_wohnungs_register/210193064_0', 'rel': 'related', 'title': 'ch.bfs.gebaeude_wohnungs_register'}], 'lon': 8.763471603393555, 'num': 9, 'objectclass': '', 'origin': 'address', 'rank': 7, 'x': 8.763471603393555, 'y': 47.4893798828125, 'zoomlevel': 10}, 'id': 2343226, 'weight': 1}","Wurmbühlstrasse 9b, 8405 Winterthur"
354,success,Geocoding successful.,47.489498138427734,8.763132095336914,Wurmbühlstrasse 9c <b>8405 Winterthur</b>,210193063_0,"{'attrs': {'detail': 'wurmbuehlstrasse 9c 8405 winterthur 230 winterthur ch zh', 'featureId': '210193063_0', 'geom_quadindex': '030010301223312133100', 'geom_st_box2d': 'BOX(8.763121 47.489499,8.763121 47.489499)', 'label': 'Wurmbühlstrasse 9c <b>8405 Winterthur</b>', 'lat': 47.489498138427734, 'links': [{'href': '/rest/services/ech/MapServer/ch.swisstopo.amtliches-gebaeudeadressverzeichnis/101831179', 'rel': 'related', 'title': 'ch.swisstopo.amtliches-gebaeudeadressverzeichnis'}, {'href': '/rest/services/ech/MapServer/ch.bfs.gebaeude_wohnungs_register/210193063_0', 'rel': 'related', 'title': 'ch.bfs.gebaeude_wohnungs_register'}], 'lon': 8.763132095336914, 'num': 9, 'objectclass': '', 'origin': 'address', 'rank': 7, 'x': 8.763132095336914, 'y': 47.489498138427734, 'zoomlevel': 10}, 'id': 1964261, 'weight': 1}","Wurmbühlstrasse 9c, 8405 Winterthur"
355,success,Geocoding successful.,47.50448226928711,8.717602729797363,Bürglistrasse 5 <b>8400 Winterthur</b>,1152614_0,"{'attrs': {'detail': 'buerglistrasse 5 8400 winterthur 230 winterthur ch zh', 'featureId': '1152614_0', 'geom_quadindex': '030010211011220133212', 'geom_st_box2d': 'BOX(8.71759 47.504485,8.71759 47.504485)', 'label': 'Bürglistrasse 5 <b>8400 Winterthur</b>', 'lat': 47.50448226928711, 'links': [{'href': '/rest/services/ech/MapServer/ch.swisstopo.amtliches-gebaeudeadressverzeichnis/100822582', 'rel': 'related', 'title': 'ch.swisstopo.amtliches-gebaeudeadressverzeichnis'}, {'href': '/rest/services/ech/MapServer/ch.bfs.gebaeude_wohnungs_register/1152614_0', 'rel': 'related', 'title': 'ch.bfs.gebaeude_wohnungs_register'}], 'lon': 8.717602729797363, 'num': 5, 'objectclass': '', 'origin': 'address', 'rank': 7, 'x': 8.717602729797363, 'y': 47.50448226928711, 'zoomlevel': 10}, 'id': 1899345, 'weight': 1}","Bürglistrasse 5, 8400 Winterthur"
356,success,Geocoding successful.,47.48754119873047,8.749896049499512,Am Bach 35 <b>8400 Winterthur</b>,2323634_0,"{'attrs': {'detail': 'am bach 35 8400 winterthur 230 winterthur ch zh', 'featureId': '2323634_0', 'geom_quadindex': '030010302101303022001', 'geom_st_box2d': 'BOX(8.749884 47.487541,8.749884 47.487541)', 'label': 'Am Bach 35 <b>8400 Winterthur</b>', 'lat': 47.48754119873047, 'links': [{'href': '/rest/services/ech/MapServer/ch.swisstopo.amtliches-gebaeudeadressverzeichnis/101161649', 'rel': 'related', 'title': 'ch.swisstopo.amtliches-gebaeudeadressverzeichnis'}, {'href': '/rest/services/ech/MapServer/ch.bfs.gebaeude_wohnungs_register/2323634_0', 'rel': 'related', 'title': 'ch.bfs.gebaeude_wohnungs_register'}], 'lon': 8.749896049499512, 'num': 35, 'objectclass': '', 'origin': 'address', 'rank': 7, 'x': 8.749896049499512, 'y': 47.48754119873047, 'zoomlevel': 10}, 'id': 2845488, 'weight': 1}","Am Bach 35, 8400 Winterthur"
357,success,Geocoding successful.,47.51792526245117,8.716487884521484,Buchackerstrasse 96 <b>8400 Winterthur</b>,1159212_0,"{'attrs': {'detail': 'buchackerstrasse 96 8400 winterthur 230 winterthur ch zh', 'featureId': '1159212_0', 'geom_quadindex': '030010033030123023323', 'geom_st_box2d': 'BOX(8.716475 47.517929,8.716475 47.517929)', 'label': 'Buchackerstrasse 96 <b>8400 Winterthur</b>', 'lat': 47.51792526245117, 'links': [{'href': '/rest/services/ech/MapServer/ch.swisstopo.amtliches-gebaeudeadressverzeichnis/100826075', 'rel': 'related', 'title': 'ch.swisstopo.amtliches-gebaeudeadressverzeichnis'}, {'href': '/rest/services/ech/MapServer/ch.bfs.gebaeude_wohnungs_register/1159212_0', 'rel': 'related', 'title': 'ch.bfs.gebaeude_wohnungs_register'}], 'lon': 8.716487884521484, 'num': 96, 'objectclass': '', 'origin': 'address', 'rank': 7, 'x': 8.716487884521484, 'y': 47.51792526245117, 'zoomlevel': 10}, 'id': 2705518, 'weight': 1}","Buchackerstrasse 96, 8400 Winterthur"
358,success,Geocoding successful.,47.51782989501953,8.716193199157715,Buchackerstrasse 88 <b>8400 Winterthur</b>,1159216_0,"{'attrs': {'detail': 'buchackerstrasse 88 8400 winterthur 230 winterthur ch zh', 'featureId': '1159216_0', 'geom_quadindex': '030010033030122231323', 'geom_st_box2d': 'BOX(8.71618 47.51783,8.71618 47.51783)', 'label': 'Buchackerstrasse 88 <b>8400 Winterthur</b>', 'lat': 47.51782989501953, 'links': [{'href': '/rest/services/ech/MapServer/ch.swisstopo.amtliches-gebaeudeadressverzeichnis/100826079', 'rel': 'related', 'title': 'ch.swisstopo.amtliches-gebaeudeadressverzeichnis'}, {'href': '/rest/services/ech/MapServer/ch.bfs.gebaeude_wohnungs_register/1159216_0', 'rel': 'related', 'title': 'ch.bfs.gebaeude_wohnungs_register'}], 'lon': 8.716193199157715, 'num': 88, 'objectclass': '', 'origin': 'address', 'rank': 7, 'x': 8.716193199157715, 'y': 47.51782989501953, 'zoomlevel': 10}, 'id': 2445946, 'weight': 1}","Buchackerstrasse 88, 8400 Winterthur"
359,success,Geocoding successful.,47.51778030395508,8.716134071350098,Buchackerstrasse 86 <b>8400 Winterthur</b>,1159217_0,"{'attrs': {'detail': 'buchackerstrasse 86 8400 winterthur 230 winterthur ch zh', 'featureId': '1159217_0', 'geom_quadindex': '030010033030300010033', 'geom_st_box2d': 'BOX(8.716121 47.517784,8.716121 47.517784)', 'label': 'Buchackerstrasse 86 <b>8400 Winterthur</b>', 'lat': 47.51778030395508, 'links': [{'href': '/rest/services/ech/MapServer/ch.swisstopo.amtliches-gebaeudeadressverzeichnis/100826080', 'rel': 'related', 'title': 'ch.swisstopo.amtliches-gebaeudeadressverzeichnis'}, {'href': '/rest/services/ech/MapServer/ch.bfs.gebaeude_wohnungs_register/1159217_0', 'rel': 'related', 'title': 'ch.bfs.gebaeude_wohnungs_register'}], 'lon': 8.716134071350098, 'num': 86, 'objectclass': '', 'origin': 'address', 'rank': 7, 'x': 8.716134071350098, 'y': 47.51778030395508, 'zoomlevel': 10}, 'id': 1933009, 'weight': 1}","Buchackerstrasse 86, 8400 Winterthur"
360,success,Geocoding successful.,47.517757415771484,8.716060638427734,Buchackerstrasse 84 <b>8400 Winterthur</b>,1159218_0,"{'attrs': {'detail': 'buchackerstrasse 84 8400 winterthur 230 winterthur ch zh', 'featureId': '1159218_0', 'geom_quadindex': '030010033030300002113', 'geom_st_box2d': 'BOX(8.716048 47.51776,8.716048 47.51776)', 'label': 'Buchackerstrasse 84 <b>8400 Winterthur</b>', 'lat': 47.517757415771484, 'links': [{'href': '/rest/services/ech/MapServer/ch.swisstopo.amtliches-gebaeudeadressverzeichnis/100826081', 'rel': 'related', 'title': 'ch.swisstopo.amtliches-gebaeudeadressverzeichnis'}, {'href': '/rest/services/ech/MapServer/ch.bfs.gebaeude_wohnungs_register/1159218_0', 'rel': 'related', 'title': 'ch.bfs.gebaeude_wohnungs_register'}], 'lon': 8.716060638427734, 'num': 84, 'objectclass': '', 'origin': 'address', 'rank': 7, 'x': 8.716060638427734, 'y': 47.517757415771484, 'zoomlevel': 10}, 'id': 2443750, 'weight': 1}","Buchackerstrasse 84, 8400 Winterthur"
361,success,Geocoding successful.,47.518001556396484,8.716796875,Buchackerstrasse 100 <b>8400 Winterthur</b>,1159210_0,"{'attrs': {'detail': 'buchackerstrasse 100 8400 winterthur 230 winterthur ch zh', 'featureId': '1159210_0', 'geom_quadindex': '030010033030123113311', 'geom_st_box2d': 'BOX(8.716784 47.518004,8.716784 47.518004)', 'label': 'Buchackerstrasse 100 <b>8400 Winterthur</b>', 'lat': 47.518001556396484, 'links': [{'href': '/rest/services/ech/MapServer/ch.swisstopo.amtliches-gebaeudeadressverzeichnis/100826073', 'rel': 'related', 'title': 'ch.swisstopo.amtliches-gebaeudeadressverzeichnis'}, {'href': '/rest/services/ech/MapServer/ch.bfs.gebaeude_wohnungs_register/1159210_0', 'rel': 'related', 'title': 'ch.bfs.gebaeude_wohnungs_register'}], 'lon': 8.716796875, 'num': 100, 'objectclass': '', 'origin': 'address', 'rank': 7, 'x': 8.716796875, 'y': 47.518001556396484, 'zoomlevel': 10}, 'id': 2553451, 'weight': 1}","Buchackerstrasse 100, 8400 Winterthur"
362,success,Geocoding successful.,47.517879486083984,8.716340065002441,Buchackerstrasse 92 <b>8400 Winterthur</b>,1159214_0,"{'attrs': {'detail': 'buchackerstrasse 92 8400 winterthur 230 winterthur ch zh', 'featureId': '1159214_0', 'geom_quadindex': '030010033030122312123', 'geom_st_box2d': 'BOX(8.716327 47.51788,8.716327 47.51788)', 'label': 'Buchackerstrasse 92 <b>8400 Winterthur</b>', 'lat': 47.517879486083984, 'links': [{'href': '/rest/services/ech/MapServer/ch.swisstopo.amtliches-gebaeudeadressverzeichnis/100826077', 'rel': 'related', 'title': 'ch.swisstopo.amtliches-gebaeudeadressverzeichnis'}, {'href': '/rest/services/ech/MapServer/ch.bfs.gebaeude_wohnungs_register/1159214_0', 'rel': 'related', 'title': 'ch.bfs.gebaeude_wohnungs_register'}], 'lon': 8.716340065002441, 'num': 92, 'objectclass': '', 'origin': 'address', 'rank': 7, 'x': 8.716340065002441, 'y': 47.517879486083984, 'zoomlevel': 10}, 'id': 2138514, 'weight': 1}","Buchackerstrasse 92, 8400 Winterthur"
363,success,Geocoding successful.,47.51790237426758,8.716414451599121,Buchackerstrasse 94 <b>8400 Winterthur</b>,1159213_0,"{'attrs': {'detail': 'buchackerstrasse 94 8400 winterthur 230 winterthur ch zh', 'featureId': '1159213_0', 'geom_quadindex': '030010033030123200203', 'geom_st_box2d': 'BOX(8.716401 47.517904,8.716401 47.517904)', 'label': 'Buchackerstrasse 94 <b>8400 Winterthur</b>', 'lat': 47.51790237426758, 'links': [{'href': '/rest/services/ech/MapServer/ch.swisstopo.amtliches-gebaeudeadressverzeichnis/100826076', 'rel': 'related', 'title': 'ch.swisstopo.amtliches-gebaeudeadressverzeichnis'}, {'href': '/rest/services/ech/MapServer/ch.bfs.gebaeude_wohnungs_register/1159213_0', 'rel': 'related', 'title': 'ch.bfs.gebaeude_wohnungs_register'}], 'lon': 8.716414451599121, 'num': 94, 'objectclass': '', 'origin': 'address', 'rank': 7, 'x': 8.716414451599121, 'y': 47.51790237426758, 'zoomlevel': 10}, 'id': 2583223, 'weight': 1}","Buchackerstrasse 94, 8400 Winterthur"
364,success,Geocoding successful.,47.517852783203125,8.716266632080078,Buchackerstrasse 90 <b>8400 Winterthur</b>,1159215_0,"{'attrs': {'detail': 'buchackerstrasse 90 8400 winterthur 230 winterthur ch zh', 'featureId': '1159215_0', 'geom_quadindex': '030010033030122321003', 'geom_st_box2d': 'BOX(8.716253 47.517855,8.716253 47.517855)', 'label': 'Buchackerstrasse 90 <b>8400 Winterthur</b>', 'lat': 47.517852783203125, 'links': [{'href': '/rest/services/ech/MapServer/ch.swisstopo.amtliches-gebaeudeadressverzeichnis/100826078', 'rel': 'related', 'title': 'ch.swisstopo.amtliches-gebaeudeadressverzeichnis'}, {'href': '/rest/services/ech/MapServer/ch.bfs.gebaeude_wohnungs_register/1159215_0', 'rel': 'related', 'title': 'ch.bfs.gebaeude_wohnungs_register'}], 'lon': 8.716266632080078, 'num': 90, 'objectclass': '', 'origin': 'address', 'rank': 7, 'x': 8.716266632080078, 'y': 47.517852783203125, 'zoomlevel': 10}, 'id': 2025908, 'weight': 1}","Buchackerstrasse 90, 8400 Winterthur"
365,success,Geocoding successful.,47.51797866821289,8.71672248840332,Buchackerstrasse 98 <b>8400 Winterthur</b>,1159211_0,"{'attrs': {'detail': 'buchackerstrasse 98 8400 winterthur 230 winterthur ch zh', 'featureId': '1159211_0', 'geom_quadindex': '030010033030123130031', 'geom_st_box2d': 'BOX(8.71671 47.51798,8.71671 47.51798)', 'label': 'Buchackerstrasse 98 <b>8400 Winterthur</b>', 'lat': 47.51797866821289, 'links': [{'href': '/rest/services/ech/MapServer/ch.swisstopo.amtliches-gebaeudeadressverzeichnis/100826074', 'rel': 'related', 'title': 'ch.swisstopo.amtliches-gebaeudeadressverzeichnis'}, {'href': '/rest/services/ech/MapServer/ch.bfs.gebaeude_wohnungs_register/1159211_0', 'rel': 'related', 'title': 'ch.bfs.gebaeude_wohnungs_register'}], 'lon': 8.71672248840332, 'num': 98, 'objectclass': '', 'origin': 'address', 'rank': 7, 'x': 8.71672248840332, 'y': 47.51797866821289, 'zoomlevel': 10}, 'id': 2700385, 'weight': 1}","Buchackerstrasse 98, 8400 Winterthur"
366,success,Geocoding successful.,47.51805114746094,8.716944694519043,Buchackerstrasse 104 <b>8400 Winterthur</b>,1159208_0,"{'attrs': {'detail': 'buchackerstrasse 104 8400 winterthur 230 winterthur ch zh', 'featureId': '1159208_0', 'geom_quadindex': '030010033030130233222', 'geom_st_box2d': 'BOX(8.716932 47.518054,8.716932 47.518054)', 'label': 'Buchackerstrasse 104 <b>8400 Winterthur</b>', 'lat': 47.51805114746094, 'links': [{'href': '/rest/services/ech/MapServer/ch.swisstopo.amtliches-gebaeudeadressverzeichnis/100826071', 'rel': 'related', 'title': 'ch.swisstopo.amtliches-gebaeudeadressverzeichnis'}, {'href': '/rest/services/ech/MapServer/ch.bfs.gebaeude_wohnungs_register/1159208_0', 'rel': 'related', 'title': 'ch.bfs.gebaeude_wohnungs_register'}], 'lon': 8.716944694519043, 'num': 104, 'objectclass': '', 'origin': 'address', 'rank': 7, 'x': 8.716944694519043, 'y': 47.51805114746094, 'zoomlevel': 10}, 'id': 2193229, 'weight': 1}","Buchackerstrasse 104, 8400 Winterthur"
367,success,Geocoding successful.,47.518028259277344,8.71687126159668,Buchackerstrasse 102 <b>8400 Winterthur</b>,1159209_0,"{'attrs': {'detail': 'buchackerstrasse 102 8400 winterthur 230 winterthur ch zh', 'featureId': '1159209_0', 'geom_quadindex': '030010033030132001213', 'geom_st_box2d': 'BOX(8.716858 47.518029,8.716858 47.518029)', 'label': 'Buchackerstrasse 102 <b>8400 Winterthur</b>', 'lat': 47.518028259277344, 'links': [{'href': '/rest/services/ech/MapServer/ch.swisstopo.amtliches-gebaeudeadressverzeichnis/100826072', 'rel': 'related', 'title': 'ch.swisstopo.amtliches-gebaeudeadressverzeichnis'}, {'href': '/rest/services/ech/MapServer/ch.bfs.gebaeude_wohnungs_register/1159209_0', 'rel': 'related', 'title': 'ch.bfs.gebaeude_wohnungs_register'}], 'lon': 8.71687126159668, 'num': 102, 'objectclass': '', 'origin': 'address', 'rank': 7, 'x': 8.71687126159668, 'y': 47.518028259277344, 'zoomlevel': 10}, 'id': 2338803, 'weight': 1}","Buchackerstrasse 102, 8400 Winterthur"
368,success,Geocoding successful.,47.50441360473633,8.71781063079834,Bürglistrasse 3 <b>8400 Winterthur</b>,1152613_0,"{'attrs': {'detail': 'buerglistrasse 3 8400 winterthur 230 winterthur ch zh', 'featureId': '1152613_0', 'geom_quadindex': '030010211011221213302', 'geom_st_box2d': 'BOX(8.717797 47.504414,8.717797 47.504414)', 'label': 'Bürglistrasse 3 <b>8400 Winterthur</b>', 'lat': 47.50441360473633, 'links': [{'href': '/rest/services/ech/MapServer/ch.swisstopo.amtliches-gebaeudeadressverzeichnis/100822581', 'rel': 'related', 'title': 'ch.swisstopo.amtliches-gebaeudeadressverzeichnis'}, {'href': '/rest/services/ech/MapServer/ch.bfs.gebaeude_wohnungs_register/1152613_0', 'rel': 'related', 'title': 'ch.bfs.gebaeude_wohnungs_register'}], 'lon': 8.71781063079834, 'num': 3, 'objectclass': '', 'origin': 'address', 'rank': 7, 'x': 8.71781063079834, 'y': 47.50441360473633, 'zoomlevel': 10}, 'id': 2182959, 'weight': 1}","Bürglistrasse 3, 8400 Winterthur"
369,success,Geocoding successful.,47.517215728759766,8.695180892944336,Riedhofstrasse 75 <b>8408 Winterthur</b>,201031869_0,"{'attrs': {'detail': 'riedhofstrasse 75 8408 winterthur 230 winterthur ch zh', 'featureId': '201031869_0', 'geom_quadindex': '030010032031332011310', 'geom_st_box2d': 'BOX(8.695168 47.517218,8.695168 47.517218)', 'label': 'Riedhofstrasse 75 <b>8408 Winterthur</b>', 'lat': 47.517215728759766, 'links': [{'href': '/rest/services/ech/MapServer/ch.swisstopo.amtliches-gebaeudeadressverzeichnis/101671861', 'rel': 'related', 'title': 'ch.swisstopo.amtliches-gebaeudeadressverzeichnis'}, {'href': '/rest/services/ech/MapServer/ch.bfs.gebaeude_wohnungs_register/201031869_0', 'rel': 'related', 'title': 'ch.bfs.gebaeude_wohnungs_register'}], 'lon': 8.695180892944336, 'num': 75, 'objectclass': '', 'origin': 'address', 'rank': 7, 'x': 8.695180892944336, 'y': 47.517215728759766, 'zoomlevel': 10}, 'id': 2834041, 'weight': 1}","Riedhofstrasse 75, 8408 Winterthur"
370,success,Geocoding successful.,47.51110076904297,8.701804161071777,Talhofweg 22 <b>8408 Winterthur</b>,1160051_0,"{'attrs': {'detail': 'talhofweg 22 8408 winterthur 230 winterthur ch zh', 'featureId': '1160051_0', 'geom_quadindex': '030010032303331111000', 'geom_st_box2d': 'BOX(8.701791 47.511101,8.701791 47.511101)', 'label': 'Talhofweg 22 <b>8408 Winterthur</b>', 'lat': 47.51110076904297, 'links': [{'href': '/rest/services/ech/MapServer/ch.swisstopo.amtliches-gebaeudeadressverzeichnis/100804603', 'rel': 'related', 'title': 'ch.swisstopo.amtliches-gebaeudeadressverzeichnis'}, {'href': '/rest/services/ech/MapServer/ch.bfs.gebaeude_wohnungs_register/1160051_0', 'rel': 'related', 'title': 'ch.bfs.gebaeude_wohnungs_register'}], 'lon': 8.701804161071777, 'num': 22, 'objectclass': '', 'origin': 'address', 'rank': 7, 'x': 8.701804161071777, 'y': 47.51110076904297, 'zoomlevel': 10}, 'id': 2361398, 'weight': 1}","Talhofweg 22, 8408 Winterthur"
371,success,Geocoding successful.,47.51105880737305,8.701589584350586,Talhofweg 24a <b>8408 Winterthur</b>,201034954_0,"{'attrs': {'detail': 'talhofweg 24a 8408 winterthur 230 winterthur ch zh', 'featureId': '201034954_0', 'geom_quadindex': '030010032303331012122', 'geom_st_box2d': 'BOX(8.701576 47.51106,8.701576 47.51106)', 'label': 'Talhofweg 24a <b>8408 Winterthur</b>', 'lat': 47.51105880737305, 'links': [{'href': '/rest/services/ech/MapServer/ch.swisstopo.amtliches-gebaeudeadressverzeichnis/101685074', 'rel': 'related', 'title': 'ch.swisstopo.amtliches-gebaeudeadressverzeichnis'}, {'href': '/rest/services/ech/MapServer/ch.bfs.gebaeude_wohnungs_register/201034954_0', 'rel': 'related', 'title': 'ch.bfs.gebaeude_wohnungs_register'}], 'lon': 8.701589584350586, 'num': 24, 'objectclass': '', 'origin': 'address', 'rank': 7, 'x': 8.701589584350586, 'y': 47.51105880737305, 'zoomlevel': 10}, 'id': 2116760, 'weight': 1}","Talhofweg 24a, 8408 Winterthur"
372,success,Geocoding successful.,47.49380874633789,8.726865768432617,Hochwachtstrasse 23 <b>8400 Winterthur</b>,201035727_0,"{'attrs': {'detail': 'hochwachtstrasse 23 8400 winterthur 230 winterthur ch zh', 'featureId': '201035727_0', 'geom_quadindex': '030010211312221211201', 'geom_st_box2d': 'BOX(8.726853 47.493812,8.726853 47.493812)', 'label': 'Hochwachtstrasse 23 <b>8400 Winterthur</b>', 'lat': 47.49380874633789, 'links': [{'href': '/rest/services/ech/MapServer/ch.swisstopo.amtliches-gebaeudeadressverzeichnis/101673456', 'rel': 'related', 'title': 'ch.swisstopo.amtliches-gebaeudeadressverzeichnis'}, {'href': '/rest/services/ech/MapServer/ch.bfs.gebaeude_wohnungs_register/201035727_0', 'rel': 'related', 'title': 'ch.bfs.gebaeude_wohnungs_register'}], 'lon': 8.726865768432617, 'num': 23, 'objectclass': '', 'origin': 'address', 'rank': 7, 'x': 8.726865768432617, 'y': 47.49380874633789, 'zoomlevel': 10}, 'id': 2806114, 'weight': 1}","Hochwachtstrasse 23, 8400 Winterthur"
373,success,Geocoding successful.,47.49738693237305,8.735899925231934,Adlerstrasse 2 <b>8400 Winterthur</b>,1161886_0,"{'attrs': {'detail': 'adlerstrasse 2 8400 winterthur 230 winterthur ch zh', 'featureId': '1161886_0', 'geom_quadindex': '030010300201000211221', 'geom_st_box2d': 'BOX(8.735888 47.49739,8.735888 47.49739)', 'label': 'Adlerstrasse 2 <b>8400 Winterthur</b>', 'lat': 47.49738693237305, 'links': [{'href': '/rest/services/ech/MapServer/ch.swisstopo.amtliches-gebaeudeadressverzeichnis/100811736', 'rel': 'related', 'title': 'ch.swisstopo.amtliches-gebaeudeadressverzeichnis'}, {'href': '/rest/services/ech/MapServer/ch.bfs.gebaeude_wohnungs_register/1161886_0', 'rel': 'related', 'title': 'ch.bfs.gebaeude_wohnungs_register'}], 'lon': 8.735899925231934, 'num': 2, 'objectclass': '', 'origin': 'address', 'rank': 7, 'x': 8.735899925231934, 'y': 47.49738693237305, 'zoomlevel': 10}, 'id': 2651743, 'weight': 1}","Adlerstrasse 2, 8400 Winterthur"
374,success,Geocoding successful.,47.49738693237305,8.735899925231934,Adlerstrasse 2 <b>8400 Winterthur</b>,1161886_0,"{'attrs': {'detail': 'adlerstrasse 2 8400 winterthur 230 winterthur ch zh', 'featureId': '1161886_0', 'geom_quadindex': '030010300201000211221', 'geom_st_box2d': 'BOX(8.735888 47.49739,8.735888 47.49739)', 'label': 'Adlerstrasse 2 <b>8400 Winterthur</b>', 'lat': 47.49738693237305, 'links': [{'href': '/rest/services/ech/MapServer/ch.swisstopo.amtliches-gebaeudeadressverzeichnis/100811736', 'rel': 'related', 'title': 'ch.swisstopo.amtliches-gebaeudeadressverzeichnis'}, {'href': '/rest/services/ech/MapServer/ch.bfs.gebaeude_wohnungs_register/1161886_0', 'rel': 'related', 'title': 'ch.bfs.gebaeude_wohnungs_register'}], 'lon': 8.735899925231934, 'num': 2, 'objectclass': '', 'origin': 'address', 'rank': 7, 'x': 8.735899925231934, 'y': 47.49738693237305, 'zoomlevel': 10}, 'id': 2651743, 'weight': 1}","Adlerstrasse 2, 8400 Winterthur"
375,success,Geocoding successful.,47.49772644042969,8.736678123474121,Gärtnerstrasse 1 <b>8400 Winterthur</b>,3000348_0,"{'attrs': {'detail': 'gaertnerstrasse 1 8400 winterthur 230 winterthur ch zh', 'featureId': '3000348_0', 'geom_quadindex': '030010300023232031020', 'geom_st_box2d': 'BOX(8.736666 47.497729,8.736666 47.497729)', 'label': 'Gärtnerstrasse 1 <b>8400 Winterthur</b>', 'lat': 47.49772644042969, 'links': [{'href': '/rest/services/ech/MapServer/ch.swisstopo.amtliches-gebaeudeadressverzeichnis/101114899', 'rel': 'related', 'title': 'ch.swisstopo.amtliches-gebaeudeadressverzeichnis'}, {'href': '/rest/services/ech/MapServer/ch.bfs.gebaeude_wohnungs_register/3000348_0', 'rel': 'related', 'title': 'ch.bfs.gebaeude_wohnungs_register'}], 'lon': 8.736678123474121, 'num': 1, 'objectclass': '', 'origin': 'address', 'rank': 7, 'x': 8.736678123474121, 'y': 47.49772644042969, 'zoomlevel': 10}, 'id': 2294042, 'weight': 1}","Gärtnerstrasse 1, 8400 Winterthur"
376,success,Geocoding successful.,47.49388885498047,8.754237174987793,Grüzefeldstrasse 35 <b>8404 Winterthur</b>,1154803_0,"{'attrs': {'detail': 'gruezefeldstrasse 35 8404 winterthur 230 winterthur ch zh', 'featureId': '1154803_0', 'geom_quadindex': '030010300312313110221', 'geom_st_box2d': 'BOX(8.754225 47.493892,8.754225 47.493892)', 'label': 'Grüzefeldstrasse 35 <b>8404 Winterthur</b>', 'lat': 47.49388885498047, 'links': [{'href': '/rest/services/ech/MapServer/ch.swisstopo.amtliches-gebaeudeadressverzeichnis/100806116', 'rel': 'related', 'title': 'ch.swisstopo.amtliches-gebaeudeadressverzeichnis'}, {'href': '/rest/services/ech/MapServer/ch.bfs.gebaeude_wohnungs_register/1154803_0', 'rel': 'related', 'title': 'ch.bfs.gebaeude_wohnungs_register'}], 'lon': 8.754237174987793, 'num': 35, 'objectclass': '', 'origin': 'address', 'rank': 7, 'x': 8.754237174987793, 'y': 47.49388885498047, 'zoomlevel': 10}, 'id': 2754536, 'weight': 1}","Grüzefeldstrasse 35, 8404 Winterthur"
377,success,Geocoding successful.,47.514671325683594,8.685237884521484,In der Härti 6 <b>8408 Winterthur</b>,2321929_0,"{'attrs': {'detail': 'in der haerti 6 8408 winterthur 230 winterthur ch zh', 'featureId': '2321929_0', 'geom_quadindex': '030010032200103002102', 'geom_st_box2d': 'BOX(8.685225 47.514671,8.685225 47.514671)', 'label': 'In der Härti 6 <b>8408 Winterthur</b>', 'lat': 47.514671325683594, 'links': [{'href': '/rest/services/ech/MapServer/ch.swisstopo.amtliches-gebaeudeadressverzeichnis/101013856', 'rel': 'related', 'title': 'ch.swisstopo.amtliches-gebaeudeadressverzeichnis'}, {'href': '/rest/services/ech/MapServer/ch.bfs.gebaeude_wohnungs_register/2321929_0', 'rel': 'related', 'title': 'ch.bfs.gebaeude_wohnungs_register'}], 'lon': 8.685237884521484, 'num': 6, 'objectclass': '', 'origin': 'address', 'rank': 7, 'x': 8.685237884521484, 'y': 47.514671325683594, 'zoomlevel': 10}, 'id': 2125553, 'weight': 1}","In der Härti 6, 8408 Winterthur"
378,success,Geocoding successful.,47.49477005004883,8.755242347717285,Rudolf-Diesel-Strasse 8 <b>8404 Winterthur</b>,1154803_1,"{'attrs': {'detail': 'rudolf-diesel-strasse 8 8404 winterthur 230 winterthur ch zh', 'featureId': '1154803_1', 'geom_quadindex': '030010300313012212213', 'geom_st_box2d': 'BOX(8.755231 47.494773,8.755231 47.494773)', 'label': 'Rudolf-Diesel-Strasse 8 <b>8404 Winterthur</b>', 'lat': 47.49477005004883, 'links': [{'href': '/rest/services/ech/MapServer/ch.swisstopo.amtliches-gebaeudeadressverzeichnis/101498603', 'rel': 'related', 'title': 'ch.swisstopo.amtliches-gebaeudeadressverzeichnis'}, {'href': '/rest/services/ech/MapServer/ch.bfs.gebaeude_wohnungs_register/1154803_1', 'rel': 'related', 'title': 'ch.bfs.gebaeude_wohnungs_register'}], 'lon': 8.755242347717285, 'num': 8, 'objectclass': '', 'origin': 'address', 'rank': 7, 'x': 8.755242347717285, 'y': 47.49477005004883, 'zoomlevel': 10}, 'id': 2176518, 'weight': 1}","Rudolf-Diesel-Strasse 8, 8404 Winterthur"
379,success,Geocoding successful.,47.49135971069336,8.737027168273926,Unterer Deutweg 83a <b>8400 Winterthur</b>,201036094_0,"{'attrs': {'detail': 'unterer deutweg 83a 8400 winterthur 230 winterthur ch zh', 'featureId': '201036094_0', 'geom_quadindex': '030010300221233123033', 'geom_st_box2d': 'BOX(8.737015 47.491361,8.737015 47.491361)', 'label': 'Unterer Deutweg 83a <b>8400 Winterthur</b>', 'lat': 47.49135971069336, 'links': [{'href': '/rest/services/ech/MapServer/ch.swisstopo.amtliches-gebaeudeadressverzeichnis/101677256', 'rel': 'related', 'title': 'ch.swisstopo.amtliches-gebaeudeadressverzeichnis'}, {'href': '/rest/services/ech/MapServer/ch.bfs.gebaeude_wohnungs_register/201036094_0', 'rel': 'related', 'title': 'ch.bfs.gebaeude_wohnungs_register'}], 'lon': 8.737027168273926, 'num': 83, 'objectclass': '', 'origin': 'address', 'rank': 7, 'x': 8.737027168273926, 'y': 47.49135971069336, 'zoomlevel': 10}, 'id': 2887957, 'weight': 1}","Unterer Deutweg 83a, 8400 Winterthur"
380,success,Geocoding successful.,47.46943664550781,8.754680633544922,Linsentalstrasse 62 <b>8482 Sennhof (Winterthur)</b>,201035984_0,"{'attrs': {'detail': 'linsentalstrasse 62 8482 sennhof _winterthur_ 230 winterthur ch zh', 'featureId': '201035984_0', 'geom_quadindex': '030010320113012231332', 'geom_st_box2d': 'BOX(8.754669 47.469439,8.754669 47.469439)', 'label': 'Linsentalstrasse 62 <b>8482 Sennhof (Winterthur)</b>', 'lat': 47.46943664550781, 'links': [{'href': '/rest/services/ech/MapServer/ch.swisstopo.amtliches-gebaeudeadressverzeichnis/101675965', 'rel': 'related', 'title': 'ch.swisstopo.amtliches-gebaeudeadressverzeichnis'}, {'href': '/rest/services/ech/MapServer/ch.bfs.gebaeude_wohnungs_register/201035984_0', 'rel': 'related', 'title': 'ch.bfs.gebaeude_wohnungs_register'}], 'lon': 8.754680633544922, 'num': 62, 'objectclass': '', 'origin': 'address', 'rank': 7, 'x': 8.754680633544922, 'y': 47.46943664550781, 'zoomlevel': 10}, 'id': 2574330, 'weight': 1}","Linsentalstrasse 62, 8482 Sennhof"
381,success,Geocoding successful.,47.4951171875,8.744839668273926,Oberer Deutweg 31 <b>8400 Winterthur</b>,201034288_0,"{'attrs': {'detail': 'oberer deutweg 31 8400 winterthur 230 winterthur ch zh', 'featureId': '201034288_0', 'geom_quadindex': '030010300213111320230', 'geom_st_box2d': 'BOX(8.744828 47.495117,8.744828 47.495117)', 'label': 'Oberer Deutweg 31 <b>8400 Winterthur</b>', 'lat': 47.4951171875, 'links': [{'href': '/rest/services/ech/MapServer/ch.swisstopo.amtliches-gebaeudeadressverzeichnis/101678480', 'rel': 'related', 'title': 'ch.swisstopo.amtliches-gebaeudeadressverzeichnis'}, {'href': '/rest/services/ech/MapServer/ch.bfs.gebaeude_wohnungs_register/201034288_0', 'rel': 'related', 'title': 'ch.bfs.gebaeude_wohnungs_register'}], 'lon': 8.744839668273926, 'num': 31, 'objectclass': '', 'origin': 'address', 'rank': 7, 'x': 8.744839668273926, 'y': 47.4951171875, 'zoomlevel': 10}, 'id': 2101836, 'weight': 1}","Oberer Deutweg 31, 8400 Winterthur"
382,success,Geocoding successful.,47.498924255371094,8.730428695678711,Obergasse 20 <b>8400 Winterthur</b>,1150306_0,"{'attrs': {'detail': 'obergasse 20 8400 winterthur 230 winterthur ch zh', 'featureId': '1150306_0', 'geom_quadindex': '030010211133032001110', 'geom_st_box2d': 'BOX(8.730416 47.498927,8.730416 47.498927)', 'label': 'Obergasse 20 <b>8400 Winterthur</b>', 'lat': 47.498924255371094, 'links': [{'href': '/rest/services/ech/MapServer/ch.swisstopo.amtliches-gebaeudeadressverzeichnis/100820899', 'rel': 'related', 'title': 'ch.swisstopo.amtliches-gebaeudeadressverzeichnis'}, {'href': '/rest/services/ech/MapServer/ch.bfs.gebaeude_wohnungs_register/1150306_0', 'rel': 'related', 'title': 'ch.bfs.gebaeude_wohnungs_register'}], 'lon': 8.730428695678711, 'num': 20, 'objectclass': '', 'origin': 'address', 'rank': 7, 'x': 8.730428695678711, 'y': 47.498924255371094, 'zoomlevel': 10}, 'id': 2226999, 'weight': 1}","Obergasse 20, 8400 Winterthur"
383,success,Geocoding successful.,47.49790573120117,8.752432823181152,Scheideggstrasse 50 <b>8404 Winterthur</b>,2326401_0,"{'attrs': {'detail': 'scheideggstrasse 50 8404 winterthur 230 winterthur ch zh', 'featureId': '2326401_0', 'geom_quadindex': '030010300132212333022', 'geom_st_box2d': 'BOX(8.752421 47.497909,8.752421 47.497909)', 'label': 'Scheideggstrasse 50 <b>8404 Winterthur</b>', 'lat': 47.49790573120117, 'links': [{'href': '/rest/services/ech/MapServer/ch.swisstopo.amtliches-gebaeudeadressverzeichnis/101168066', 'rel': 'related', 'title': 'ch.swisstopo.amtliches-gebaeudeadressverzeichnis'}, {'href': '/rest/services/ech/MapServer/ch.bfs.gebaeude_wohnungs_register/2326401_0', 'rel': 'related', 'title': 'ch.bfs.gebaeude_wohnungs_register'}], 'lon': 8.752432823181152, 'num': 50, 'objectclass': '', 'origin': 'address', 'rank': 7, 'x': 8.752432823181152, 'y': 47.49790573120117, 'zoomlevel': 10}, 'id': 1991688, 'weight': 1}","Scheideggstrasse 50, 8404 Winterthur"
384,success,Geocoding successful.,47.498878479003906,8.730963706970215,Unterer Graben 17 <b>8400 Winterthur</b>,1150317_0,"{'attrs': {'detail': 'unterer graben 17 8400 winterthur 230 winterthur ch zh', 'featureId': '1150317_0', 'geom_quadindex': '030010211133033102131', 'geom_st_box2d': 'BOX(8.730951 47.498881,8.730951 47.498881)', 'label': 'Unterer Graben 17 <b>8400 Winterthur</b>', 'lat': 47.498878479003906, 'links': [{'href': '/rest/services/ech/MapServer/ch.swisstopo.amtliches-gebaeudeadressverzeichnis/100821208', 'rel': 'related', 'title': 'ch.swisstopo.amtliches-gebaeudeadressverzeichnis'}, {'href': '/rest/services/ech/MapServer/ch.bfs.gebaeude_wohnungs_register/1150317_0', 'rel': 'related', 'title': 'ch.bfs.gebaeude_wohnungs_register'}], 'lon': 8.730963706970215, 'num': 17, 'objectclass': '', 'origin': 'address', 'rank': 7, 'x': 8.730963706970215, 'y': 47.498878479003906, 'zoomlevel': 10}, 'id': 1855190, 'weight': 1}","Unterer Graben 17, 8400 Winterthur"
385,success,Geocoding successful.,47.50831604003906,8.702589988708496,Wartstrasse 239 <b>8408 Winterthur</b>,201033237_0,"{'attrs': {'detail': 'wartstrasse 239 8408 winterthur 230 winterthur ch zh', 'featureId': '201033237_0', 'geom_quadindex': '030010032332010200120', 'geom_st_box2d': 'BOX(8.702577 47.508318,8.702577 47.508318)', 'label': 'Wartstrasse 239 <b>8408 Winterthur</b>', 'lat': 47.50831604003906, 'links': [{'href': '/rest/services/ech/MapServer/ch.swisstopo.amtliches-gebaeudeadressverzeichnis/101687216', 'rel': 'related', 'title': 'ch.swisstopo.amtliches-gebaeudeadressverzeichnis'}, {'href': '/rest/services/ech/MapServer/ch.bfs.gebaeude_wohnungs_register/201033237_0', 'rel': 'related', 'title': 'ch.bfs.gebaeude_wohnungs_register'}], 'lon': 8.702589988708496, 'num': 239, 'objectclass': '', 'origin': 'address', 'rank': 7, 'x': 8.702589988708496, 'y': 47.50831604003906, 'zoomlevel': 10}, 'id': 2542324, 'weight': 1}","Wartstrasse 239, 8408 Winterthur"
386,success,Geocoding successful.,47.51211929321289,8.684930801391602,Wässerwiesenstrasse 71 <b>8408 Winterthur</b>,1161429_0,"{'attrs': {'detail': 'waesserwiesenstrasse 71 8408 winterthur 230 winterthur ch zh', 'featureId': '1161429_0', 'geom_quadindex': '030010032202120231211', 'geom_st_box2d': 'BOX(8.684917 47.512123,8.684917 47.512123)', 'label': 'Wässerwiesenstrasse 71 <b>8408 Winterthur</b>', 'lat': 47.51211929321289, 'links': [{'href': '/rest/services/ech/MapServer/ch.swisstopo.amtliches-gebaeudeadressverzeichnis/100809939', 'rel': 'related', 'title': 'ch.swisstopo.amtliches-gebaeudeadressverzeichnis'}, {'href': '/rest/services/ech/MapServer/ch.bfs.gebaeude_wohnungs_register/1161429_0', 'rel': 'related', 'title': 'ch.bfs.gebaeude_wohnungs_register'}], 'lon': 8.684930801391602, 'num': 71, 'objectclass': '', 'origin': 'address', 'rank': 7, 'x': 8.684930801391602, 'y': 47.51211929321289, 'zoomlevel': 10}, 'id': 2045320, 'weight': 1}","Wässerwiesenstrasse 71, 8408 Winterthur"
387,success,Geocoding successful.,47.51066207885742,8.698683738708496,Wülflingerstrasse 225 <b>8408 Winterthur</b>,2321930_0,"{'attrs': {'detail': 'wuelflingerstrasse 225 8408 winterthur 230 winterthur ch zh', 'featureId': '2321930_0', 'geom_quadindex': '030010032302333331022', 'geom_st_box2d': 'BOX(8.69867 47.510663,8.69867 47.510663)', 'label': 'Wülflingerstrasse 225 <b>8408 Winterthur</b>', 'lat': 47.51066207885742, 'links': [{'href': '/rest/services/ech/MapServer/ch.swisstopo.amtliches-gebaeudeadressverzeichnis/101013857', 'rel': 'related', 'title': 'ch.swisstopo.amtliches-gebaeudeadressverzeichnis'}, {'href': '/rest/services/ech/MapServer/ch.bfs.gebaeude_wohnungs_register/2321930_0', 'rel': 'related', 'title': 'ch.bfs.gebaeude_wohnungs_register'}], 'lon': 8.698683738708496, 'num': 225, 'objectclass': '', 'origin': 'address', 'rank': 7, 'x': 8.698683738708496, 'y': 47.51066207885742, 'zoomlevel': 10}, 'id': 2389165, 'weight': 1}","Wülflingerstrasse 225, 8408 Winterthur"
388,success,Geocoding successful.,47.508365631103516,8.763535499572754,Hobelwerkweg 8b <b>8404 Winterthur</b>,1154876_0,"{'attrs': {'detail': 'hobelwerkweg 8b 8404 winterthur 230 winterthur ch zh', 'featureId': '1154876_0', 'geom_quadindex': '030010123221312330001', 'geom_st_box2d': 'BOX(8.763523 47.508368,8.763523 47.508368)', 'label': 'Hobelwerkweg 8b <b>8404 Winterthur</b>', 'lat': 47.508365631103516, 'links': [{'href': '/rest/services/ech/MapServer/ch.swisstopo.amtliches-gebaeudeadressverzeichnis/100808159', 'rel': 'related', 'title': 'ch.swisstopo.amtliches-gebaeudeadressverzeichnis'}, {'href': '/rest/services/ech/MapServer/ch.bfs.gebaeude_wohnungs_register/1154876_0', 'rel': 'related', 'title': 'ch.bfs.gebaeude_wohnungs_register'}], 'lon': 8.763535499572754, 'num': 8, 'objectclass': '', 'origin': 'address', 'rank': 7, 'x': 8.763535499572754, 'y': 47.508365631103516, 'zoomlevel': 10}, 'id': 2590525, 'weight': 1}","Hobelwerkweg 8b, 8404 Winterthur"
389,success,Geocoding successful.,47.5079231262207,8.76327896118164,Hobelwerkweg 8 <b>8404 Winterthur</b>,201032257_0,"{'attrs': {'detail': 'hobelwerkweg 8 8404 winterthur 230 winterthur ch zh', 'featureId': '201032257_0', 'geom_quadindex': '030010123221332023200', 'geom_st_box2d': 'BOX(8.763267 47.507926,8.763267 47.507926)', 'label': 'Hobelwerkweg 8 <b>8404 Winterthur</b>', 'lat': 47.5079231262207, 'links': [{'href': '/rest/services/ech/MapServer/ch.swisstopo.amtliches-gebaeudeadressverzeichnis/101675786', 'rel': 'related', 'title': 'ch.swisstopo.amtliches-gebaeudeadressverzeichnis'}, {'href': '/rest/services/ech/MapServer/ch.bfs.gebaeude_wohnungs_register/201032257_0', 'rel': 'related', 'title': 'ch.bfs.gebaeude_wohnungs_register'}], 'lon': 8.76327896118164, 'num': 8, 'objectclass': '', 'origin': 'address', 'rank': 7, 'x': 8.76327896118164, 'y': 47.5079231262207, 'zoomlevel': 10}, 'id': 2787151, 'weight': 1}","Hobelwerkweg 8, 8404 Winterthur"
390,success,Geocoding successful.,47.508026123046875,8.762669563293457,Hobelwerkweg 8a <b>8404 Winterthur</b>,201032227_0,"{'attrs': {'detail': 'hobelwerkweg 8a 8404 winterthur 230 winterthur ch zh', 'featureId': '201032227_0', 'geom_quadindex': '030010123221322100213', 'geom_st_box2d': 'BOX(8.762657 47.508028,8.762657 47.508028)', 'label': 'Hobelwerkweg 8a <b>8404 Winterthur</b>', 'lat': 47.508026123046875, 'links': [{'href': '/rest/services/ech/MapServer/ch.swisstopo.amtliches-gebaeudeadressverzeichnis/101675757', 'rel': 'related', 'title': 'ch.swisstopo.amtliches-gebaeudeadressverzeichnis'}, {'href': '/rest/services/ech/MapServer/ch.bfs.gebaeude_wohnungs_register/201032227_0', 'rel': 'related', 'title': 'ch.bfs.gebaeude_wohnungs_register'}], 'lon': 8.762669563293457, 'num': 8, 'objectclass': '', 'origin': 'address', 'rank': 7, 'x': 8.762669563293457, 'y': 47.508026123046875, 'zoomlevel': 10}, 'id': 2322833, 'weight': 1}","Hobelwerkweg 8a, 8404 Winterthur"
391,success,Geocoding successful.,47.51541519165039,8.666667938232422,Im Bruni 20 <b>8408 Winterthur</b>,201032864_0,"{'attrs': {'detail': 'im bruni 20 8408 winterthur 230 winterthur ch zh', 'featureId': '201032864_0', 'geom_quadindex': '030010023032323010210', 'geom_st_box2d': 'BOX(8.666654 47.515416,8.666654 47.515416)', 'label': 'Im Bruni 20 <b>8408 Winterthur</b>', 'lat': 47.51541519165039, 'links': [{'href': '/rest/services/ech/MapServer/ch.swisstopo.amtliches-gebaeudeadressverzeichnis/101682210', 'rel': 'related', 'title': 'ch.swisstopo.amtliches-gebaeudeadressverzeichnis'}, {'href': '/rest/services/ech/MapServer/ch.bfs.gebaeude_wohnungs_register/201032864_0', 'rel': 'related', 'title': 'ch.bfs.gebaeude_wohnungs_register'}], 'lon': 8.666667938232422, 'num': 20, 'objectclass': '', 'origin': 'address', 'rank': 7, 'x': 8.666667938232422, 'y': 47.51541519165039, 'zoomlevel': 10}, 'id': 1983279, 'weight': 1}","Im Bruni 20, 8408 Winterthur"
392,success,Geocoding successful.,47.51554870605469,8.66832160949707,Im Bruni 16 <b>8408 Winterthur</b>,201032813_0,"{'attrs': {'detail': 'im bruni 16 8408 winterthur 230 winterthur ch zh', 'featureId': '201032813_0', 'geom_quadindex': '030010023033221122223', 'geom_st_box2d': 'BOX(8.668307 47.515549,8.668307 47.515549)', 'label': 'Im Bruni 16 <b>8408 Winterthur</b>', 'lat': 47.51554870605469, 'links': [{'href': '/rest/services/ech/MapServer/ch.swisstopo.amtliches-gebaeudeadressverzeichnis/101682159', 'rel': 'related', 'title': 'ch.swisstopo.amtliches-gebaeudeadressverzeichnis'}, {'href': '/rest/services/ech/MapServer/ch.bfs.gebaeude_wohnungs_register/201032813_0', 'rel': 'related', 'title': 'ch.bfs.gebaeude_wohnungs_register'}], 'lon': 8.66832160949707, 'num': 16, 'objectclass': '', 'origin': 'address', 'rank': 7, 'x': 8.66832160949707, 'y': 47.51554870605469, 'zoomlevel': 10}, 'id': 2073690, 'weight': 1}","Im Bruni 16, 8408 Winterthur"
393,success,Geocoding successful.,47.498435974121094,8.72664737701416,Neumarkt 4 <b>8400 Winterthur</b>,1150227_0,"{'attrs': {'detail': 'neumarkt 4 8400 winterthur 230 winterthur ch zh', 'featureId': '1150227_0', 'geom_quadindex': '030010211132202100012', 'geom_st_box2d': 'BOX(8.726635 47.498436,8.726635 47.498436)', 'label': 'Neumarkt 4 <b>8400 Winterthur</b>', 'lat': 47.498435974121094, 'links': [{'href': '/rest/services/ech/MapServer/ch.swisstopo.amtliches-gebaeudeadressverzeichnis/100820828', 'rel': 'related', 'title': 'ch.swisstopo.amtliches-gebaeudeadressverzeichnis'}, {'href': '/rest/services/ech/MapServer/ch.bfs.gebaeude_wohnungs_register/1150227_0', 'rel': 'related', 'title': 'ch.bfs.gebaeude_wohnungs_register'}], 'lon': 8.72664737701416, 'num': 4, 'objectclass': '', 'origin': 'address', 'rank': 7, 'x': 8.72664737701416, 'y': 47.498435974121094, 'zoomlevel': 10}, 'id': 2663459, 'weight': 1}","Neumarkt 4, 8400 Winterthur"
394,success,Geocoding successful.,47.497493743896484,8.752001762390137,Scheideggstrasse 48 <b>8404 Winterthur</b>,201031873_1,"{'attrs': {'detail': 'scheideggstrasse 48 8404 winterthur 230 winterthur ch zh', 'featureId': '201031873_1', 'geom_quadindex': '030010300132223310011', 'geom_st_box2d': 'BOX(8.75199 47.497497,8.75199 47.497497)', 'label': 'Scheideggstrasse 48 <b>8404 Winterthur</b>', 'lat': 47.497493743896484, 'links': [{'href': '/rest/services/ech/MapServer/ch.swisstopo.amtliches-gebaeudeadressverzeichnis/101671866', 'rel': 'related', 'title': 'ch.swisstopo.amtliches-gebaeudeadressverzeichnis'}, {'href': '/rest/services/ech/MapServer/ch.bfs.gebaeude_wohnungs_register/201031873_1', 'rel': 'related', 'title': 'ch.bfs.gebaeude_wohnungs_register'}], 'lon': 8.752001762390137, 'num': 48, 'objectclass': '', 'origin': 'address', 'rank': 7, 'x': 8.752001762390137, 'y': 47.497493743896484, 'zoomlevel': 10}, 'id': 2316661, 'weight': 1}","Scheideggstrasse 48, 8404 Winterthur"
395,success,Geocoding successful.,47.491844177246094,8.748860359191895,Scheideggstrasse 1 <b>8400 Winterthur</b>,1162660_0,"{'attrs': {'detail': 'scheideggstrasse 1 8400 winterthur 230 winterthur ch zh', 'featureId': '1162660_0', 'geom_quadindex': '030010300321212000321', 'geom_st_box2d': 'BOX(8.748848 47.491845,8.748848 47.491845)', 'label': 'Scheideggstrasse 1 <b>8400 Winterthur</b>', 'lat': 47.491844177246094, 'links': [{'href': '/rest/services/ech/MapServer/ch.swisstopo.amtliches-gebaeudeadressverzeichnis/100806035', 'rel': 'related', 'title': 'ch.swisstopo.amtliches-gebaeudeadressverzeichnis'}, {'href': '/rest/services/ech/MapServer/ch.bfs.gebaeude_wohnungs_register/1162660_0', 'rel': 'related', 'title': 'ch.bfs.gebaeude_wohnungs_register'}], 'lon': 8.748860359191895, 'num': 1, 'objectclass': '', 'origin': 'address', 'rank': 7, 'x': 8.748860359191895, 'y': 47.491844177246094, 'zoomlevel': 10}, 'id': 2103429, 'weight': 1}","Scheideggstrasse 1, 8400 Winterthur"
396,success,Geocoding successful.,47.49284362792969,8.745617866516113,Hörnlistrasse 33 <b>8400 Winterthur</b>,9040592_0,"{'attrs': {'detail': 'hoernlistrasse 33 8400 winterthur 230 winterthur ch zh', 'featureId': '9040592_0', 'geom_quadindex': '030010300320003123033', 'geom_st_box2d': 'BOX(8.745606 47.492846,8.745606 47.492846)', 'label': 'Hörnlistrasse 33 <b>8400 Winterthur</b>', 'lat': 47.49284362792969, 'links': [{'href': '/rest/services/ech/MapServer/ch.swisstopo.amtliches-gebaeudeadressverzeichnis/101200276', 'rel': 'related', 'title': 'ch.swisstopo.amtliches-gebaeudeadressverzeichnis'}, {'href': '/rest/services/ech/MapServer/ch.bfs.gebaeude_wohnungs_register/9040592_0', 'rel': 'related', 'title': 'ch.bfs.gebaeude_wohnungs_register'}], 'lon': 8.745617866516113, 'num': 33, 'objectclass': '', 'origin': 'address', 'rank': 7, 'x': 8.745617866516113, 'y': 47.49284362792969, 'zoomlevel': 10}, 'id': 2783202, 'weight': 1}","Hörnlistrasse 33, 8400 Winterthur"
397,success,Geocoding successful.,47.514347076416016,8.761601448059082,Pappelweg 40 <b>8404 Winterthur</b>,1154329_0,"{'attrs': {'detail': 'pappelweg 40 8404 winterthur 230 winterthur ch zh', 'featureId': '1154329_0', 'geom_quadindex': '030010123023223013012', 'geom_st_box2d': 'BOX(8.761589 47.51435,8.761589 47.51435)', 'label': 'Pappelweg 40 <b>8404 Winterthur</b>', 'lat': 47.514347076416016, 'links': [{'href': '/rest/services/ech/MapServer/ch.swisstopo.amtliches-gebaeudeadressverzeichnis/100804307', 'rel': 'related', 'title': 'ch.swisstopo.amtliches-gebaeudeadressverzeichnis'}, {'href': '/rest/services/ech/MapServer/ch.bfs.gebaeude_wohnungs_register/1154329_0', 'rel': 'related', 'title': 'ch.bfs.gebaeude_wohnungs_register'}], 'lon': 8.761601448059082, 'num': 40, 'objectclass': '', 'origin': 'address', 'rank': 7, 'x': 8.761601448059082, 'y': 47.514347076416016, 'zoomlevel': 10}, 'id': 2143886, 'weight': 1}","Pappelweg 40, 8404 Winterthur"
398,success,Geocoding successful.,47.514366149902344,8.761780738830566,Pappelweg 36 <b>8404 Winterthur</b>,1154331_0,"{'attrs': {'detail': 'pappelweg 36 8404 winterthur 230 winterthur ch zh', 'featureId': '1154331_0', 'geom_quadindex': '030010123023223110311', 'geom_st_box2d': 'BOX(8.761768 47.514368,8.761768 47.514368)', 'label': 'Pappelweg 36 <b>8404 Winterthur</b>', 'lat': 47.514366149902344, 'links': [{'href': '/rest/services/ech/MapServer/ch.swisstopo.amtliches-gebaeudeadressverzeichnis/100804309', 'rel': 'related', 'title': 'ch.swisstopo.amtliches-gebaeudeadressverzeichnis'}, {'href': '/rest/services/ech/MapServer/ch.bfs.gebaeude_wohnungs_register/1154331_0', 'rel': 'related', 'title': 'ch.bfs.gebaeude_wohnungs_register'}], 'lon': 8.761780738830566, 'num': 36, 'objectclass': '', 'origin': 'address', 'rank': 7, 'x': 8.761780738830566, 'y': 47.514366149902344, 'zoomlevel': 10}, 'id': 1917883, 'weight': 1}","Pappelweg 36, 8404 Winterthur"
399,success,Geocoding successful.,47.51420211791992,8.761743545532227,Pappelweg 26 <b>8404 Winterthur</b>,1154336_0,"{'attrs': {'detail': 'pappelweg 26 8404 winterthur 230 winterthur ch zh', 'featureId': '1154336_0', 'geom_quadindex': '030010123023223312210', 'geom_st_box2d': 'BOX(8.761732 47.514204,8.761732 47.514204)', 'label': 'Pappelweg 26 <b>8404 Winterthur</b>', 'lat': 47.51420211791992, 'links': [{'href': '/rest/services/ech/MapServer/ch.swisstopo.amtliches-gebaeudeadressverzeichnis/100804661', 'rel': 'related', 'title': 'ch.swisstopo.amtliches-gebaeudeadressverzeichnis'}, {'href': '/rest/services/ech/MapServer/ch.bfs.gebaeude_wohnungs_register/1154336_0', 'rel': 'related', 'title': 'ch.bfs.gebaeude_wohnungs_register'}], 'lon': 8.761743545532227, 'num': 26, 'objectclass': '', 'origin': 'address', 'rank': 7, 'x': 8.761743545532227, 'y': 47.51420211791992, 'zoomlevel': 10}, 'id': 2032528, 'weight': 1}","Pappelweg 26, 8404 Winterthur"
400,success,Geocoding successful.,47.514381408691406,8.761955261230469,Pappelweg 32 <b>8404 Winterthur</b>,1154333_0,"{'attrs': {'detail': 'pappelweg 32 8404 winterthur 230 winterthur ch zh', 'featureId': '1154333_0', 'geom_quadindex': '030010123023230232322', 'geom_st_box2d': 'BOX(8.761943 47.514385,8.761943 47.514385)', 'label': 'Pappelweg 32 <b>8404 Winterthur</b>', 'lat': 47.514381408691406, 'links': [{'href': '/rest/services/ech/MapServer/ch.swisstopo.amtliches-gebaeudeadressverzeichnis/100804311', 'rel': 'related', 'title': 'ch.swisstopo.amtliches-gebaeudeadressverzeichnis'}, {'href': '/rest/services/ech/MapServer/ch.bfs.gebaeude_wohnungs_register/1154333_0', 'rel': 'related', 'title': 'ch.bfs.gebaeude_wohnungs_register'}], 'lon': 8.761955261230469, 'num': 32, 'objectclass': '', 'origin': 'address', 'rank': 7, 'x': 8.761955261230469, 'y': 47.514381408691406, 'zoomlevel': 10}, 'id': 2108297, 'weight': 1}","Pappelweg 32, 8404 Winterthur"
401,success,Geocoding successful.,47.514400482177734,8.762130737304688,Pappelweg 28 <b>8404 Winterthur</b>,1154335_0,"{'attrs': {'detail': 'pappelweg 28 8404 winterthur 230 winterthur ch zh', 'featureId': '1154335_0', 'geom_quadindex': '030010123023230332023', 'geom_st_box2d': 'BOX(8.762119 47.514401,8.762119 47.514401)', 'label': 'Pappelweg 28 <b>8404 Winterthur</b>', 'lat': 47.514400482177734, 'links': [{'href': '/rest/services/ech/MapServer/ch.swisstopo.amtliches-gebaeudeadressverzeichnis/100804660', 'rel': 'related', 'title': 'ch.swisstopo.amtliches-gebaeudeadressverzeichnis'}, {'href': '/rest/services/ech/MapServer/ch.bfs.gebaeude_wohnungs_register/1154335_0', 'rel': 'related', 'title': 'ch.bfs.gebaeude_wohnungs_register'}], 'lon': 8.762130737304688, 'num': 28, 'objectclass': '', 'origin': 'address', 'rank': 7, 'x': 8.762130737304688, 'y': 47.514400482177734, 'zoomlevel': 10}, 'id': 2190215, 'weight': 1}","Pappelweg 28, 8404 Winterthur"
402,success,Geocoding successful.,47.51408004760742,8.76176929473877,Pappelweg 22 <b>8404 Winterthur</b>,1154338_0,"{'attrs': {'detail': 'pappelweg 22 8404 winterthur 230 winterthur ch zh', 'featureId': '1154338_0', 'geom_quadindex': '030010123201001112113', 'geom_st_box2d': 'BOX(8.761757 47.514082,8.761757 47.514082)', 'label': 'Pappelweg 22 <b>8404 Winterthur</b>', 'lat': 47.51408004760742, 'links': [{'href': '/rest/services/ech/MapServer/ch.swisstopo.amtliches-gebaeudeadressverzeichnis/100804663', 'rel': 'related', 'title': 'ch.swisstopo.amtliches-gebaeudeadressverzeichnis'}, {'href': '/rest/services/ech/MapServer/ch.bfs.gebaeude_wohnungs_register/1154338_0', 'rel': 'related', 'title': 'ch.bfs.gebaeude_wohnungs_register'}], 'lon': 8.76176929473877, 'num': 22, 'objectclass': '', 'origin': 'address', 'rank': 7, 'x': 8.76176929473877, 'y': 47.51408004760742, 'zoomlevel': 10}, 'id': 2508033, 'weight': 1}","Pappelweg 22, 8404 Winterthur"
403,success,Geocoding successful.,47.51401901245117,8.761781692504883,Pappelweg 20 <b>8404 Winterthur</b>,1154339_0,"{'attrs': {'detail': 'pappelweg 20 8404 winterthur 230 winterthur ch zh', 'featureId': '1154339_0', 'geom_quadindex': '030010123201001133001', 'geom_st_box2d': 'BOX(8.76177 47.514022,8.76177 47.514022)', 'label': 'Pappelweg 20 <b>8404 Winterthur</b>', 'lat': 47.51401901245117, 'links': [{'href': '/rest/services/ech/MapServer/ch.swisstopo.amtliches-gebaeudeadressverzeichnis/100804664', 'rel': 'related', 'title': 'ch.swisstopo.amtliches-gebaeudeadressverzeichnis'}, {'href': '/rest/services/ech/MapServer/ch.bfs.gebaeude_wohnungs_register/1154339_0', 'rel': 'related', 'title': 'ch.bfs.gebaeude_wohnungs_register'}], 'lon': 8.761781692504883, 'num': 20, 'objectclass': '', 'origin': 'address', 'rank': 7, 'x': 8.761781692504883, 'y': 47.51401901245117, 'zoomlevel': 10}, 'id': 2804500, 'weight': 1}","Pappelweg 20, 8404 Winterthur"
404,success,Geocoding successful.,47.514373779296875,8.761866569519043,Pappelweg 34 <b>8404 Winterthur</b>,1154332_0,"{'attrs': {'detail': 'pappelweg 34 8404 winterthur 230 winterthur ch zh', 'featureId': '1154332_0', 'geom_quadindex': '030010123023232000121', 'geom_st_box2d': 'BOX(8.761854 47.514376,8.761854 47.514376)', 'label': 'Pappelweg 34 <b>8404 Winterthur</b>', 'lat': 47.514373779296875, 'links': [{'href': '/rest/services/ech/MapServer/ch.swisstopo.amtliches-gebaeudeadressverzeichnis/100804310', 'rel': 'related', 'title': 'ch.swisstopo.amtliches-gebaeudeadressverzeichnis'}, {'href': '/rest/services/ech/MapServer/ch.bfs.gebaeude_wohnungs_register/1154332_0', 'rel': 'related', 'title': 'ch.bfs.gebaeude_wohnungs_register'}], 'lon': 8.761866569519043, 'num': 34, 'objectclass': '', 'origin': 'address', 'rank': 7, 'x': 8.761866569519043, 'y': 47.514373779296875, 'zoomlevel': 10}, 'id': 2361223, 'weight': 1}","Pappelweg 34, 8404 Winterthur"
405,success,Geocoding successful.,47.51438903808594,8.762042999267578,Pappelweg 30 <b>8404 Winterthur</b>,1154334_0,"{'attrs': {'detail': 'pappelweg 30 8404 winterthur 230 winterthur ch zh', 'featureId': '1154334_0', 'geom_quadindex': '030010123023230322212', 'geom_st_box2d': 'BOX(8.762031 47.514393,8.762031 47.514393)', 'label': 'Pappelweg 30 <b>8404 Winterthur</b>', 'lat': 47.51438903808594, 'links': [{'href': '/rest/services/ech/MapServer/ch.swisstopo.amtliches-gebaeudeadressverzeichnis/100804659', 'rel': 'related', 'title': 'ch.swisstopo.amtliches-gebaeudeadressverzeichnis'}, {'href': '/rest/services/ech/MapServer/ch.bfs.gebaeude_wohnungs_register/1154334_0', 'rel': 'related', 'title': 'ch.bfs.gebaeude_wohnungs_register'}], 'lon': 8.762042999267578, 'num': 30, 'objectclass': '', 'origin': 'address', 'rank': 7, 'x': 8.762042999267578, 'y': 47.51438903808594, 'zoomlevel': 10}, 'id': 2879609, 'weight': 1}","Pappelweg 30, 8404 Winterthur"
406,success,Geocoding successful.,47.51435852050781,8.761693000793457,Pappelweg 38 <b>8404 Winterthur</b>,1154330_0,"{'attrs': {'detail': 'pappelweg 38 8404 winterthur 230 winterthur ch zh', 'featureId': '1154330_0', 'geom_quadindex': '030010123023223101221', 'geom_st_box2d': 'BOX(8.761681 47.51436,8.761681 47.51436)', 'label': 'Pappelweg 38 <b>8404 Winterthur</b>', 'lat': 47.51435852050781, 'links': [{'href': '/rest/services/ech/MapServer/ch.swisstopo.amtliches-gebaeudeadressverzeichnis/100804308', 'rel': 'related', 'title': 'ch.swisstopo.amtliches-gebaeudeadressverzeichnis'}, {'href': '/rest/services/ech/MapServer/ch.bfs.gebaeude_wohnungs_register/1154330_0', 'rel': 'related', 'title': 'ch.bfs.gebaeude_wohnungs_register'}], 'lon': 8.761693000793457, 'num': 38, 'objectclass': '', 'origin': 'address', 'rank': 7, 'x': 8.761693000793457, 'y': 47.51435852050781, 'zoomlevel': 10}, 'id': 1855833, 'weight': 1}","Pappelweg 38, 8404 Winterthur"
407,success,Geocoding successful.,47.51414108276367,8.761757850646973,Pappelweg 24 <b>8404 Winterthur</b>,1154337_0,"{'attrs': {'detail': 'pappelweg 24 8404 winterthur 230 winterthur ch zh', 'featureId': '1154337_0', 'geom_quadindex': '030010123023223332122', 'geom_st_box2d': 'BOX(8.761745 47.514142,8.761745 47.514142)', 'label': 'Pappelweg 24 <b>8404 Winterthur</b>', 'lat': 47.51414108276367, 'links': [{'href': '/rest/services/ech/MapServer/ch.swisstopo.amtliches-gebaeudeadressverzeichnis/100804662', 'rel': 'related', 'title': 'ch.swisstopo.amtliches-gebaeudeadressverzeichnis'}, {'href': '/rest/services/ech/MapServer/ch.bfs.gebaeude_wohnungs_register/1154337_0', 'rel': 'related', 'title': 'ch.bfs.gebaeude_wohnungs_register'}], 'lon': 8.761757850646973, 'num': 24, 'objectclass': '', 'origin': 'address', 'rank': 7, 'x': 8.761757850646973, 'y': 47.51414108276367, 'zoomlevel': 10}, 'id': 2885873, 'weight': 1}","Pappelweg 24, 8404 Winterthur"
408,success,Geocoding successful.,47.51396179199219,8.761794090270996,Pappelweg 18 <b>8404 Winterthur</b>,1154340_0,"{'attrs': {'detail': 'pappelweg 18 8404 winterthur 230 winterthur ch zh', 'featureId': '1154340_0', 'geom_quadindex': '030010123201001311231', 'geom_st_box2d': 'BOX(8.761782 47.513962,8.761782 47.513962)', 'label': 'Pappelweg 18 <b>8404 Winterthur</b>', 'lat': 47.51396179199219, 'links': [{'href': '/rest/services/ech/MapServer/ch.swisstopo.amtliches-gebaeudeadressverzeichnis/100804665', 'rel': 'related', 'title': 'ch.swisstopo.amtliches-gebaeudeadressverzeichnis'}, {'href': '/rest/services/ech/MapServer/ch.bfs.gebaeude_wohnungs_register/1154340_0', 'rel': 'related', 'title': 'ch.bfs.gebaeude_wohnungs_register'}], 'lon': 8.761794090270996, 'num': 18, 'objectclass': '', 'origin': 'address', 'rank': 7, 'x': 8.761794090270996, 'y': 47.51396179199219, 'zoomlevel': 10}, 'id': 2832904, 'weight': 1}","Pappelweg 18, 8404 Winterthur"
409,success,Geocoding successful.,47.51280975341797,8.754549026489258,Steinbruchweg 1 <b>8404 Winterthur</b>,2327004_0,"{'attrs': {'detail': 'steinbruchweg 1 8404 winterthur 230 winterthur ch zh', 'featureId': '2327004_0', 'geom_quadindex': '030010122310313031020', 'geom_st_box2d': 'BOX(8.754537 47.512813,8.754537 47.512813)', 'label': 'Steinbruchweg 1 <b>8404 Winterthur</b>', 'lat': 47.51280975341797, 'links': [{'href': '/rest/services/ech/MapServer/ch.swisstopo.amtliches-gebaeudeadressverzeichnis/101166413', 'rel': 'related', 'title': 'ch.swisstopo.amtliches-gebaeudeadressverzeichnis'}, {'href': '/rest/services/ech/MapServer/ch.bfs.gebaeude_wohnungs_register/2327004_0', 'rel': 'related', 'title': 'ch.bfs.gebaeude_wohnungs_register'}], 'lon': 8.754549026489258, 'num': 1, 'objectclass': '', 'origin': 'address', 'rank': 7, 'x': 8.754549026489258, 'y': 47.51280975341797, 'zoomlevel': 10}, 'id': 2022561, 'weight': 1}","Steinbruchweg 1, 8404 Winterthur"
410,success,Geocoding successful.,47.51670837402344,8.760479927062988,Stofflerenweg 15 <b>8404 Winterthur</b>,2327001_0,"{'attrs': {'detail': 'stofflerenweg 15 8404 winterthur 230 winterthur ch zh', 'featureId': '2327001_0', 'geom_quadindex': '030010123020330013222', 'geom_st_box2d': 'BOX(8.760467 47.51671,8.760467 47.51671)', 'label': 'Stofflerenweg 15 <b>8404 Winterthur</b>', 'lat': 47.51670837402344, 'links': [{'href': '/rest/services/ech/MapServer/ch.swisstopo.amtliches-gebaeudeadressverzeichnis/101166412', 'rel': 'related', 'title': 'ch.swisstopo.amtliches-gebaeudeadressverzeichnis'}, {'href': '/rest/services/ech/MapServer/ch.bfs.gebaeude_wohnungs_register/2327001_0', 'rel': 'related', 'title': 'ch.bfs.gebaeude_wohnungs_register'}], 'lon': 8.760479927062988, 'num': 15, 'objectclass': '', 'origin': 'address', 'rank': 7, 'x': 8.760479927062988, 'y': 47.51670837402344, 'zoomlevel': 10}, 'id': 2426606, 'weight': 1}","Stofflerenweg 15, 8404 Winterthur"
411,success,Geocoding successful.,47.50712203979492,8.769097328186035,Hegifeldstrasse 76c <b>8404 Winterthur</b>,3000469_2,"{'attrs': {'detail': 'hegifeldstrasse 76c 8404 winterthur 230 winterthur ch zh', 'featureId': '3000469_2', 'geom_quadindex': '030010123233121003223', 'geom_st_box2d': 'BOX(8.769085 47.507125,8.769085 47.507125)', 'label': 'Hegifeldstrasse 76c <b>8404 Winterthur</b>', 'lat': 47.50712203979492, 'links': [{'href': '/rest/services/ech/MapServer/ch.swisstopo.amtliches-gebaeudeadressverzeichnis/102368895', 'rel': 'related', 'title': 'ch.swisstopo.amtliches-gebaeudeadressverzeichnis'}, {'href': '/rest/services/ech/MapServer/ch.bfs.gebaeude_wohnungs_register/3000469_2', 'rel': 'related', 'title': 'ch.bfs.gebaeude_wohnungs_register'}], 'lon': 8.769097328186035, 'num': 76, 'objectclass': '', 'origin': 'address', 'rank': 7, 'x': 8.769097328186035, 'y': 47.50712203979492, 'zoomlevel': 10}, 'id': 1964845, 'weight': 1}","Hegifeldstrasse 76c, 8404 Winterthur"
412,success,Geocoding successful.,47.50719451904297,8.768824577331543,Hegifeldstrasse 76b <b>8404 Winterthur</b>,3000469_1,"{'attrs': {'detail': 'hegifeldstrasse 76b 8404 winterthur 230 winterthur ch zh', 'featureId': '3000469_1', 'geom_quadindex': '030010123233102233320', 'geom_st_box2d': 'BOX(8.768813 47.507198,8.768813 47.507198)', 'label': 'Hegifeldstrasse 76b <b>8404 Winterthur</b>', 'lat': 47.50719451904297, 'links': [{'href': '/rest/services/ech/MapServer/ch.swisstopo.amtliches-gebaeudeadressverzeichnis/102368893', 'rel': 'related', 'title': 'ch.swisstopo.amtliches-gebaeudeadressverzeichnis'}, {'href': '/rest/services/ech/MapServer/ch.bfs.gebaeude_wohnungs_register/3000469_1', 'rel': 'related', 'title': 'ch.bfs.gebaeude_wohnungs_register'}], 'lon': 8.768824577331543, 'num': 76, 'objectclass': '', 'origin': 'address', 'rank': 7, 'x': 8.768824577331543, 'y': 47.50719451904297, 'zoomlevel': 10}, 'id': 2485037, 'weight': 1}","Hegifeldstrasse 76b, 8404 Winterthur"
413,success,Geocoding successful.,47.50728988647461,8.76927661895752,Hegifeldstrasse 76d <b>8404 Winterthur</b>,3000469_3,"{'attrs': {'detail': 'hegifeldstrasse 76d 8404 winterthur 230 winterthur ch zh', 'featureId': '3000469_3', 'geom_quadindex': '030010123233103300312', 'geom_st_box2d': 'BOX(8.769265 47.507293,8.769265 47.507293)', 'label': 'Hegifeldstrasse 76d <b>8404 Winterthur</b>', 'lat': 47.50728988647461, 'links': [{'href': '/rest/services/ech/MapServer/ch.swisstopo.amtliches-gebaeudeadressverzeichnis/102368898', 'rel': 'related', 'title': 'ch.swisstopo.amtliches-gebaeudeadressverzeichnis'}, {'href': '/rest/services/ech/MapServer/ch.bfs.gebaeude_wohnungs_register/3000469_3', 'rel': 'related', 'title': 'ch.bfs.gebaeude_wohnungs_register'}], 'lon': 8.76927661895752, 'num': 76, 'objectclass': '', 'origin': 'address', 'rank': 7, 'x': 8.76927661895752, 'y': 47.50728988647461, 'zoomlevel': 10}, 'id': 2296865, 'weight': 1}","Hegifeldstrasse 76d, 8404 Winterthur"
414,success,Geocoding successful.,47.50706100463867,8.768644332885742,Hegifeldstrasse 76a <b>8404 Winterthur</b>,3000469_0,"{'attrs': {'detail': 'hegifeldstrasse 76a 8404 winterthur 230 winterthur ch zh', 'featureId': '3000469_0', 'geom_quadindex': '030010123233031133333', 'geom_st_box2d': 'BOX(8.768632 47.507063,8.768632 47.507063)', 'label': 'Hegifeldstrasse 76a <b>8404 Winterthur</b>', 'lat': 47.50706100463867, 'links': [{'href': '/rest/services/ech/MapServer/ch.swisstopo.amtliches-gebaeudeadressverzeichnis/101114979', 'rel': 'related', 'title': 'ch.swisstopo.amtliches-gebaeudeadressverzeichnis'}, {'href': '/rest/services/ech/MapServer/ch.bfs.gebaeude_wohnungs_register/3000469_0', 'rel': 'related', 'title': 'ch.bfs.gebaeude_wohnungs_register'}], 'lon': 8.768644332885742, 'num': 76, 'objectclass': '', 'origin': 'address', 'rank': 7, 'x': 8.768644332885742, 'y': 47.50706100463867, 'zoomlevel': 10}, 'id': 2768916, 'weight': 1}","Hegifeldstrasse 76a, 8404 Winterthur"
415,success,Geocoding successful.,47.51088333129883,8.761422157287598,Hegmattenstrasse 15 <b>8404 Winterthur</b>,1154814_0,"{'attrs': {'detail': 'hegmattenstrasse 15 8404 winterthur 230 winterthur ch zh', 'featureId': '1154814_0', 'geom_quadindex': '030010123203201021033', 'geom_st_box2d': 'BOX(8.76141 47.510884,8.76141 47.510884)', 'label': 'Hegmattenstrasse 15 <b>8404 Winterthur</b>', 'lat': 47.51088333129883, 'links': [{'href': '/rest/services/ech/MapServer/ch.swisstopo.amtliches-gebaeudeadressverzeichnis/100808100', 'rel': 'related', 'title': 'ch.swisstopo.amtliches-gebaeudeadressverzeichnis'}, {'href': '/rest/services/ech/MapServer/ch.bfs.gebaeude_wohnungs_register/1154814_0', 'rel': 'related', 'title': 'ch.bfs.gebaeude_wohnungs_register'}], 'lon': 8.761422157287598, 'num': 15, 'objectclass': '', 'origin': 'address', 'rank': 7, 'x': 8.761422157287598, 'y': 47.51088333129883, 'zoomlevel': 10}, 'id': 1931637, 'weight': 1}","Hegmattenstrasse 15, 8404 Winterthur"
416,success,Geocoding successful.,47.492156982421875,8.750828742980957,Scheideggstrasse 12 <b>8400 Winterthur</b>,2323641_0,"{'attrs': {'detail': 'scheideggstrasse 12 8400 winterthur 230 winterthur ch zh', 'featureId': '2323641_0', 'geom_quadindex': '030010300321133220311', 'geom_st_box2d': 'BOX(8.750816 47.492159,8.750816 47.492159)', 'label': 'Scheideggstrasse 12 <b>8400 Winterthur</b>', 'lat': 47.492156982421875, 'links': [{'href': '/rest/services/ech/MapServer/ch.swisstopo.amtliches-gebaeudeadressverzeichnis/101160239', 'rel': 'related', 'title': 'ch.swisstopo.amtliches-gebaeudeadressverzeichnis'}, {'href': '/rest/services/ech/MapServer/ch.bfs.gebaeude_wohnungs_register/2323641_0', 'rel': 'related', 'title': 'ch.bfs.gebaeude_wohnungs_register'}], 'lon': 8.750828742980957, 'num': 12, 'objectclass': '', 'origin': 'address', 'rank': 7, 'x': 8.750828742980957, 'y': 47.492156982421875, 'zoomlevel': 10}, 'id': 2103059, 'weight': 1}","Scheideggstrasse 12, 8400 Winterthur"
417,success,Geocoding successful.,47.485836029052734,8.70882797241211,Rosenaustrasse 13 <b>8406 Winterthur</b>,1157890_0,"{'attrs': {'detail': 'rosenaustrasse 13 8406 winterthur 230 winterthur ch zh', 'featureId': '1157890_0', 'geom_quadindex': '030010213002213211313', 'geom_st_box2d': 'BOX(8.708815 47.485837,8.708815 47.485837)', 'label': 'Rosenaustrasse 13 <b>8406 Winterthur</b>', 'lat': 47.485836029052734, 'links': [{'href': '/rest/services/ech/MapServer/ch.swisstopo.amtliches-gebaeudeadressverzeichnis/100803534', 'rel': 'related', 'title': 'ch.swisstopo.amtliches-gebaeudeadressverzeichnis'}, {'href': '/rest/services/ech/MapServer/ch.bfs.gebaeude_wohnungs_register/1157890_0', 'rel': 'related', 'title': 'ch.bfs.gebaeude_wohnungs_register'}], 'lon': 8.70882797241211, 'num': 13, 'objectclass': '', 'origin': 'address', 'rank': 7, 'x': 8.70882797241211, 'y': 47.485836029052734, 'zoomlevel': 10}, 'id': 2587590, 'weight': 1}","Rosenaustrasse 13, 8406 Winterthur"
418,success,Geocoding successful.,47.4957160949707,8.736516952514648,Tösstalstrasse 54 <b>8400 Winterthur</b>,2323612_0,"{'attrs': {'detail': 'toesstalstrasse 54 8400 winterthur 230 winterthur ch zh', 'featureId': '2323612_0', 'geom_quadindex': '030010300201230222123', 'geom_st_box2d': 'BOX(8.736505 47.495716,8.736505 47.495716)', 'label': 'Tösstalstrasse 54 <b>8400 Winterthur</b>', 'lat': 47.4957160949707, 'links': [{'href': '/rest/services/ech/MapServer/ch.swisstopo.amtliches-gebaeudeadressverzeichnis/101161642', 'rel': 'related', 'title': 'ch.swisstopo.amtliches-gebaeudeadressverzeichnis'}, {'href': '/rest/services/ech/MapServer/ch.bfs.gebaeude_wohnungs_register/2323612_0', 'rel': 'related', 'title': 'ch.bfs.gebaeude_wohnungs_register'}], 'lon': 8.736516952514648, 'num': 54, 'objectclass': '', 'origin': 'address', 'rank': 7, 'x': 8.736516952514648, 'y': 47.4957160949707, 'zoomlevel': 10}, 'id': 2018367, 'weight': 1}","Tösstalstrasse 54, 8400 Winterthur"
419,success,Geocoding successful.,47.50550079345703,8.756701469421387,Frauenfelderstrasse 39 <b>8404 Winterthur</b>,201034704_0,"{'attrs': {'detail': 'frauenfelderstrasse 39 8404 winterthur 230 winterthur ch zh', 'featureId': '201034704_0', 'geom_quadindex': '030010300111101233022', 'geom_st_box2d': 'BOX(8.756689 47.505503,8.756689 47.505503)', 'label': 'Frauenfelderstrasse 39 <b>8404 Winterthur</b>', 'lat': 47.50550079345703, 'links': [{'href': '/rest/services/ech/MapServer/ch.swisstopo.amtliches-gebaeudeadressverzeichnis/101682302', 'rel': 'related', 'title': 'ch.swisstopo.amtliches-gebaeudeadressverzeichnis'}, {'href': '/rest/services/ech/MapServer/ch.bfs.gebaeude_wohnungs_register/201034704_0', 'rel': 'related', 'title': 'ch.bfs.gebaeude_wohnungs_register'}], 'lon': 8.756701469421387, 'num': 39, 'objectclass': '', 'origin': 'address', 'rank': 7, 'x': 8.756701469421387, 'y': 47.50550079345703, 'zoomlevel': 10}, 'id': 1958150, 'weight': 1}","Frauenfelderstrasse 39, 8404 Winterthur"
420,success,Geocoding successful.,47.49265670776367,8.709930419921875,Grenzstrasse 40 <b>8406 Winterthur</b>,1152163_0,"{'attrs': {'detail': 'grenzstrasse 40 8406 winterthur 230 winterthur ch zh', 'featureId': '1152163_0', 'geom_quadindex': '030010211220123313030', 'geom_st_box2d': 'BOX(8.709918 47.492657,8.709918 47.492657)', 'label': 'Grenzstrasse 40 <b>8406 Winterthur</b>', 'lat': 47.49265670776367, 'links': [{'href': '/rest/services/ech/MapServer/ch.swisstopo.amtliches-gebaeudeadressverzeichnis/100820984', 'rel': 'related', 'title': 'ch.swisstopo.amtliches-gebaeudeadressverzeichnis'}, {'href': '/rest/services/ech/MapServer/ch.bfs.gebaeude_wohnungs_register/1152163_0', 'rel': 'related', 'title': 'ch.bfs.gebaeude_wohnungs_register'}], 'lon': 8.709930419921875, 'num': 40, 'objectclass': '', 'origin': 'address', 'rank': 7, 'x': 8.709930419921875, 'y': 47.49265670776367, 'zoomlevel': 10}, 'id': 2368305, 'weight': 1}","Grenzstrasse 40, 8406 Winterthur"
421,success,Geocoding successful.,47.49298095703125,8.742356300354004,Tösstalstrasse 86 <b>8400 Winterthur</b>,2323834_0,"{'attrs': {'detail': 'toesstalstrasse 86 8400 winterthur 230 winterthur ch zh', 'featureId': '2323834_0', 'geom_quadindex': '030010300231003010032', 'geom_st_box2d': 'BOX(8.742344 47.492983,8.742344 47.492983)', 'label': 'Tösstalstrasse 86 <b>8400 Winterthur</b>', 'lat': 47.49298095703125, 'links': [{'href': '/rest/services/ech/MapServer/ch.swisstopo.amtliches-gebaeudeadressverzeichnis/101015496', 'rel': 'related', 'title': 'ch.swisstopo.amtliches-gebaeudeadressverzeichnis'}, {'href': '/rest/services/ech/MapServer/ch.bfs.gebaeude_wohnungs_register/2323834_0', 'rel': 'related', 'title': 'ch.bfs.gebaeude_wohnungs_register'}], 'lon': 8.742356300354004, 'num': 86, 'objectclass': '', 'origin': 'address', 'rank': 7, 'x': 8.742356300354004, 'y': 47.49298095703125, 'zoomlevel': 10}, 'id': 2899259, 'weight': 1}","Tösstalstrasse 86, 8400 Winterthur"
422,success,Geocoding successful.,47.51685333251953,8.716642379760742,Buchackerstrasse 54 <b>8400 Winterthur</b>,1159246_0,"{'attrs': {'detail': 'buchackerstrasse 54 8400 winterthur 230 winterthur ch zh', 'featureId': '1159246_0', 'geom_quadindex': '030010033030323301033', 'geom_st_box2d': 'BOX(8.716629 47.516854,8.716629 47.516854)', 'label': 'Buchackerstrasse 54 <b>8400 Winterthur</b>', 'lat': 47.51685333251953, 'links': [{'href': '/rest/services/ech/MapServer/ch.swisstopo.amtliches-gebaeudeadressverzeichnis/100826109', 'rel': 'related', 'title': 'ch.swisstopo.amtliches-gebaeudeadressverzeichnis'}, {'href': '/rest/services/ech/MapServer/ch.bfs.gebaeude_wohnungs_register/1159246_0', 'rel': 'related', 'title': 'ch.bfs.gebaeude_wohnungs_register'}], 'lon': 8.716642379760742, 'num': 54, 'objectclass': '', 'origin': 'address', 'rank': 7, 'x': 8.716642379760742, 'y': 47.51685333251953, 'zoomlevel': 10}, 'id': 1895977, 'weight': 1}","Buchackerstrasse 54, 8400 Winterthur"
423,success,Geocoding successful.,47.5166130065918,8.717164993286133,Buchackerstrasse 50 <b>8400 Winterthur</b>,201034773_1,"{'attrs': {'detail': 'buchackerstrasse 50 8400 winterthur 230 winterthur ch zh', 'featureId': '201034773_1', 'geom_quadindex': '030010033032111022210', 'geom_st_box2d': 'BOX(8.717152 47.516616,8.717152 47.516616)', 'label': 'Buchackerstrasse 50 <b>8400 Winterthur</b>', 'lat': 47.5166130065918, 'links': [{'href': '/rest/services/ech/MapServer/ch.swisstopo.amtliches-gebaeudeadressverzeichnis/102214496', 'rel': 'related', 'title': 'ch.swisstopo.amtliches-gebaeudeadressverzeichnis'}, {'href': '/rest/services/ech/MapServer/ch.bfs.gebaeude_wohnungs_register/201034773_1', 'rel': 'related', 'title': 'ch.bfs.gebaeude_wohnungs_register'}], 'lon': 8.717164993286133, 'num': 50, 'objectclass': '', 'origin': 'address', 'rank': 7, 'x': 8.717164993286133, 'y': 47.5166130065918, 'zoomlevel': 10}, 'id': 1994226, 'weight': 1}","Buchackerstrasse 50, 8400 Winterthur"
424,success,Geocoding successful.,47.5168342590332,8.670808792114258,Im Bruni 8 <b>8408 Winterthur</b>,1161260_0,"{'attrs': {'detail': 'im bruni 8 8408 winterthur 230 winterthur ch zh', 'featureId': '1161260_0', 'geom_quadindex': '030010023033113310112', 'geom_st_box2d': 'BOX(8.670795 47.516835,8.670795 47.516835)', 'label': 'Im Bruni 8 <b>8408 Winterthur</b>', 'lat': 47.5168342590332, 'links': [{'href': '/rest/services/ech/MapServer/ch.swisstopo.amtliches-gebaeudeadressverzeichnis/100809162', 'rel': 'related', 'title': 'ch.swisstopo.amtliches-gebaeudeadressverzeichnis'}, {'href': '/rest/services/ech/MapServer/ch.bfs.gebaeude_wohnungs_register/1161260_0', 'rel': 'related', 'title': 'ch.bfs.gebaeude_wohnungs_register'}], 'lon': 8.670808792114258, 'num': 8, 'objectclass': '', 'origin': 'address', 'rank': 7, 'x': 8.670808792114258, 'y': 47.5168342590332, 'zoomlevel': 10}, 'id': 2206649, 'weight': 1}","Im Bruni 8, 8408 Winterthur"
425,success,Geocoding successful.,47.494606018066406,8.736106872558594,Mattenbachstrasse 3 <b>8400 Winterthur</b>,201033870_1,"{'attrs': {'detail': 'mattenbachstrasse 3 8400 winterthur 230 winterthur ch zh', 'featureId': '201033870_1', 'geom_quadindex': '030010300203023002130', 'geom_st_box2d': 'BOX(8.736094 47.494607,8.736094 47.494607)', 'label': 'Mattenbachstrasse 3 <b>8400 Winterthur</b>', 'lat': 47.494606018066406, 'links': [{'href': '/rest/services/ech/MapServer/ch.swisstopo.amtliches-gebaeudeadressverzeichnis/102537401', 'rel': 'related', 'title': 'ch.swisstopo.amtliches-gebaeudeadressverzeichnis'}, {'href': '/rest/services/ech/MapServer/ch.bfs.gebaeude_wohnungs_register/201033870_1', 'rel': 'related', 'title': 'ch.bfs.gebaeude_wohnungs_register'}], 'lon': 8.736106872558594, 'num': 3, 'objectclass': '', 'origin': 'address', 'rank': 7, 'x': 8.736106872558594, 'y': 47.494606018066406, 'zoomlevel': 10}, 'id': 2723302, 'weight': 1}","Mattenbachstrasse 3, 8400 Winterthur"
426,success,Geocoding successful.,47.51130676269531,8.702272415161133,Talhofweg 26 <b>8408 Winterthur</b>,201024948_0,"{'attrs': {'detail': 'talhofweg 26 8408 winterthur 230 winterthur ch zh', 'featureId': '201024948_0', 'geom_quadindex': '030010032312203002302', 'geom_st_box2d': 'BOX(8.702259 47.511307,8.702259 47.511307)', 'label': 'Talhofweg 26 <b>8408 Winterthur</b>', 'lat': 47.51130676269531, 'links': [{'href': '/rest/services/ech/MapServer/ch.swisstopo.amtliches-gebaeudeadressverzeichnis/101562797', 'rel': 'related', 'title': 'ch.swisstopo.amtliches-gebaeudeadressverzeichnis'}, {'href': '/rest/services/ech/MapServer/ch.bfs.gebaeude_wohnungs_register/201024948_0', 'rel': 'related', 'title': 'ch.bfs.gebaeude_wohnungs_register'}], 'lon': 8.702272415161133, 'num': 26, 'objectclass': '', 'origin': 'address', 'rank': 7, 'x': 8.702272415161133, 'y': 47.51130676269531, 'zoomlevel': 10}, 'id': 1920782, 'weight': 1}","Talhofweg 26, 8408 Winterthur"
427,success,Geocoding successful.,47.51103591918945,8.702347755432129,Talhofweg 24 <b>8408 Winterthur</b>,2321932_0,"{'attrs': {'detail': 'talhofweg 24 8408 winterthur 230 winterthur ch zh', 'featureId': '2321932_0', 'geom_quadindex': '030010032312221012221', 'geom_st_box2d': 'BOX(8.702334 47.511038,8.702334 47.511038)', 'label': 'Talhofweg 24 <b>8408 Winterthur</b>', 'lat': 47.51103591918945, 'links': [{'href': '/rest/services/ech/MapServer/ch.swisstopo.amtliches-gebaeudeadressverzeichnis/101013858', 'rel': 'related', 'title': 'ch.swisstopo.amtliches-gebaeudeadressverzeichnis'}, {'href': '/rest/services/ech/MapServer/ch.bfs.gebaeude_wohnungs_register/2321932_0', 'rel': 'related', 'title': 'ch.bfs.gebaeude_wohnungs_register'}], 'lon': 8.702347755432129, 'num': 24, 'objectclass': '', 'origin': 'address', 'rank': 7, 'x': 8.702347755432129, 'y': 47.51103591918945, 'zoomlevel': 10}, 'id': 1948176, 'weight': 1}","Talhofweg 24, 8408 Winterthur"
428,success,Geocoding successful.,47.494659423828125,8.737513542175293,Weberstrasse 2 <b>8400 Winterthur</b>,1161901_0,"{'attrs': {'detail': 'weberstrasse 2 8400 winterthur 230 winterthur ch zh', 'featureId': '1161901_0', 'geom_quadindex': '030010300203120323112', 'geom_st_box2d': 'BOX(8.737502 47.49466,8.737502 47.49466)', 'label': 'Weberstrasse 2 <b>8400 Winterthur</b>', 'lat': 47.494659423828125, 'links': [{'href': '/rest/services/ech/MapServer/ch.swisstopo.amtliches-gebaeudeadressverzeichnis/100811750', 'rel': 'related', 'title': 'ch.swisstopo.amtliches-gebaeudeadressverzeichnis'}, {'href': '/rest/services/ech/MapServer/ch.bfs.gebaeude_wohnungs_register/1161901_0', 'rel': 'related', 'title': 'ch.bfs.gebaeude_wohnungs_register'}], 'lon': 8.737513542175293, 'num': 2, 'objectclass': '', 'origin': 'address', 'rank': 7, 'x': 8.737513542175293, 'y': 47.494659423828125, 'zoomlevel': 10}, 'id': 2713589, 'weight': 1}","Weberstrasse 2, 8400 Winterthur"
429,success,Geocoding successful.,47.49456787109375,8.736185073852539,Weberstrasse 2a <b>8400 Winterthur</b>,201033870_0,"{'attrs': {'detail': 'weberstrasse 2a 8400 winterthur 230 winterthur ch zh', 'featureId': '201033870_0', 'geom_quadindex': '030010300203023030033', 'geom_st_box2d': 'BOX(8.736173 47.494569,8.736173 47.494569)', 'label': 'Weberstrasse 2a <b>8400 Winterthur</b>', 'lat': 47.49456787109375, 'links': [{'href': '/rest/services/ech/MapServer/ch.swisstopo.amtliches-gebaeudeadressverzeichnis/101673375', 'rel': 'related', 'title': 'ch.swisstopo.amtliches-gebaeudeadressverzeichnis'}, {'href': '/rest/services/ech/MapServer/ch.bfs.gebaeude_wohnungs_register/201033870_0', 'rel': 'related', 'title': 'ch.bfs.gebaeude_wohnungs_register'}], 'lon': 8.736185073852539, 'num': 2, 'objectclass': '', 'origin': 'address', 'rank': 7, 'x': 8.736185073852539, 'y': 47.49456787109375, 'zoomlevel': 10}, 'id': 2023929, 'weight': 1}","Weberstrasse 2a, 8400 Winterthur"
430,success,Geocoding successful.,47.494361877441406,8.736618041992188,Weberstrasse 2b <b>8400 Winterthur</b>,201033797_0,"{'attrs': {'detail': 'weberstrasse 2b 8400 winterthur 230 winterthur ch zh', 'featureId': '201033797_0', 'geom_quadindex': '030010300203210011300', 'geom_st_box2d': 'BOX(8.736606 47.494362,8.736606 47.494362)', 'label': 'Weberstrasse 2b <b>8400 Winterthur</b>', 'lat': 47.494361877441406, 'links': [{'href': '/rest/services/ech/MapServer/ch.swisstopo.amtliches-gebaeudeadressverzeichnis/101673301', 'rel': 'related', 'title': 'ch.swisstopo.amtliches-gebaeudeadressverzeichnis'}, {'href': '/rest/services/ech/MapServer/ch.bfs.gebaeude_wohnungs_register/201033797_0', 'rel': 'related', 'title': 'ch.bfs.gebaeude_wohnungs_register'}], 'lon': 8.736618041992188, 'num': 2, 'objectclass': '', 'origin': 'address', 'rank': 7, 'x': 8.736618041992188, 'y': 47.494361877441406, 'zoomlevel': 10}, 'id': 2666432, 'weight': 1}","Weberstrasse 2b, 8400 Winterthur"
431,success,Geocoding successful.,47.49588394165039,8.752273559570312,Rudolf-Diesel-Strasse 2a <b>8404 Winterthur</b>,201031331_0,"{'attrs': {'detail': 'rudolf-diesel-strasse 2a 8404 winterthur 230 winterthur ch zh', 'featureId': '201031331_0', 'geom_quadindex': '030010300310212300332', 'geom_st_box2d': 'BOX(8.752261 47.495887,8.752261 47.495887)', 'label': 'Rudolf-Diesel-Strasse 2a <b>8404 Winterthur</b>', 'lat': 47.49588394165039, 'links': [{'href': '/rest/services/ech/MapServer/ch.swisstopo.amtliches-gebaeudeadressverzeichnis/101686088', 'rel': 'related', 'title': 'ch.swisstopo.amtliches-gebaeudeadressverzeichnis'}, {'href': '/rest/services/ech/MapServer/ch.bfs.gebaeude_wohnungs_register/201031331_0', 'rel': 'related', 'title': 'ch.bfs.gebaeude_wohnungs_register'}], 'lon': 8.752273559570312, 'num': 2, 'objectclass': '', 'origin': 'address', 'rank': 7, 'x': 8.752273559570312, 'y': 47.49588394165039, 'zoomlevel': 10}, 'id': 2264207, 'weight': 1}","Rudolf-Diesel-Strasse 2a, 8404 Winterthur"
432,success,Geocoding successful.,47.51479721069336,8.722796440124512,Am Rosenberg 11 <b>8400 Winterthur</b>,201035434_0,"{'attrs': {'detail': 'am rosenberg 11 8400 winterthur 230 winterthur ch zh', 'featureId': '201035434_0', 'geom_quadindex': '030010033122323100331', 'geom_st_box2d': 'BOX(8.722783 47.5148,8.722783 47.5148)', 'label': 'Am Rosenberg 11 <b>8400 Winterthur</b>', 'lat': 47.51479721069336, 'links': [{'href': '/rest/services/ech/MapServer/ch.swisstopo.amtliches-gebaeudeadressverzeichnis/101689525', 'rel': 'related', 'title': 'ch.swisstopo.amtliches-gebaeudeadressverzeichnis'}, {'href': '/rest/services/ech/MapServer/ch.bfs.gebaeude_wohnungs_register/201035434_0', 'rel': 'related', 'title': 'ch.bfs.gebaeude_wohnungs_register'}], 'lon': 8.722796440124512, 'num': 11, 'objectclass': '', 'origin': 'address', 'rank': 7, 'x': 8.722796440124512, 'y': 47.51479721069336, 'zoomlevel': 10}, 'id': 1918122, 'weight': 1}","Am Rosenberg 11, 8400 Winterthur"
433,success,Geocoding successful.,47.49722671508789,8.748708724975586,Kronaustrasse 12 <b>8404 Winterthur</b>,210145889_0,"{'attrs': {'detail': 'kronaustrasse 12 8404 winterthur 230 winterthur ch zh', 'featureId': '210145889_0', 'geom_quadindex': '030010300301001212130', 'geom_st_box2d': 'BOX(8.748696 47.49723,8.748696 47.49723)', 'label': 'Kronaustrasse 12 <b>8404 Winterthur</b>', 'lat': 47.49722671508789, 'links': [{'href': '/rest/services/ech/MapServer/ch.swisstopo.amtliches-gebaeudeadressverzeichnis/101383383', 'rel': 'related', 'title': 'ch.swisstopo.amtliches-gebaeudeadressverzeichnis'}, {'href': '/rest/services/ech/MapServer/ch.bfs.gebaeude_wohnungs_register/210145889_0', 'rel': 'related', 'title': 'ch.bfs.gebaeude_wohnungs_register'}], 'lon': 8.748708724975586, 'num': 12, 'objectclass': '', 'origin': 'address', 'rank': 7, 'x': 8.748708724975586, 'y': 47.49722671508789, 'zoomlevel': 10}, 'id': 2010022, 'weight': 1}","Kronaustrasse 12, 8404 Winterthur"
434,success,Geocoding successful.,47.50102615356445,8.716707229614258,Rennweg 5 <b>8400 Winterthur</b>,1152538_0,"{'attrs': {'detail': 'rennweg 5 8400 winterthur 230 winterthur ch zh', 'featureId': '1152538_0', 'geom_quadindex': '030010211030132310320', 'geom_st_box2d': 'BOX(8.716694 47.50103,8.716694 47.50103)', 'label': 'Rennweg 5 <b>8400 Winterthur</b>', 'lat': 47.50102615356445, 'links': [{'href': '/rest/services/ech/MapServer/ch.swisstopo.amtliches-gebaeudeadressverzeichnis/100822215', 'rel': 'related', 'title': 'ch.swisstopo.amtliches-gebaeudeadressverzeichnis'}, {'href': '/rest/services/ech/MapServer/ch.bfs.gebaeude_wohnungs_register/1152538_0', 'rel': 'related', 'title': 'ch.bfs.gebaeude_wohnungs_register'}], 'lon': 8.716707229614258, 'num': 5, 'objectclass': '', 'origin': 'address', 'rank': 7, 'x': 8.716707229614258, 'y': 47.50102615356445, 'zoomlevel': 10}, 'id': 2306357, 'weight': 1}","Rennweg 5, 8400 Winterthur"
435,success,Geocoding successful.,47.496864318847656,8.722431182861328,Frohbergstrasse 10 <b>8400 Winterthur</b>,201010025_0,"{'attrs': {'detail': 'frohbergstrasse 10 8400 winterthur 230 winterthur ch zh', 'featureId': '201010025_0', 'geom_quadindex': '030010211300123112030', 'geom_st_box2d': 'BOX(8.722418 47.496866,8.722418 47.496866)', 'label': 'Frohbergstrasse 10 <b>8400 Winterthur</b>', 'lat': 47.496864318847656, 'links': [{'href': '/rest/services/ech/MapServer/ch.swisstopo.amtliches-gebaeudeadressverzeichnis/101495432', 'rel': 'related', 'title': 'ch.swisstopo.amtliches-gebaeudeadressverzeichnis'}, {'href': '/rest/services/ech/MapServer/ch.bfs.gebaeude_wohnungs_register/201010025_0', 'rel': 'related', 'title': 'ch.bfs.gebaeude_wohnungs_register'}], 'lon': 8.722431182861328, 'num': 10, 'objectclass': '', 'origin': 'address', 'rank': 7, 'x': 8.722431182861328, 'y': 47.496864318847656, 'zoomlevel': 10}, 'id': 1918396, 'weight': 1}","Frohbergstrasse 10, 8400 Winterthur"
436,success,Geocoding successful.,47.49694061279297,8.722524642944336,Frohbergstrasse 8 <b>8400 Winterthur</b>,201010025_5,"{'attrs': {'detail': 'frohbergstrasse 8 8400 winterthur 230 winterthur ch zh', 'featureId': '201010025_5', 'geom_quadindex': '030010211300130220223', 'geom_st_box2d': 'BOX(8.722512 47.496943,8.722512 47.496943)', 'label': 'Frohbergstrasse 8 <b>8400 Winterthur</b>', 'lat': 47.49694061279297, 'links': [{'href': '/rest/services/ech/MapServer/ch.swisstopo.amtliches-gebaeudeadressverzeichnis/101501616', 'rel': 'related', 'title': 'ch.swisstopo.amtliches-gebaeudeadressverzeichnis'}, {'href': '/rest/services/ech/MapServer/ch.bfs.gebaeude_wohnungs_register/201010025_5', 'rel': 'related', 'title': 'ch.bfs.gebaeude_wohnungs_register'}], 'lon': 8.722524642944336, 'num': 8, 'objectclass': '', 'origin': 'address', 'rank': 7, 'x': 8.722524642944336, 'y': 47.49694061279297, 'zoomlevel': 10}, 'id': 2798500, 'weight': 1}","Frohbergstrasse 8, 8400 Winterthur"
437,success,Geocoding successful.,47.4967155456543,8.722251892089844,Frohbergstrasse 14 <b>8400 Winterthur</b>,201010025_2,"{'attrs': {'detail': 'frohbergstrasse 14 8400 winterthur 230 winterthur ch zh', 'featureId': '201010025_2', 'geom_quadindex': '030010211300123212330', 'geom_st_box2d': 'BOX(8.722239 47.496719,8.722239 47.496719)', 'label': 'Frohbergstrasse 14 <b>8400 Winterthur</b>', 'lat': 47.4967155456543, 'links': [{'href': '/rest/services/ech/MapServer/ch.swisstopo.amtliches-gebaeudeadressverzeichnis/101495427', 'rel': 'related', 'title': 'ch.swisstopo.amtliches-gebaeudeadressverzeichnis'}, {'href': '/rest/services/ech/MapServer/ch.bfs.gebaeude_wohnungs_register/201010025_2', 'rel': 'related', 'title': 'ch.bfs.gebaeude_wohnungs_register'}], 'lon': 8.722251892089844, 'num': 14, 'objectclass': '', 'origin': 'address', 'rank': 7, 'x': 8.722251892089844, 'y': 47.4967155456543, 'zoomlevel': 10}, 'id': 2629220, 'weight': 1}","Frohbergstrasse 14, 8400 Winterthur"
438,success,Geocoding successful.,47.496639251708984,8.72215461730957,Frohbergstrasse 16 <b>8400 Winterthur</b>,201010025_3,"{'attrs': {'detail': 'frohbergstrasse 16 8400 winterthur 230 winterthur ch zh', 'featureId': '201010025_3', 'geom_quadindex': '030010211300301000130', 'geom_st_box2d': 'BOX(8.722142 47.49664,8.722142 47.49664)', 'label': 'Frohbergstrasse 16 <b>8400 Winterthur</b>', 'lat': 47.496639251708984, 'links': [{'href': '/rest/services/ech/MapServer/ch.swisstopo.amtliches-gebaeudeadressverzeichnis/101458823', 'rel': 'related', 'title': 'ch.swisstopo.amtliches-gebaeudeadressverzeichnis'}, {'href': '/rest/services/ech/MapServer/ch.bfs.gebaeude_wohnungs_register/201010025_3', 'rel': 'related', 'title': 'ch.bfs.gebaeude_wohnungs_register'}], 'lon': 8.72215461730957, 'num': 16, 'objectclass': '', 'origin': 'address', 'rank': 7, 'x': 8.72215461730957, 'y': 47.496639251708984, 'zoomlevel': 10}, 'id': 2892055, 'weight': 1}","Frohbergstrasse 16, 8400 Winterthur"
439,success,Geocoding successful.,47.496788024902344,8.72234058380127,Frohbergstrasse 12 <b>8400 Winterthur</b>,201010025_1,"{'attrs': {'detail': 'frohbergstrasse 12 8400 winterthur 230 winterthur ch zh', 'featureId': '201010025_1', 'geom_quadindex': '030010211300123122300', 'geom_st_box2d': 'BOX(8.722328 47.496792,8.722328 47.496792)', 'label': 'Frohbergstrasse 12 <b>8400 Winterthur</b>', 'lat': 47.496788024902344, 'links': [{'href': '/rest/services/ech/MapServer/ch.swisstopo.amtliches-gebaeudeadressverzeichnis/101647459', 'rel': 'related', 'title': 'ch.swisstopo.amtliches-gebaeudeadressverzeichnis'}, {'href': '/rest/services/ech/MapServer/ch.bfs.gebaeude_wohnungs_register/201010025_1', 'rel': 'related', 'title': 'ch.bfs.gebaeude_wohnungs_register'}], 'lon': 8.72234058380127, 'num': 12, 'objectclass': '', 'origin': 'address', 'rank': 7, 'x': 8.72234058380127, 'y': 47.496788024902344, 'zoomlevel': 10}, 'id': 2790993, 'weight': 1}","Frohbergstrasse 12, 8400 Winterthur"
440,success,Geocoding successful.,47.53073501586914,8.751821517944336,Gusslistrasse 30 <b>8404 Reutlingen (Winterthur)</b>,1155329_0,"{'attrs': {'detail': 'gusslistrasse 30 8404 reutlingen _winterthur_ 230 winterthur ch zh', 'featureId': '1155329_0', 'geom_quadindex': '030010120301113023110', 'geom_st_box2d': 'BOX(8.751809 47.530737,8.751809 47.530737)', 'label': 'Gusslistrasse 30 <b>8404 Reutlingen (Winterthur)</b>', 'lat': 47.53073501586914, 'links': [{'href': '/rest/services/ech/MapServer/ch.swisstopo.amtliches-gebaeudeadressverzeichnis/100825830', 'rel': 'related', 'title': 'ch.swisstopo.amtliches-gebaeudeadressverzeichnis'}, {'href': '/rest/services/ech/MapServer/ch.bfs.gebaeude_wohnungs_register/1155329_0', 'rel': 'related', 'title': 'ch.bfs.gebaeude_wohnungs_register'}], 'lon': 8.751821517944336, 'num': 30, 'objectclass': '', 'origin': 'address', 'rank': 7, 'x': 8.751821517944336, 'y': 47.53073501586914, 'zoomlevel': 10}, 'id': 2335999, 'weight': 1}","Gusslistrasse 30, 8404 Reutlingen"
441,success,Geocoding successful.,47.49845504760742,8.76364517211914,Ohrbühlstrasse 4 <b>8404 Winterthur</b>,1154767_1,"{'attrs': {'detail': 'ohrbuehlstrasse 4 8404 winterthur 230 winterthur ch zh', 'featureId': '1154767_1', 'geom_quadindex': '030010301023133121233', 'geom_st_box2d': 'BOX(8.763633 47.498456,8.763633 47.498456)', 'label': 'Ohrbühlstrasse 4 <b>8404 Winterthur</b>', 'lat': 47.49845504760742, 'links': [{'href': '/rest/services/ech/MapServer/ch.swisstopo.amtliches-gebaeudeadressverzeichnis/101886775', 'rel': 'related', 'title': 'ch.swisstopo.amtliches-gebaeudeadressverzeichnis'}, {'href': '/rest/services/ech/MapServer/ch.bfs.gebaeude_wohnungs_register/1154767_1', 'rel': 'related', 'title': 'ch.bfs.gebaeude_wohnungs_register'}], 'lon': 8.76364517211914, 'num': 4, 'objectclass': '', 'origin': 'address', 'rank': 7, 'x': 8.76364517211914, 'y': 47.49845504760742, 'zoomlevel': 10}, 'id': 2906054, 'weight': 1}","Ohrbühlstrasse 4, 8404 Winterthur"
442,success,Geocoding successful.,47.497886657714844,8.763290405273438,Seenerstrasse 139 <b>8404 Winterthur</b>,1154767_0,"{'attrs': {'detail': 'seenerstrasse 139 8404 winterthur 230 winterthur ch zh', 'featureId': '1154767_0', 'geom_quadindex': '030010301023312310031', 'geom_st_box2d': 'BOX(8.763278 47.49789,8.763278 47.49789)', 'label': 'Seenerstrasse 139 <b>8404 Winterthur</b>', 'lat': 47.497886657714844, 'links': [{'href': '/rest/services/ech/MapServer/ch.swisstopo.amtliches-gebaeudeadressverzeichnis/100806086', 'rel': 'related', 'title': 'ch.swisstopo.amtliches-gebaeudeadressverzeichnis'}, {'href': '/rest/services/ech/MapServer/ch.bfs.gebaeude_wohnungs_register/1154767_0', 'rel': 'related', 'title': 'ch.bfs.gebaeude_wohnungs_register'}], 'lon': 8.763290405273438, 'num': 139, 'objectclass': '', 'origin': 'address', 'rank': 7, 'x': 8.763290405273438, 'y': 47.497886657714844, 'zoomlevel': 10}, 'id': 1980808, 'weight': 1}","Seenerstrasse 139, 8404 Winterthur"
443,success,Geocoding successful.,47.50082015991211,8.732916831970215,Stadthausstrasse 4 <b>8400 Winterthur</b>,1150008_0,"{'attrs': {'detail': 'stadthausstrasse 4 8400 winterthur 230 winterthur ch zh', 'featureId': '1150008_0', 'geom_quadindex': '030010300020022302202', 'geom_st_box2d': 'BOX(8.732905 47.500823,8.732905 47.500823)', 'label': 'Stadthausstrasse 4 <b>8400 Winterthur</b>', 'lat': 47.50082015991211, 'links': [{'href': '/rest/services/ech/MapServer/ch.swisstopo.amtliches-gebaeudeadressverzeichnis/100780161', 'rel': 'related', 'title': 'ch.swisstopo.amtliches-gebaeudeadressverzeichnis'}, {'href': '/rest/services/ech/MapServer/ch.bfs.gebaeude_wohnungs_register/1150008_0', 'rel': 'related', 'title': 'ch.bfs.gebaeude_wohnungs_register'}], 'lon': 8.732916831970215, 'num': 4, 'objectclass': '', 'origin': 'address', 'rank': 7, 'x': 8.732916831970215, 'y': 47.50082015991211, 'zoomlevel': 10}, 'id': 2076115, 'weight': 1}","Stadthausstrasse 4, 8400 Winterthur"
444,success,Geocoding successful.,47.507476806640625,8.751547813415527,Talackerstrasse 17 <b>8404 Winterthur</b>,1153369_0,"{'attrs': {'detail': 'talackerstrasse 17 8404 winterthur 230 winterthur ch zh', 'featureId': '1153369_0', 'geom_quadindex': '030010122332002202002', 'geom_st_box2d': 'BOX(8.751536 47.50748,8.751536 47.50748)', 'label': 'Talackerstrasse 17 <b>8404 Winterthur</b>', 'lat': 47.507476806640625, 'links': [{'href': '/rest/services/ech/MapServer/ch.swisstopo.amtliches-gebaeudeadressverzeichnis/100820259', 'rel': 'related', 'title': 'ch.swisstopo.amtliches-gebaeudeadressverzeichnis'}, {'href': '/rest/services/ech/MapServer/ch.bfs.gebaeude_wohnungs_register/1153369_0', 'rel': 'related', 'title': 'ch.bfs.gebaeude_wohnungs_register'}], 'lon': 8.751547813415527, 'num': 17, 'objectclass': '', 'origin': 'address', 'rank': 7, 'x': 8.751547813415527, 'y': 47.507476806640625, 'zoomlevel': 10}, 'id': 2505364, 'weight': 1}","Talackerstrasse 17, 8404 Winterthur"
445,success,Geocoding successful.,47.49683380126953,8.72223949432373,Untere Vogelsangstrasse 11a <b>8400 Winterthur</b>,201010025_6,"{'attrs': {'detail': 'untere vogelsangstrasse 11a 8400 winterthur 230 winterthur ch zh', 'featureId': '201010025_6', 'geom_quadindex': '030010211300123030031', 'geom_st_box2d': 'BOX(8.722227 47.496835,8.722227 47.496835)', 'label': 'Untere Vogelsangstrasse 11a <b>8400 Winterthur</b>', 'lat': 47.49683380126953, 'links': [{'href': '/rest/services/ech/MapServer/ch.swisstopo.amtliches-gebaeudeadressverzeichnis/102602888', 'rel': 'related', 'title': 'ch.swisstopo.amtliches-gebaeudeadressverzeichnis'}, {'href': '/rest/services/ech/MapServer/ch.bfs.gebaeude_wohnungs_register/201010025_6', 'rel': 'related', 'title': 'ch.bfs.gebaeude_wohnungs_register'}], 'lon': 8.72223949432373, 'num': 11, 'objectclass': '', 'origin': 'address', 'rank': 7, 'x': 8.72223949432373, 'y': 47.49683380126953, 'zoomlevel': 10}, 'id': 2587815, 'weight': 1}","Untere Vogelsangstrasse 11a, 8400 Winterthur"
446,success,Geocoding successful.,47.49739456176758,8.722968101501465,Untere Vogelsangstrasse 11 <b>8400 Winterthur</b>,210226857_0,"{'attrs': {'detail': 'untere vogelsangstrasse 11 8400 winterthur 230 winterthur ch zh', 'featureId': '210226857_0', 'geom_quadindex': '030010211300113003001', 'geom_st_box2d': 'BOX(8.722955 47.497395,8.722955 47.497395)', 'label': 'Untere Vogelsangstrasse 11 <b>8400 Winterthur</b>', 'lat': 47.49739456176758, 'links': [{'href': '/rest/services/ech/MapServer/ch.swisstopo.amtliches-gebaeudeadressverzeichnis/102456808', 'rel': 'related', 'title': 'ch.swisstopo.amtliches-gebaeudeadressverzeichnis'}, {'href': '/rest/services/ech/MapServer/ch.bfs.gebaeude_wohnungs_register/210226857_0', 'rel': 'related', 'title': 'ch.bfs.gebaeude_wohnungs_register'}], 'lon': 8.722968101501465, 'num': 11, 'objectclass': '', 'origin': 'address', 'rank': 7, 'x': 8.722968101501465, 'y': 47.49739456176758, 'zoomlevel': 10}, 'id': 2859603, 'weight': 1}","Untere Vogelsangstrasse 11, 8400 Winterthur"
447,success,Geocoding successful.,47.51974868774414,8.716303825378418,Eichliwaldstrasse 4a <b>8400 Winterthur</b>,9083995_1,"{'attrs': {'detail': 'eichliwaldstrasse 4a 8400 winterthur 230 winterthur ch zh', 'featureId': '9083995_1', 'geom_quadindex': '030010033012300300313', 'geom_st_box2d': 'BOX(8.71629 47.51975,8.71629 47.51975)', 'label': 'Eichliwaldstrasse 4a <b>8400 Winterthur</b>', 'lat': 47.51974868774414, 'links': [{'href': '/rest/services/ech/MapServer/ch.swisstopo.amtliches-gebaeudeadressverzeichnis/101811803', 'rel': 'related', 'title': 'ch.swisstopo.amtliches-gebaeudeadressverzeichnis'}, {'href': '/rest/services/ech/MapServer/ch.bfs.gebaeude_wohnungs_register/9083995_1', 'rel': 'related', 'title': 'ch.bfs.gebaeude_wohnungs_register'}], 'lon': 8.716303825378418, 'num': 4, 'objectclass': '', 'origin': 'address', 'rank': 7, 'x': 8.716303825378418, 'y': 47.51974868774414, 'zoomlevel': 10}, 'id': 2805588, 'weight': 1}","Eichliwaldstrasse 4a, 8400 Winterthur"
448,success,Geocoding successful.,47.519676208496094,8.716428756713867,Eichliwaldstrasse 4 <b>8400 Winterthur</b>,9083995_0,"{'attrs': {'detail': 'eichliwaldstrasse 4 8400 winterthur 230 winterthur ch zh', 'featureId': '9083995_0', 'geom_quadindex': '030010033012300331320', 'geom_st_box2d': 'BOX(8.716416 47.51968,8.716416 47.51968)', 'label': 'Eichliwaldstrasse 4 <b>8400 Winterthur</b>', 'lat': 47.519676208496094, 'links': [{'href': '/rest/services/ech/MapServer/ch.swisstopo.amtliches-gebaeudeadressverzeichnis/101365735', 'rel': 'related', 'title': 'ch.swisstopo.amtliches-gebaeudeadressverzeichnis'}, {'href': '/rest/services/ech/MapServer/ch.bfs.gebaeude_wohnungs_register/9083995_0', 'rel': 'related', 'title': 'ch.bfs.gebaeude_wohnungs_register'}], 'lon': 8.716428756713867, 'num': 4, 'objectclass': '', 'origin': 'address', 'rank': 7, 'x': 8.716428756713867, 'y': 47.519676208496094, 'zoomlevel': 10}, 'id': 2617538, 'weight': 1}","Eichliwaldstrasse 4, 8400 Winterthur"
449,success,Geocoding successful.,47.50859069824219,8.77134895324707,Hegifeldstrasse 127 <b>8409 Winterthur</b>,201034108_0,"{'attrs': {'detail': 'hegifeldstrasse 127 8409 winterthur 230 winterthur ch zh', 'featureId': '201034108_0', 'geom_quadindex': '030010123320210310301', 'geom_st_box2d': 'BOX(8.771337 47.508592,8.771337 47.508592)', 'label': 'Hegifeldstrasse 127 <b>8409 Winterthur</b>', 'lat': 47.50859069824219, 'links': [{'href': '/rest/services/ech/MapServer/ch.swisstopo.amtliches-gebaeudeadressverzeichnis/101675890', 'rel': 'related', 'title': 'ch.swisstopo.amtliches-gebaeudeadressverzeichnis'}, {'href': '/rest/services/ech/MapServer/ch.bfs.gebaeude_wohnungs_register/201034108_0', 'rel': 'related', 'title': 'ch.bfs.gebaeude_wohnungs_register'}], 'lon': 8.77134895324707, 'num': 127, 'objectclass': '', 'origin': 'address', 'rank': 7, 'x': 8.77134895324707, 'y': 47.50859069824219, 'zoomlevel': 10}, 'id': 1902590, 'weight': 1}","Hegifeldstrasse 127, 8409 Winterthur"
450,success,Geocoding successful.,47.491607666015625,8.729154586791992,Nussbaumweg 7 <b>8400 Winterthur</b>,2323664_0,"{'attrs': {'detail': 'nussbaumweg 7 8400 winterthur 230 winterthur ch zh', 'featureId': '2323664_0', 'geom_quadindex': '030010211330331231210', 'geom_st_box2d': 'BOX(8.729142 47.491611,8.729142 47.491611)', 'label': 'Nussbaumweg 7 <b>8400 Winterthur</b>', 'lat': 47.491607666015625, 'links': [{'href': '/rest/services/ech/MapServer/ch.swisstopo.amtliches-gebaeudeadressverzeichnis/101160246', 'rel': 'related', 'title': 'ch.swisstopo.amtliches-gebaeudeadressverzeichnis'}, {'href': '/rest/services/ech/MapServer/ch.bfs.gebaeude_wohnungs_register/2323664_0', 'rel': 'related', 'title': 'ch.bfs.gebaeude_wohnungs_register'}], 'lon': 8.729154586791992, 'num': 7, 'objectclass': '', 'origin': 'address', 'rank': 7, 'x': 8.729154586791992, 'y': 47.491607666015625, 'zoomlevel': 10}, 'id': 2044649, 'weight': 1}","Nussbaumweg 7, 8400 Winterthur"
451,success,Geocoding successful.,47.50834274291992,8.696198463439941,Eckwiesenstrasse 2 <b>8408 Winterthur</b>,1160475_0,"{'attrs': {'detail': 'eckwiesenstrasse 2 8408 winterthur 230 winterthur ch zh', 'featureId': '1160475_0', 'geom_quadindex': '030010032322001303200', 'geom_st_box2d': 'BOX(8.696185 47.508344,8.696185 47.508344)', 'label': 'Eckwiesenstrasse 2 <b>8408 Winterthur</b>', 'lat': 47.50834274291992, 'links': [{'href': '/rest/services/ech/MapServer/ch.swisstopo.amtliches-gebaeudeadressverzeichnis/100806362', 'rel': 'related', 'title': 'ch.swisstopo.amtliches-gebaeudeadressverzeichnis'}, {'href': '/rest/services/ech/MapServer/ch.bfs.gebaeude_wohnungs_register/1160475_0', 'rel': 'related', 'title': 'ch.bfs.gebaeude_wohnungs_register'}], 'lon': 8.696198463439941, 'num': 2, 'objectclass': '', 'origin': 'address', 'rank': 7, 'x': 8.696198463439941, 'y': 47.50834274291992, 'zoomlevel': 10}, 'id': 2798164, 'weight': 1}","Eckwiesenstrasse 2, 8408 Winterthur"
452,success,Geocoding successful.,47.520694732666016,8.755914688110352,Im Langen 5 <b>8404 Winterthur</b>,1155221_0,"{'attrs': {'detail': 'im langen 5 8404 winterthur 230 winterthur ch zh', 'featureId': '1155221_0', 'geom_quadindex': '030010122111232031022', 'geom_st_box2d': 'BOX(8.755902 47.520698,8.755902 47.520698)', 'label': 'Im Langen 5 <b>8404 Winterthur</b>', 'lat': 47.520694732666016, 'links': [{'href': '/rest/services/ech/MapServer/ch.swisstopo.amtliches-gebaeudeadressverzeichnis/100825392', 'rel': 'related', 'title': 'ch.swisstopo.amtliches-gebaeudeadressverzeichnis'}, {'href': '/rest/services/ech/MapServer/ch.bfs.gebaeude_wohnungs_register/1155221_0', 'rel': 'related', 'title': 'ch.bfs.gebaeude_wohnungs_register'}], 'lon': 8.755914688110352, 'num': 5, 'objectclass': '', 'origin': 'address', 'rank': 7, 'x': 8.755914688110352, 'y': 47.520694732666016, 'zoomlevel': 10}, 'id': 2672285, 'weight': 1}","Im Langen 5, 8404 Winterthur"
453,success,Geocoding successful.,47.50482177734375,8.772729873657227,Rümikerstrasse 37 <b>8409 Winterthur</b>,201036273_0,"{'attrs': {'detail': 'ruemikerstrasse 37 8409 winterthur 230 winterthur ch zh', 'featureId': '201036273_0', 'geom_quadindex': '030010301100130321022', 'geom_st_box2d': 'BOX(8.772718 47.504824,8.772718 47.504824)', 'label': 'Rümikerstrasse 37 <b>8409 Winterthur</b>', 'lat': 47.50482177734375, 'links': [{'href': '/rest/services/ech/MapServer/ch.swisstopo.amtliches-gebaeudeadressverzeichnis/101678662', 'rel': 'related', 'title': 'ch.swisstopo.amtliches-gebaeudeadressverzeichnis'}, {'href': '/rest/services/ech/MapServer/ch.bfs.gebaeude_wohnungs_register/201036273_0', 'rel': 'related', 'title': 'ch.bfs.gebaeude_wohnungs_register'}], 'lon': 8.772729873657227, 'num': 37, 'objectclass': '', 'origin': 'address', 'rank': 7, 'x': 8.772729873657227, 'y': 47.50482177734375, 'zoomlevel': 10}, 'id': 2738863, 'weight': 1}","Rümikerstrasse 37, 8409 Winterthur"
454,success,Geocoding successful.,47.50442886352539,8.754864692687988,Talwiesenstrasse 2 <b>8404 Winterthur</b>,201031370_0,"{'attrs': {'detail': 'talwiesenstrasse 2 8404 winterthur 230 winterthur ch zh', 'featureId': '201031370_0', 'geom_quadindex': '030010300111202101310', 'geom_st_box2d': 'BOX(8.754853 47.504432,8.754853 47.504432)', 'label': 'Talwiesenstrasse 2 <b>8404 Winterthur</b>', 'lat': 47.50442886352539, 'links': [{'href': '/rest/services/ech/MapServer/ch.swisstopo.amtliches-gebaeudeadressverzeichnis/101687107', 'rel': 'related', 'title': 'ch.swisstopo.amtliches-gebaeudeadressverzeichnis'}, {'href': '/rest/services/ech/MapServer/ch.bfs.gebaeude_wohnungs_register/201031370_0', 'rel': 'related', 'title': 'ch.bfs.gebaeude_wohnungs_register'}], 'lon': 8.754864692687988, 'num': 2, 'objectclass': '', 'origin': 'address', 'rank': 7, 'x': 8.754864692687988, 'y': 47.50442886352539, 'zoomlevel': 10}, 'id': 2051722, 'weight': 1}","Talwiesenstrasse 2, 8404 Winterthur"
455,success,Geocoding successful.,47.519309997558594,8.715079307556152,Eichliwaldstrasse 8 <b>8400 Winterthur</b>,201032961_0,"{'attrs': {'detail': 'eichliwaldstrasse 8 8400 winterthur 230 winterthur ch zh', 'featureId': '201032961_0', 'geom_quadindex': '030010033012221120022', 'geom_st_box2d': 'BOX(8.715067 47.519312,8.715067 47.519312)', 'label': 'Eichliwaldstrasse 8 <b>8400 Winterthur</b>', 'lat': 47.519309997558594, 'links': [{'href': '/rest/services/ech/MapServer/ch.swisstopo.amtliches-gebaeudeadressverzeichnis/101683602', 'rel': 'related', 'title': 'ch.swisstopo.amtliches-gebaeudeadressverzeichnis'}, {'href': '/rest/services/ech/MapServer/ch.bfs.gebaeude_wohnungs_register/201032961_0', 'rel': 'related', 'title': 'ch.bfs.gebaeude_wohnungs_register'}], 'lon': 8.715079307556152, 'num': 8, 'objectclass': '', 'origin': 'address', 'rank': 7, 'x': 8.715079307556152, 'y': 47.519309997558594, 'zoomlevel': 10}, 'id': 2443088, 'weight': 1}","Eichliwaldstrasse 8, 8400 Winterthur"
456,success,Geocoding successful.,47.508644104003906,8.70019817352295,Erlenstrasse 40 <b>8408 Winterthur</b>,2321934_0,"{'attrs': {'detail': 'erlenstrasse 40 8408 winterthur 230 winterthur ch zh', 'featureId': '2321934_0', 'geom_quadindex': '030010032321233133001', 'geom_st_box2d': 'BOX(8.700185 47.508647,8.700185 47.508647)', 'label': 'Erlenstrasse 40 <b>8408 Winterthur</b>', 'lat': 47.508644104003906, 'links': [{'href': '/rest/services/ech/MapServer/ch.swisstopo.amtliches-gebaeudeadressverzeichnis/101013859', 'rel': 'related', 'title': 'ch.swisstopo.amtliches-gebaeudeadressverzeichnis'}, {'href': '/rest/services/ech/MapServer/ch.bfs.gebaeude_wohnungs_register/2321934_0', 'rel': 'related', 'title': 'ch.bfs.gebaeude_wohnungs_register'}], 'lon': 8.70019817352295, 'num': 40, 'objectclass': '', 'origin': 'address', 'rank': 7, 'x': 8.70019817352295, 'y': 47.508644104003906, 'zoomlevel': 10}, 'id': 1933491, 'weight': 1}","Erlenstrasse 40, 8408 Winterthur"
457,success,Geocoding successful.,47.48655700683594,8.708967208862305,Rosenaustrasse 11 <b>8406 Winterthur</b>,201031710_0,"{'attrs': {'detail': 'rosenaustrasse 11 8406 winterthur 230 winterthur ch zh', 'featureId': '201031710_0', 'geom_quadindex': '030010213002031330231', 'geom_st_box2d': 'BOX(8.708955 47.486557,8.708955 47.486557)', 'label': 'Rosenaustrasse 11 <b>8406 Winterthur</b>', 'lat': 47.48655700683594, 'links': [{'href': '/rest/services/ech/MapServer/ch.swisstopo.amtliches-gebaeudeadressverzeichnis/101670405', 'rel': 'related', 'title': 'ch.swisstopo.amtliches-gebaeudeadressverzeichnis'}, {'href': '/rest/services/ech/MapServer/ch.bfs.gebaeude_wohnungs_register/201031710_0', 'rel': 'related', 'title': 'ch.bfs.gebaeude_wohnungs_register'}], 'lon': 8.708967208862305, 'num': 11, 'objectclass': '', 'origin': 'address', 'rank': 7, 'x': 8.708967208862305, 'y': 47.48655700683594, 'zoomlevel': 10}, 'id': 2867665, 'weight': 1}","Rosenaustrasse 11, 8406 Winterthur"
458,success,Geocoding successful.,47.51347351074219,8.758092880249023,Stadlerstrasse 56 <b>8404 Winterthur</b>,1154244_0,"{'attrs': {'detail': 'stadlerstrasse 56 8404 winterthur 230 winterthur ch zh', 'featureId': '1154244_0', 'geom_quadindex': '030010123200020211320', 'geom_st_box2d': 'BOX(8.75808 47.513477,8.75808 47.513477)', 'label': 'Stadlerstrasse 56 <b>8404 Winterthur</b>', 'lat': 47.51347351074219, 'links': [{'href': '/rest/services/ech/MapServer/ch.swisstopo.amtliches-gebaeudeadressverzeichnis/100804223', 'rel': 'related', 'title': 'ch.swisstopo.amtliches-gebaeudeadressverzeichnis'}, {'href': '/rest/services/ech/MapServer/ch.bfs.gebaeude_wohnungs_register/1154244_0', 'rel': 'related', 'title': 'ch.bfs.gebaeude_wohnungs_register'}], 'lon': 8.758092880249023, 'num': 56, 'objectclass': '', 'origin': 'address', 'rank': 7, 'x': 8.758092880249023, 'y': 47.51347351074219, 'zoomlevel': 10}, 'id': 2090855, 'weight': 1}","Stadlerstrasse 56, 8404 Winterthur"
459,success,Geocoding successful.,47.48783493041992,8.711175918579102,Strittackerstrasse 29 <b>8406 Winterthur</b>,2325058_0,"{'attrs': {'detail': 'strittackerstrasse 29 8406 winterthur 230 winterthur ch zh', 'featureId': '2325058_0', 'geom_quadindex': '030010213001203233012', 'geom_st_box2d': 'BOX(8.711163 47.487835,8.711163 47.487835)', 'label': 'Strittackerstrasse 29 <b>8406 Winterthur</b>', 'lat': 47.48783493041992, 'links': [{'href': '/rest/services/ech/MapServer/ch.swisstopo.amtliches-gebaeudeadressverzeichnis/101164910', 'rel': 'related', 'title': 'ch.swisstopo.amtliches-gebaeudeadressverzeichnis'}, {'href': '/rest/services/ech/MapServer/ch.bfs.gebaeude_wohnungs_register/2325058_0', 'rel': 'related', 'title': 'ch.bfs.gebaeude_wohnungs_register'}], 'lon': 8.711175918579102, 'num': 29, 'objectclass': '', 'origin': 'address', 'rank': 7, 'x': 8.711175918579102, 'y': 47.48783493041992, 'zoomlevel': 10}, 'id': 1964760, 'weight': 1}","Strittackerstrasse 29, 8406 Winterthur"
460,success,Geocoding successful.,47.48759841918945,8.710887908935547,Strittackerstrasse 31 <b>8406 Winterthur</b>,1158129_0,"{'attrs': {'detail': 'strittackerstrasse 31 8406 winterthur 230 winterthur ch zh', 'featureId': '1158129_0', 'geom_quadindex': '030010213001220321033', 'geom_st_box2d': 'BOX(8.710876 47.487601,8.710876 47.487601)', 'label': 'Strittackerstrasse 31 <b>8406 Winterthur</b>', 'lat': 47.48759841918945, 'links': [{'href': '/rest/services/ech/MapServer/ch.swisstopo.amtliches-gebaeudeadressverzeichnis/100804467', 'rel': 'related', 'title': 'ch.swisstopo.amtliches-gebaeudeadressverzeichnis'}, {'href': '/rest/services/ech/MapServer/ch.bfs.gebaeude_wohnungs_register/1158129_0', 'rel': 'related', 'title': 'ch.bfs.gebaeude_wohnungs_register'}], 'lon': 8.710887908935547, 'num': 31, 'objectclass': '', 'origin': 'address', 'rank': 7, 'x': 8.710887908935547, 'y': 47.48759841918945, 'zoomlevel': 10}, 'id': 2810543, 'weight': 1}","Strittackerstrasse 31, 8406 Winterthur"
461,success,Geocoding successful.,47.5032958984375,8.753907203674316,Talwiesenstrasse 14 <b>8404 Winterthur</b>,1153659_0,"{'attrs': {'detail': 'talwiesenstrasse 14 8404 winterthur 230 winterthur ch zh', 'featureId': '1153659_0', 'geom_quadindex': '030010300112112032121', 'geom_st_box2d': 'BOX(8.753895 47.503298,8.753895 47.503298)', 'label': 'Talwiesenstrasse 14 <b>8404 Winterthur</b>', 'lat': 47.5032958984375, 'links': [{'href': '/rest/services/ech/MapServer/ch.swisstopo.amtliches-gebaeudeadressverzeichnis/100826162', 'rel': 'related', 'title': 'ch.swisstopo.amtliches-gebaeudeadressverzeichnis'}, {'href': '/rest/services/ech/MapServer/ch.bfs.gebaeude_wohnungs_register/1153659_0', 'rel': 'related', 'title': 'ch.bfs.gebaeude_wohnungs_register'}], 'lon': 8.753907203674316, 'num': 14, 'objectclass': '', 'origin': 'address', 'rank': 7, 'x': 8.753907203674316, 'y': 47.5032958984375, 'zoomlevel': 10}, 'id': 2035800, 'weight': 1}","Talwiesenstrasse 14, 8404 Winterthur"
462,success,Geocoding successful.,47.503265380859375,8.7543363571167,Talwiesenstrasse 18 <b>8404 Winterthur</b>,1153657_0,"{'attrs': {'detail': 'talwiesenstrasse 18 8404 winterthur 230 winterthur ch zh', 'featureId': '1153657_0', 'geom_quadindex': '030010300112113211100', 'geom_st_box2d': 'BOX(8.754325 47.503268,8.754325 47.503268)', 'label': 'Talwiesenstrasse 18 <b>8404 Winterthur</b>', 'lat': 47.503265380859375, 'links': [{'href': '/rest/services/ech/MapServer/ch.swisstopo.amtliches-gebaeudeadressverzeichnis/100826160', 'rel': 'related', 'title': 'ch.swisstopo.amtliches-gebaeudeadressverzeichnis'}, {'href': '/rest/services/ech/MapServer/ch.bfs.gebaeude_wohnungs_register/1153657_0', 'rel': 'related', 'title': 'ch.bfs.gebaeude_wohnungs_register'}], 'lon': 8.7543363571167, 'num': 18, 'objectclass': '', 'origin': 'address', 'rank': 7, 'x': 8.7543363571167, 'y': 47.503265380859375, 'zoomlevel': 10}, 'id': 2779045, 'weight': 1}","Talwiesenstrasse 18, 8404 Winterthur"
463,success,Geocoding successful.,47.503395080566406,8.754420280456543,Talwiesenstrasse 16 <b>8404 Winterthur</b>,1153658_0,"{'attrs': {'detail': 'talwiesenstrasse 16 8404 winterthur 230 winterthur ch zh', 'featureId': '1153658_0', 'geom_quadindex': '030010300112113101003', 'geom_st_box2d': 'BOX(8.754408 47.503396,8.754408 47.503396)', 'label': 'Talwiesenstrasse 16 <b>8404 Winterthur</b>', 'lat': 47.503395080566406, 'links': [{'href': '/rest/services/ech/MapServer/ch.swisstopo.amtliches-gebaeudeadressverzeichnis/100826161', 'rel': 'related', 'title': 'ch.swisstopo.amtliches-gebaeudeadressverzeichnis'}, {'href': '/rest/services/ech/MapServer/ch.bfs.gebaeude_wohnungs_register/1153658_0', 'rel': 'related', 'title': 'ch.bfs.gebaeude_wohnungs_register'}], 'lon': 8.754420280456543, 'num': 16, 'objectclass': '', 'origin': 'address', 'rank': 7, 'x': 8.754420280456543, 'y': 47.503395080566406, 'zoomlevel': 10}, 'id': 2087001, 'weight': 1}","Talwiesenstrasse 16, 8404 Winterthur"
464,success,Geocoding successful.,47.509002685546875,8.71965503692627,Löwenstrasse 5 <b>8400 Winterthur</b>,1158243_0,"{'attrs': {'detail': 'loewenstrasse 5 8400 winterthur 230 winterthur ch zh', 'featureId': '1158243_0', 'geom_quadindex': '030010033231303113221', 'geom_st_box2d': 'BOX(8.719642 47.509003,8.719642 47.509003)', 'label': 'Löwenstrasse 5 <b>8400 Winterthur</b>', 'lat': 47.509002685546875, 'links': [{'href': '/rest/services/ech/MapServer/ch.swisstopo.amtliches-gebaeudeadressverzeichnis/100806510', 'rel': 'related', 'title': 'ch.swisstopo.amtliches-gebaeudeadressverzeichnis'}, {'href': '/rest/services/ech/MapServer/ch.bfs.gebaeude_wohnungs_register/1158243_0', 'rel': 'related', 'title': 'ch.bfs.gebaeude_wohnungs_register'}], 'lon': 8.71965503692627, 'num': 5, 'objectclass': '', 'origin': 'address', 'rank': 7, 'x': 8.71965503692627, 'y': 47.509002685546875, 'zoomlevel': 10}, 'id': 1934873, 'weight': 1}","Löwenstrasse 5, 8400 Winterthur"
465,success,Geocoding successful.,47.508575439453125,8.719817161560059,Löwenstrasse 7 <b>8400 Winterthur</b>,2324411_0,"{'attrs': {'detail': 'loewenstrasse 7 8400 winterthur 230 winterthur ch zh', 'featureId': '2324411_0', 'geom_quadindex': '030010033231330230310', 'geom_st_box2d': 'BOX(8.719804 47.508579,8.719804 47.508579)', 'label': 'Löwenstrasse 7 <b>8400 Winterthur</b>', 'lat': 47.508575439453125, 'links': [{'href': '/rest/services/ech/MapServer/ch.swisstopo.amtliches-gebaeudeadressverzeichnis/101164846', 'rel': 'related', 'title': 'ch.swisstopo.amtliches-gebaeudeadressverzeichnis'}, {'href': '/rest/services/ech/MapServer/ch.bfs.gebaeude_wohnungs_register/2324411_0', 'rel': 'related', 'title': 'ch.bfs.gebaeude_wohnungs_register'}], 'lon': 8.719817161560059, 'num': 7, 'objectclass': '', 'origin': 'address', 'rank': 7, 'x': 8.719817161560059, 'y': 47.508575439453125, 'zoomlevel': 10}, 'id': 2491627, 'weight': 1}","Löwenstrasse 7, 8400 Winterthur"
466,success,Geocoding successful.,47.508087158203125,8.720056533813477,Schützenstrasse 73a <b>8400 Winterthur</b>,201033019_0,"{'attrs': {'detail': 'schuetzenstrasse 73a 8400 winterthur 230 winterthur ch zh', 'featureId': '201033019_0', 'geom_quadindex': '030010033233110313133', 'geom_st_box2d': 'BOX(8.720043 47.508089,8.720043 47.508089)', 'label': 'Schützenstrasse 73a <b>8400 Winterthur</b>', 'lat': 47.508087158203125, 'links': [{'href': '/rest/services/ech/MapServer/ch.swisstopo.amtliches-gebaeudeadressverzeichnis/101684887', 'rel': 'related', 'title': 'ch.swisstopo.amtliches-gebaeudeadressverzeichnis'}, {'href': '/rest/services/ech/MapServer/ch.bfs.gebaeude_wohnungs_register/201033019_0', 'rel': 'related', 'title': 'ch.bfs.gebaeude_wohnungs_register'}], 'lon': 8.720056533813477, 'num': 73, 'objectclass': '', 'origin': 'address', 'rank': 7, 'x': 8.720056533813477, 'y': 47.508087158203125, 'zoomlevel': 10}, 'id': 1983359, 'weight': 1}","Schützenstrasse 73a, 8400 Winterthur"
467,success,Geocoding successful.,47.49742889404297,8.758179664611816,St. Gallerstrasse 184 <b>8404 Winterthur</b>,201022444_0,"{'attrs': {'detail': 'st. gallerstrasse 184 8404 winterthur 230 winterthur ch zh', 'featureId': '201022444_0', 'geom_quadindex': '030010301022223123322', 'geom_st_box2d': 'BOX(8.758168 47.497432,8.758168 47.497432)', 'label': 'St. Gallerstrasse 184 <b>8404 Winterthur</b>', 'lat': 47.49742889404297, 'links': [{'href': '/rest/services/ech/MapServer/ch.swisstopo.amtliches-gebaeudeadressverzeichnis/101443240', 'rel': 'related', 'title': 'ch.swisstopo.amtliches-gebaeudeadressverzeichnis'}, {'href': '/rest/services/ech/MapServer/ch.bfs.gebaeude_wohnungs_register/201022444_0', 'rel': 'related', 'title': 'ch.bfs.gebaeude_wohnungs_register'}], 'lon': 8.758179664611816, 'num': 184, 'objectclass': '', 'origin': 'address', 'rank': 7, 'x': 8.758179664611816, 'y': 47.49742889404297, 'zoomlevel': 10}, 'id': 2102304, 'weight': 1}","St. Gallerstrasse 184, 8404 Winterthur"
468,success,Geocoding successful.,47.50313186645508,8.716229438781738,Walkestrasse 4 <b>8400 Winterthur</b>,1152553_0,"{'attrs': {'detail': 'walkestrasse 4 8400 winterthur 230 winterthur ch zh', 'featureId': '1152553_0', 'geom_quadindex': '030010211012123213101', 'geom_st_box2d': 'BOX(8.716217 47.503135,8.716217 47.503135)', 'label': 'Walkestrasse 4 <b>8400 Winterthur</b>', 'lat': 47.50313186645508, 'links': [{'href': '/rest/services/ech/MapServer/ch.swisstopo.amtliches-gebaeudeadressverzeichnis/100822227', 'rel': 'related', 'title': 'ch.swisstopo.amtliches-gebaeudeadressverzeichnis'}, {'href': '/rest/services/ech/MapServer/ch.bfs.gebaeude_wohnungs_register/1152553_0', 'rel': 'related', 'title': 'ch.bfs.gebaeude_wohnungs_register'}], 'lon': 8.716229438781738, 'num': 4, 'objectclass': '', 'origin': 'address', 'rank': 7, 'x': 8.716229438781738, 'y': 47.50313186645508, 'zoomlevel': 10}, 'id': 2362619, 'weight': 1}","Walkestrasse 4, 8400 Winterthur"
469,success,Geocoding successful.,47.489227294921875,8.767230033874512,Arbergstrasse 24 <b>8405 Winterthur</b>,201035294_0,"{'attrs': {'detail': 'arbergstrasse 24 8405 winterthur 230 winterthur ch zh', 'featureId': '201035294_0', 'geom_quadindex': '030010301233221013331', 'geom_st_box2d': 'BOX(8.767218 47.489228,8.767218 47.489228)', 'label': 'Arbergstrasse 24 <b>8405 Winterthur</b>', 'lat': 47.489227294921875, 'links': [{'href': '/rest/services/ech/MapServer/ch.swisstopo.amtliches-gebaeudeadressverzeichnis/101688411', 'rel': 'related', 'title': 'ch.swisstopo.amtliches-gebaeudeadressverzeichnis'}, {'href': '/rest/services/ech/MapServer/ch.bfs.gebaeude_wohnungs_register/201035294_0', 'rel': 'related', 'title': 'ch.bfs.gebaeude_wohnungs_register'}], 'lon': 8.767230033874512, 'num': 24, 'objectclass': '', 'origin': 'address', 'rank': 7, 'x': 8.767230033874512, 'y': 47.489227294921875, 'zoomlevel': 10}, 'id': 2581898, 'weight': 1}","Arbergstrasse 24, 8405 Winterthur"
470,success,Geocoding successful.,47.51555633544922,8.669086456298828,Im Bruni 14 <b>8408 Winterthur</b>,201033333_0,"{'attrs': {'detail': 'im bruni 14 8408 winterthur 230 winterthur ch zh', 'featureId': '201033333_0', 'geom_quadindex': '030010023033231033133', 'geom_st_box2d': 'BOX(8.669073 47.51556,8.669073 47.51556)', 'label': 'Im Bruni 14 <b>8408 Winterthur</b>', 'lat': 47.51555633544922, 'links': [{'href': '/rest/services/ech/MapServer/ch.swisstopo.amtliches-gebaeudeadressverzeichnis/101688228', 'rel': 'related', 'title': 'ch.swisstopo.amtliches-gebaeudeadressverzeichnis'}, {'href': '/rest/services/ech/MapServer/ch.bfs.gebaeude_wohnungs_register/201033333_0', 'rel': 'related', 'title': 'ch.bfs.gebaeude_wohnungs_register'}], 'lon': 8.669086456298828, 'num': 14, 'objectclass': '', 'origin': 'address', 'rank': 7, 'x': 8.669086456298828, 'y': 47.51555633544922, 'zoomlevel': 10}, 'id': 2667517, 'weight': 1}","Im Bruni 14, 8408 Winterthur"
471,success,Geocoding successful.,47.50006103515625,8.7317476272583,Obertor 32 <b>8400 Winterthur</b>,201010056_1,"{'attrs': {'detail': 'obertor 32 8400 winterthur 230 winterthur ch zh', 'featureId': '201010056_1', 'geom_quadindex': '030010211131321302011', 'geom_st_box2d': 'BOX(8.731735 47.500065,8.731735 47.500065)', 'label': 'Obertor 32 <b>8400 Winterthur</b>', 'lat': 47.50006103515625, 'links': [{'href': '/rest/services/ech/MapServer/ch.swisstopo.amtliches-gebaeudeadressverzeichnis/101495418', 'rel': 'related', 'title': 'ch.swisstopo.amtliches-gebaeudeadressverzeichnis'}, {'href': '/rest/services/ech/MapServer/ch.bfs.gebaeude_wohnungs_register/201010056_1', 'rel': 'related', 'title': 'ch.bfs.gebaeude_wohnungs_register'}], 'lon': 8.7317476272583, 'num': 32, 'objectclass': '', 'origin': 'address', 'rank': 7, 'x': 8.7317476272583, 'y': 47.50006103515625, 'zoomlevel': 10}, 'id': 2254124, 'weight': 1}","Obertor 32, 8400 Winterthur"
472,success,Geocoding successful.,47.50923538208008,8.754372596740723,Pestalozzistrasse 21 <b>8404 Winterthur</b>,1153181_0,"{'attrs': {'detail': 'pestalozzistrasse 21 8404 winterthur 230 winterthur ch zh', 'featureId': '1153181_0', 'geom_quadindex': '030010122330131221223', 'geom_st_box2d': 'BOX(8.754361 47.509236,8.754361 47.509236)', 'label': 'Pestalozzistrasse 21 <b>8404 Winterthur</b>', 'lat': 47.50923538208008, 'links': [{'href': '/rest/services/ech/MapServer/ch.swisstopo.amtliches-gebaeudeadressverzeichnis/100818341', 'rel': 'related', 'title': 'ch.swisstopo.amtliches-gebaeudeadressverzeichnis'}, {'href': '/rest/services/ech/MapServer/ch.bfs.gebaeude_wohnungs_register/1153181_0', 'rel': 'related', 'title': 'ch.bfs.gebaeude_wohnungs_register'}], 'lon': 8.754372596740723, 'num': 21, 'objectclass': '', 'origin': 'address', 'rank': 7, 'x': 8.754372596740723, 'y': 47.50923538208008, 'zoomlevel': 10}, 'id': 2870355, 'weight': 1}","Pestalozzistrasse 21, 8404 Winterthur"
473,success,Geocoding successful.,47.50937271118164,8.691869735717773,Rappstrasse 1a <b>8408 Winterthur</b>,201033128_0,"{'attrs': {'detail': 'rappstrasse 1a 8408 winterthur 230 winterthur ch zh', 'featureId': '201033128_0', 'geom_quadindex': '030010032230310233302', 'geom_st_box2d': 'BOX(8.691856 47.509375,8.691856 47.509375)', 'label': 'Rappstrasse 1a <b>8408 Winterthur</b>', 'lat': 47.50937271118164, 'links': [{'href': '/rest/services/ech/MapServer/ch.swisstopo.amtliches-gebaeudeadressverzeichnis/101686126', 'rel': 'related', 'title': 'ch.swisstopo.amtliches-gebaeudeadressverzeichnis'}, {'href': '/rest/services/ech/MapServer/ch.bfs.gebaeude_wohnungs_register/201033128_0', 'rel': 'related', 'title': 'ch.bfs.gebaeude_wohnungs_register'}], 'lon': 8.691869735717773, 'num': 1, 'objectclass': '', 'origin': 'address', 'rank': 7, 'x': 8.691869735717773, 'y': 47.50937271118164, 'zoomlevel': 10}, 'id': 2738125, 'weight': 1}","Rappstrasse 1a, 8408 Winterthur"
474,success,Geocoding successful.,47.473052978515625,8.709458351135254,Reitplatzstrasse 30 <b>8406 Winterthur</b>,201031554_0,"{'attrs': {'detail': 'reitplatzstrasse 30 8406 winterthur 230 winterthur ch zh', 'featureId': '201031554_0', 'geom_quadindex': '030010213222321111201', 'geom_st_box2d': 'BOX(8.709446 47.473054,8.709446 47.473054)', 'label': 'Reitplatzstrasse 30 <b>8406 Winterthur</b>', 'lat': 47.473052978515625, 'links': [{'href': '/rest/services/ech/MapServer/ch.swisstopo.amtliches-gebaeudeadressverzeichnis/101688207', 'rel': 'related', 'title': 'ch.swisstopo.amtliches-gebaeudeadressverzeichnis'}, {'href': '/rest/services/ech/MapServer/ch.bfs.gebaeude_wohnungs_register/201031554_0', 'rel': 'related', 'title': 'ch.bfs.gebaeude_wohnungs_register'}], 'lon': 8.709458351135254, 'num': 30, 'objectclass': '', 'origin': 'address', 'rank': 7, 'x': 8.709458351135254, 'y': 47.473052978515625, 'zoomlevel': 10}, 'id': 2131683, 'weight': 1}","Reitplatzstrasse 30, 8406 Winterthur"
475,success,Geocoding successful.,47.500404357910156,8.731673240661621,Stadthausstrasse 31 <b>8400 Winterthur</b>,201010056_0,"{'attrs': {'detail': 'stadthausstrasse 31 8400 winterthur 230 winterthur ch zh', 'featureId': '201010056_0', 'geom_quadindex': '030010211131303030303', 'geom_st_box2d': 'BOX(8.73166 47.500407,8.73166 47.500407)', 'label': 'Stadthausstrasse 31 <b>8400 Winterthur</b>', 'lat': 47.500404357910156, 'links': [{'href': '/rest/services/ech/MapServer/ch.swisstopo.amtliches-gebaeudeadressverzeichnis/101501610', 'rel': 'related', 'title': 'ch.swisstopo.amtliches-gebaeudeadressverzeichnis'}, {'href': '/rest/services/ech/MapServer/ch.bfs.gebaeude_wohnungs_register/201010056_0', 'rel': 'related', 'title': 'ch.bfs.gebaeude_wohnungs_register'}], 'lon': 8.731673240661621, 'num': 31, 'objectclass': '', 'origin': 'address', 'rank': 7, 'x': 8.731673240661621, 'y': 47.500404357910156, 'zoomlevel': 10}, 'id': 2769282, 'weight': 1}","Stadthausstrasse 31, 8400 Winterthur"
476,success,Geocoding successful.,47.500606536865234,8.752694129943848,Sulzerallee 1 <b>8404 Winterthur</b>,190042339_0,"{'attrs': {'detail': 'sulzerallee 1 8404 winterthur 230 winterthur ch zh', 'featureId': '190042339_0', 'geom_quadindex': '030010300130033213022', 'geom_st_box2d': 'BOX(8.752682 47.500607,8.752682 47.500607)', 'label': 'Sulzerallee 1 <b>8404 Winterthur</b>', 'lat': 47.500606536865234, 'links': [{'href': '/rest/services/ech/MapServer/ch.swisstopo.amtliches-gebaeudeadressverzeichnis/101346772', 'rel': 'related', 'title': 'ch.swisstopo.amtliches-gebaeudeadressverzeichnis'}, {'href': '/rest/services/ech/MapServer/ch.bfs.gebaeude_wohnungs_register/190042339_0', 'rel': 'related', 'title': 'ch.bfs.gebaeude_wohnungs_register'}], 'lon': 8.752694129943848, 'num': 1, 'objectclass': '', 'origin': 'address', 'rank': 7, 'x': 8.752694129943848, 'y': 47.500606536865234, 'zoomlevel': 10}, 'id': 1953663, 'weight': 1}","Sulzerallee 1, 8404 Winterthur"
477,success,Geocoding successful.,47.50068283081055,8.753159523010254,Sulzerallee 3 <b>8404 Winterthur</b>,190042339_1,"{'attrs': {'detail': 'sulzerallee 3 8404 winterthur 230 winterthur ch zh', 'featureId': '190042339_1', 'geom_quadindex': '030010300130122120323', 'geom_st_box2d': 'BOX(8.753147 47.500685,8.753147 47.500685)', 'label': 'Sulzerallee 3 <b>8404 Winterthur</b>', 'lat': 47.50068283081055, 'links': [{'href': '/rest/services/ech/MapServer/ch.swisstopo.amtliches-gebaeudeadressverzeichnis/101493798', 'rel': 'related', 'title': 'ch.swisstopo.amtliches-gebaeudeadressverzeichnis'}, {'href': '/rest/services/ech/MapServer/ch.bfs.gebaeude_wohnungs_register/190042339_1', 'rel': 'related', 'title': 'ch.bfs.gebaeude_wohnungs_register'}], 'lon': 8.753159523010254, 'num': 3, 'objectclass': '', 'origin': 'address', 'rank': 7, 'x': 8.753159523010254, 'y': 47.50068283081055, 'zoomlevel': 10}, 'id': 2148681, 'weight': 1}","Sulzerallee 3, 8404 Winterthur"
478,success,Geocoding successful.,47.49260330200195,8.739849090576172,Weberstrasse 51 <b>8400 Winterthur</b>,2323661_0,"{'attrs': {'detail': 'weberstrasse 51 8400 winterthur 230 winterthur ch zh', 'featureId': '2323661_0', 'geom_quadindex': '030010300230030310330', 'geom_st_box2d': 'BOX(8.739837 47.492604,8.739837 47.492604)', 'label': 'Weberstrasse 51 <b>8400 Winterthur</b>', 'lat': 47.49260330200195, 'links': [{'href': '/rest/services/ech/MapServer/ch.swisstopo.amtliches-gebaeudeadressverzeichnis/101160243', 'rel': 'related', 'title': 'ch.swisstopo.amtliches-gebaeudeadressverzeichnis'}, {'href': '/rest/services/ech/MapServer/ch.bfs.gebaeude_wohnungs_register/2323661_0', 'rel': 'related', 'title': 'ch.bfs.gebaeude_wohnungs_register'}], 'lon': 8.739849090576172, 'num': 51, 'objectclass': '', 'origin': 'address', 'rank': 7, 'x': 8.739849090576172, 'y': 47.49260330200195, 'zoomlevel': 10}, 'id': 1917247, 'weight': 1}","Weberstrasse 51, 8400 Winterthur"
479,success,Geocoding successful.,47.5086669921875,8.699668884277344,Erlenstrasse 42 <b>8408 Winterthur</b>,2321935_0,"{'attrs': {'detail': 'erlenstrasse 42 8408 winterthur 230 winterthur ch zh', 'featureId': '2321935_0', 'geom_quadindex': '030010032321232120212', 'geom_st_box2d': 'BOX(8.699655 47.508668,8.699655 47.508668)', 'label': 'Erlenstrasse 42 <b>8408 Winterthur</b>', 'lat': 47.5086669921875, 'links': [{'href': '/rest/services/ech/MapServer/ch.swisstopo.amtliches-gebaeudeadressverzeichnis/101013860', 'rel': 'related', 'title': 'ch.swisstopo.amtliches-gebaeudeadressverzeichnis'}, {'href': '/rest/services/ech/MapServer/ch.bfs.gebaeude_wohnungs_register/2321935_0', 'rel': 'related', 'title': 'ch.bfs.gebaeude_wohnungs_register'}], 'lon': 8.699668884277344, 'num': 42, 'objectclass': '', 'origin': 'address', 'rank': 7, 'x': 8.699668884277344, 'y': 47.5086669921875, 'zoomlevel': 10}, 'id': 2591749, 'weight': 1}","Erlenstrasse 42, 8408 Winterthur"
480,success,Geocoding successful.,47.49836349487305,8.737649917602539,St. Gallerstrasse 37 <b>8400 Winterthur</b>,1151120_0,"{'attrs': {'detail': 'st. gallerstrasse 37 8400 winterthur 230 winterthur ch zh', 'featureId': '1151120_0', 'geom_quadindex': '030010300023300330303', 'geom_st_box2d': 'BOX(8.737637 47.498365,8.737637 47.498365)', 'label': 'St. Gallerstrasse 37 <b>8400 Winterthur</b>', 'lat': 47.49836349487305, 'links': [{'href': '/rest/services/ech/MapServer/ch.swisstopo.amtliches-gebaeudeadressverzeichnis/100823752', 'rel': 'related', 'title': 'ch.swisstopo.amtliches-gebaeudeadressverzeichnis'}, {'href': '/rest/services/ech/MapServer/ch.bfs.gebaeude_wohnungs_register/1151120_0', 'rel': 'related', 'title': 'ch.bfs.gebaeude_wohnungs_register'}], 'lon': 8.737649917602539, 'num': 37, 'objectclass': '', 'origin': 'address', 'rank': 7, 'x': 8.737649917602539, 'y': 47.49836349487305, 'zoomlevel': 10}, 'id': 2874733, 'weight': 1}","St. Gallerstrasse 37, 8400 Winterthur"
481,success,Geocoding successful.,47.51620864868164,8.718331336975098,Unterrütiweg 34 <b>8400 Winterthur</b>,2324412_0,"{'attrs': {'detail': 'unterruetiweg 34 8400 winterthur 230 winterthur ch zh', 'featureId': '2324412_0', 'geom_quadindex': '030010033033012222033', 'geom_st_box2d': 'BOX(8.718318 47.516211,8.718318 47.516211)', 'label': 'Unterrütiweg 34 <b>8400 Winterthur</b>', 'lat': 47.51620864868164, 'links': [{'href': '/rest/services/ech/MapServer/ch.swisstopo.amtliches-gebaeudeadressverzeichnis/101164847', 'rel': 'related', 'title': 'ch.swisstopo.amtliches-gebaeudeadressverzeichnis'}, {'href': '/rest/services/ech/MapServer/ch.bfs.gebaeude_wohnungs_register/2324412_0', 'rel': 'related', 'title': 'ch.bfs.gebaeude_wohnungs_register'}], 'lon': 8.718331336975098, 'num': 34, 'objectclass': '', 'origin': 'address', 'rank': 7, 'x': 8.718331336975098, 'y': 47.51620864868164, 'zoomlevel': 10}, 'id': 2256843, 'weight': 1}","Unterrütiweg 34, 8400 Winterthur"
482,success,Geocoding successful.,47.497894287109375,8.71385383605957,Anton-Graff-Strasse 39 <b>8400 Winterthur</b>,1152294_0,"{'attrs': {'detail': 'anton-graff-strasse 39 8400 winterthur 230 winterthur ch zh', 'featureId': '1152294_0', 'geom_quadindex': '030010211023333301233', 'geom_st_box2d': 'BOX(8.713841 47.497896,8.713841 47.497896)', 'label': 'Anton-Graff-Strasse 39 <b>8400 Winterthur</b>', 'lat': 47.497894287109375, 'links': [{'href': '/rest/services/ech/MapServer/ch.swisstopo.amtliches-gebaeudeadressverzeichnis/100821401', 'rel': 'related', 'title': 'ch.swisstopo.amtliches-gebaeudeadressverzeichnis'}, {'href': '/rest/services/ech/MapServer/ch.bfs.gebaeude_wohnungs_register/1152294_0', 'rel': 'related', 'title': 'ch.bfs.gebaeude_wohnungs_register'}], 'lon': 8.71385383605957, 'num': 39, 'objectclass': '', 'origin': 'address', 'rank': 7, 'x': 8.71385383605957, 'y': 47.497894287109375, 'zoomlevel': 10}, 'id': 2241501, 'weight': 1}","Anton-Graff-Strasse 39, 8400 Winterthur"
483,success,Geocoding successful.,47.51802062988281,8.763114929199219,Heiniweg 3 <b>8404 Winterthur</b>,2327005_0,"{'attrs': {'detail': 'heiniweg 3 8404 winterthur 230 winterthur ch zh', 'featureId': '2327005_0', 'geom_quadindex': '030010123021103002100', 'geom_st_box2d': 'BOX(8.763103 47.518025,8.763103 47.518025)', 'label': 'Heiniweg 3 <b>8404 Winterthur</b>', 'lat': 47.51802062988281, 'links': [{'href': '/rest/services/ech/MapServer/ch.swisstopo.amtliches-gebaeudeadressverzeichnis/101166414', 'rel': 'related', 'title': 'ch.swisstopo.amtliches-gebaeudeadressverzeichnis'}, {'href': '/rest/services/ech/MapServer/ch.bfs.gebaeude_wohnungs_register/2327005_0', 'rel': 'related', 'title': 'ch.bfs.gebaeude_wohnungs_register'}], 'lon': 8.763114929199219, 'num': 3, 'objectclass': '', 'origin': 'address', 'rank': 7, 'x': 8.763114929199219, 'y': 47.51802062988281, 'zoomlevel': 10}, 'id': 2360885, 'weight': 1}","Heiniweg 3, 8404 Winterthur"
484,success,Geocoding successful.,47.51988220214844,8.714021682739258,Pfaffenstudenstrasse 9 <b>8400 Winterthur</b>,201034524_0,"{'attrs': {'detail': 'pfaffenstudenstrasse 9 8400 winterthur 230 winterthur ch zh', 'featureId': '201034524_0', 'geom_quadindex': '030010033003310103131', 'geom_st_box2d': 'BOX(8.714009 47.519885,8.714009 47.519885)', 'label': 'Pfaffenstudenstrasse 9 <b>8400 Winterthur</b>', 'lat': 47.51988220214844, 'links': [{'href': '/rest/services/ech/MapServer/ch.swisstopo.amtliches-gebaeudeadressverzeichnis/101680979', 'rel': 'related', 'title': 'ch.swisstopo.amtliches-gebaeudeadressverzeichnis'}, {'href': '/rest/services/ech/MapServer/ch.bfs.gebaeude_wohnungs_register/201034524_0', 'rel': 'related', 'title': 'ch.bfs.gebaeude_wohnungs_register'}], 'lon': 8.714021682739258, 'num': 9, 'objectclass': '', 'origin': 'address', 'rank': 7, 'x': 8.714021682739258, 'y': 47.51988220214844, 'zoomlevel': 10}, 'id': 2476486, 'weight': 1}","Pfaffenstudenstrasse 9, 8400 Winterthur"
485,success,Geocoding successful.,47.497718811035156,8.714227676391602,Theodor-Kirchner-Strasse 32 <b>8400 Winterthur</b>,1152276_0,"{'attrs': {'detail': 'theodor-kirchner-strasse 32 8400 winterthur 230 winterthur ch zh', 'featureId': '1152276_0', 'geom_quadindex': '030010211210000121001', 'geom_st_box2d': 'BOX(8.714215 47.497722,8.714215 47.497722)', 'label': 'Theodor-Kirchner-Strasse 32 <b>8400 Winterthur</b>', 'lat': 47.497718811035156, 'links': [{'href': '/rest/services/ech/MapServer/ch.swisstopo.amtliches-gebaeudeadressverzeichnis/100821383', 'rel': 'related', 'title': 'ch.swisstopo.amtliches-gebaeudeadressverzeichnis'}, {'href': '/rest/services/ech/MapServer/ch.bfs.gebaeude_wohnungs_register/1152276_0', 'rel': 'related', 'title': 'ch.bfs.gebaeude_wohnungs_register'}], 'lon': 8.714227676391602, 'num': 32, 'objectclass': '', 'origin': 'address', 'rank': 7, 'x': 8.714227676391602, 'y': 47.497718811035156, 'zoomlevel': 10}, 'id': 2340382, 'weight': 1}","Theodor-Kirchner-Strasse 32, 8400 Winterthur"
486,success,Geocoding successful.,47.494747161865234,8.707313537597656,Untere Schöntalstrasse 29 <b>8406 Winterthur</b>,201028632_0,"{'attrs': {'detail': 'untere schoentalstrasse 29 8406 winterthur 230 winterthur ch zh', 'featureId': '201028632_0', 'geom_quadindex': '030010210313133220211', 'geom_st_box2d': 'BOX(8.707301 47.49475,8.707301 47.49475)', 'label': 'Untere Schöntalstrasse 29 <b>8406 Winterthur</b>', 'lat': 47.494747161865234, 'links': [{'href': '/rest/services/ech/MapServer/ch.swisstopo.amtliches-gebaeudeadressverzeichnis/101637693', 'rel': 'related', 'title': 'ch.swisstopo.amtliches-gebaeudeadressverzeichnis'}, {'href': '/rest/services/ech/MapServer/ch.bfs.gebaeude_wohnungs_register/201028632_0', 'rel': 'related', 'title': 'ch.bfs.gebaeude_wohnungs_register'}], 'lon': 8.707313537597656, 'num': 29, 'objectclass': '', 'origin': 'address', 'rank': 7, 'x': 8.707313537597656, 'y': 47.494747161865234, 'zoomlevel': 10}, 'id': 2495358, 'weight': 1}","Untere Schöntalstrasse 29, 8406 Winterthur"
487,success,Geocoding successful.,47.503456115722656,8.713858604431152,Wartstrasse 63 <b>8400 Winterthur</b>,1152571_0,"{'attrs': {'detail': 'wartstrasse 63 8400 winterthur 230 winterthur ch zh', 'featureId': '1152571_0', 'geom_quadindex': '030010211003131210101', 'geom_st_box2d': 'BOX(8.713846 47.503459,8.713846 47.503459)', 'label': 'Wartstrasse 63 <b>8400 Winterthur</b>', 'lat': 47.503456115722656, 'links': [{'href': '/rest/services/ech/MapServer/ch.swisstopo.amtliches-gebaeudeadressverzeichnis/100822541', 'rel': 'related', 'title': 'ch.swisstopo.amtliches-gebaeudeadressverzeichnis'}, {'href': '/rest/services/ech/MapServer/ch.bfs.gebaeude_wohnungs_register/1152571_0', 'rel': 'related', 'title': 'ch.bfs.gebaeude_wohnungs_register'}], 'lon': 8.713858604431152, 'num': 63, 'objectclass': '', 'origin': 'address', 'rank': 7, 'x': 8.713858604431152, 'y': 47.503456115722656, 'zoomlevel': 10}, 'id': 1995881, 'weight': 1}","Wartstrasse 63, 8400 Winterthur"
488,success,Geocoding successful.,47.471099853515625,8.76925277709961,Weierhöhe 30 <b>8405 Winterthur</b>,2325786_0,"{'attrs': {'detail': 'weierhoehe 30 8405 winterthur 230 winterthur ch zh', 'featureId': '2325786_0', 'geom_quadindex': '030010321011131332133', 'geom_st_box2d': 'BOX(8.76924 47.471102,8.76924 47.471102)', 'label': 'Weierhöhe 30 <b>8405 Winterthur</b>', 'lat': 47.471099853515625, 'links': [{'href': '/rest/services/ech/MapServer/ch.swisstopo.amtliches-gebaeudeadressverzeichnis/101168035', 'rel': 'related', 'title': 'ch.swisstopo.amtliches-gebaeudeadressverzeichnis'}, {'href': '/rest/services/ech/MapServer/ch.bfs.gebaeude_wohnungs_register/2325786_0', 'rel': 'related', 'title': 'ch.bfs.gebaeude_wohnungs_register'}], 'lon': 8.76925277709961, 'num': 30, 'objectclass': '', 'origin': 'address', 'rank': 7, 'x': 8.76925277709961, 'y': 47.471099853515625, 'zoomlevel': 10}, 'id': 2312302, 'weight': 1}","Weierhöhe 30, 8405 Winterthur"
489,success,Geocoding successful.,47.50887680053711,8.690194129943848,Rappstrasse 20 <b>8408 Winterthur</b>,2321936_0,"{'attrs': {'detail': 'rappstrasse 20 8408 winterthur 230 winterthur ch zh', 'featureId': '2321936_0', 'geom_quadindex': '030010032230230223030', 'geom_st_box2d': 'BOX(8.690181 47.50888,8.690181 47.50888)', 'label': 'Rappstrasse 20 <b>8408 Winterthur</b>', 'lat': 47.50887680053711, 'links': [{'href': '/rest/services/ech/MapServer/ch.swisstopo.amtliches-gebaeudeadressverzeichnis/101013861', 'rel': 'related', 'title': 'ch.swisstopo.amtliches-gebaeudeadressverzeichnis'}, {'href': '/rest/services/ech/MapServer/ch.bfs.gebaeude_wohnungs_register/2321936_0', 'rel': 'related', 'title': 'ch.bfs.gebaeude_wohnungs_register'}], 'lon': 8.690194129943848, 'num': 20, 'objectclass': '', 'origin': 'address', 'rank': 7, 'x': 8.690194129943848, 'y': 47.50887680053711, 'zoomlevel': 10}, 'id': 2542503, 'weight': 1}","Rappstrasse 20, 8408 Winterthur"
490,success,Geocoding successful.,47.51314926147461,8.6874418258667,Langwiesenstrasse 3 <b>8408 Winterthur</b>,1161320_0,"{'attrs': {'detail': 'langwiesenstrasse 3 8408 winterthur 230 winterthur ch zh', 'featureId': '1161320_0', 'geom_quadindex': '030010032201230330301', 'geom_st_box2d': 'BOX(8.687428 47.513151,8.687428 47.513151)', 'label': 'Langwiesenstrasse 3 <b>8408 Winterthur</b>', 'lat': 47.51314926147461, 'links': [{'href': '/rest/services/ech/MapServer/ch.swisstopo.amtliches-gebaeudeadressverzeichnis/100811277', 'rel': 'related', 'title': 'ch.swisstopo.amtliches-gebaeudeadressverzeichnis'}, {'href': '/rest/services/ech/MapServer/ch.bfs.gebaeude_wohnungs_register/1161320_0', 'rel': 'related', 'title': 'ch.bfs.gebaeude_wohnungs_register'}], 'lon': 8.6874418258667, 'num': 3, 'objectclass': '', 'origin': 'address', 'rank': 7, 'x': 8.6874418258667, 'y': 47.51314926147461, 'zoomlevel': 10}, 'id': 2044125, 'weight': 1}","Langwiesenstrasse 3, 8408 Winterthur"
491,success,Geocoding successful.,47.513023376464844,8.687305450439453,Langwiesenstrasse 1 <b>8408 Winterthur</b>,1161319_0,"{'attrs': {'detail': 'langwiesenstrasse 1 8408 winterthur 230 winterthur ch zh', 'featureId': '1161319_0', 'geom_quadindex': '030010032201232031133', 'geom_st_box2d': 'BOX(8.687292 47.513024,8.687292 47.513024)', 'label': 'Langwiesenstrasse 1 <b>8408 Winterthur</b>', 'lat': 47.513023376464844, 'links': [{'href': '/rest/services/ech/MapServer/ch.swisstopo.amtliches-gebaeudeadressverzeichnis/100811276', 'rel': 'related', 'title': 'ch.swisstopo.amtliches-gebaeudeadressverzeichnis'}, {'href': '/rest/services/ech/MapServer/ch.bfs.gebaeude_wohnungs_register/1161319_0', 'rel': 'related', 'title': 'ch.bfs.gebaeude_wohnungs_register'}], 'lon': 8.687305450439453, 'num': 1, 'objectclass': '', 'origin': 'address', 'rank': 7, 'x': 8.687305450439453, 'y': 47.513023376464844, 'zoomlevel': 10}, 'id': 2717422, 'weight': 1}","Langwiesenstrasse 1, 8408 Winterthur"
492,success,Geocoding successful.,47.51327896118164,8.687576293945312,Langwiesenstrasse 5 <b>8408 Winterthur</b>,1161321_0,"{'attrs': {'detail': 'langwiesenstrasse 5 8408 winterthur 230 winterthur ch zh', 'featureId': '1161321_0', 'geom_quadindex': '030010032201231021210', 'geom_st_box2d': 'BOX(8.687562 47.51328,8.687562 47.51328)', 'label': 'Langwiesenstrasse 5 <b>8408 Winterthur</b>', 'lat': 47.51327896118164, 'links': [{'href': '/rest/services/ech/MapServer/ch.swisstopo.amtliches-gebaeudeadressverzeichnis/100811278', 'rel': 'related', 'title': 'ch.swisstopo.amtliches-gebaeudeadressverzeichnis'}, {'href': '/rest/services/ech/MapServer/ch.bfs.gebaeude_wohnungs_register/1161321_0', 'rel': 'related', 'title': 'ch.bfs.gebaeude_wohnungs_register'}], 'lon': 8.687576293945312, 'num': 5, 'objectclass': '', 'origin': 'address', 'rank': 7, 'x': 8.687576293945312, 'y': 47.51327896118164, 'zoomlevel': 10}, 'id': 2274400, 'weight': 1}","Langwiesenstrasse 5, 8408 Winterthur"
493,success,Geocoding successful.,47.51273727416992,8.758280754089355,Stadlerstrasse 54 <b>8404 Winterthur</b>,2327006_0,"{'attrs': {'detail': 'stadlerstrasse 54 8404 winterthur 230 winterthur ch zh', 'featureId': '2327006_0', 'geom_quadindex': '030010123200202133112', 'geom_st_box2d': 'BOX(8.758269 47.51274,8.758269 47.51274)', 'label': 'Stadlerstrasse 54 <b>8404 Winterthur</b>', 'lat': 47.51273727416992, 'links': [{'href': '/rest/services/ech/MapServer/ch.swisstopo.amtliches-gebaeudeadressverzeichnis/101166415', 'rel': 'related', 'title': 'ch.swisstopo.amtliches-gebaeudeadressverzeichnis'}, {'href': '/rest/services/ech/MapServer/ch.bfs.gebaeude_wohnungs_register/2327006_0', 'rel': 'related', 'title': 'ch.bfs.gebaeude_wohnungs_register'}], 'lon': 8.758280754089355, 'num': 54, 'objectclass': '', 'origin': 'address', 'rank': 7, 'x': 8.758280754089355, 'y': 47.51273727416992, 'zoomlevel': 10}, 'id': 1946481, 'weight': 1}","Stadlerstrasse 54, 8404 Winterthur"
494,success,Geocoding successful.,47.489051818847656,8.727529525756836,Breiteholzstrasse 11 <b>8400 Winterthur</b>,201031495_0,"{'attrs': {'detail': 'breiteholzstrasse 11 8400 winterthur 230 winterthur ch zh', 'featureId': '201031495_0', 'geom_quadindex': '030010213110011211221', 'geom_st_box2d': 'BOX(8.727517 47.489053,8.727517 47.489053)', 'label': 'Breiteholzstrasse 11 <b>8400 Winterthur</b>', 'lat': 47.489051818847656, 'links': [{'href': '/rest/services/ech/MapServer/ch.swisstopo.amtliches-gebaeudeadressverzeichnis/101688148', 'rel': 'related', 'title': 'ch.swisstopo.amtliches-gebaeudeadressverzeichnis'}, {'href': '/rest/services/ech/MapServer/ch.bfs.gebaeude_wohnungs_register/201031495_0', 'rel': 'related', 'title': 'ch.bfs.gebaeude_wohnungs_register'}], 'lon': 8.727529525756836, 'num': 11, 'objectclass': '', 'origin': 'address', 'rank': 7, 'x': 8.727529525756836, 'y': 47.489051818847656, 'zoomlevel': 10}, 'id': 2340471, 'weight': 1}","Breiteholzstrasse 11, 8400 Winterthur"
495,success,Geocoding successful.,47.508079528808594,8.713562965393066,Wiesenstrasse 20 <b>8400 Winterthur</b>,200087317_0,"{'attrs': {'detail': 'wiesenstrasse 20 8400 winterthur 230 winterthur ch zh', 'featureId': '200087317_0', 'geom_quadindex': '030010033223110232230', 'geom_st_box2d': 'BOX(8.713549 47.508082,8.713549 47.508082)', 'label': 'Wiesenstrasse 20 <b>8400 Winterthur</b>', 'lat': 47.508079528808594, 'links': [{'href': '/rest/services/ech/MapServer/ch.swisstopo.amtliches-gebaeudeadressverzeichnis/101508818', 'rel': 'related', 'title': 'ch.swisstopo.amtliches-gebaeudeadressverzeichnis'}, {'href': '/rest/services/ech/MapServer/ch.bfs.gebaeude_wohnungs_register/200087317_0', 'rel': 'related', 'title': 'ch.bfs.gebaeude_wohnungs_register'}], 'lon': 8.713562965393066, 'num': 20, 'objectclass': '', 'origin': 'address', 'rank': 7, 'x': 8.713562965393066, 'y': 47.508079528808594, 'zoomlevel': 10}, 'id': 2886629, 'weight': 1}","Wiesenstrasse 20, 8400 Winterthur"
496,success,Geocoding successful.,47.504600524902344,8.763118743896484,Barbara-Reinhart-Strasse 27 <b>8404 Winterthur</b>,201032721_3,"{'attrs': {'detail': 'barbara-reinhart-strasse 27 8404 winterthur 230 winterthur ch zh', 'featureId': '201032721_3', 'geom_quadindex': '030010301001301111211', 'geom_st_box2d': 'BOX(8.763107 47.504602,8.763107 47.504602)', 'label': 'Barbara-Reinhart-Strasse 27 <b>8404 Winterthur</b>', 'lat': 47.504600524902344, 'links': [{'href': '/rest/services/ech/MapServer/ch.swisstopo.amtliches-gebaeudeadressverzeichnis/101804986', 'rel': 'related', 'title': 'ch.swisstopo.amtliches-gebaeudeadressverzeichnis'}, {'href': '/rest/services/ech/MapServer/ch.bfs.gebaeude_wohnungs_register/201032721_3', 'rel': 'related', 'title': 'ch.bfs.gebaeude_wohnungs_register'}], 'lon': 8.763118743896484, 'num': 27, 'objectclass': '', 'origin': 'address', 'rank': 7, 'x': 8.763118743896484, 'y': 47.504600524902344, 'zoomlevel': 10}, 'id': 1967950, 'weight': 1}","Barbara-Reinhart-Strasse 27, 8404 Winterthur"
497,success,Geocoding successful.,47.504722595214844,8.762763023376465,Barbara-Reinhart-Strasse 25 <b>8404 Winterthur</b>,201032721_2,"{'attrs': {'detail': 'barbara-reinhart-strasse 25 8404 winterthur 230 winterthur ch zh', 'featureId': '201032721_2', 'geom_quadindex': '030010301001123200222', 'geom_st_box2d': 'BOX(8.762751 47.504726,8.762751 47.504726)', 'label': 'Barbara-Reinhart-Strasse 25 <b>8404 Winterthur</b>', 'lat': 47.504722595214844, 'links': [{'href': '/rest/services/ech/MapServer/ch.swisstopo.amtliches-gebaeudeadressverzeichnis/101804985', 'rel': 'related', 'title': 'ch.swisstopo.amtliches-gebaeudeadressverzeichnis'}, {'href': '/rest/services/ech/MapServer/ch.bfs.gebaeude_wohnungs_register/201032721_2', 'rel': 'related', 'title': 'ch.bfs.gebaeude_wohnungs_register'}], 'lon': 8.762763023376465, 'num': 25, 'objectclass': '', 'origin': 'address', 'rank': 7, 'x': 8.762763023376465, 'y': 47.504722595214844, 'zoomlevel': 10}, 'id': 2821923, 'weight': 1}","Barbara-Reinhart-Strasse 25, 8404 Winterthur"
498,success,Geocoding successful.,47.50438690185547,8.76162052154541,Barbara-Reinhart-Strasse 21 <b>8404 Winterthur</b>,201032721_0,"{'attrs': {'detail': 'barbara-reinhart-strasse 21 8404 winterthur 230 winterthur ch zh', 'featureId': '201032721_0', 'geom_quadindex': '030010301001210222132', 'geom_st_box2d': 'BOX(8.761609 47.504391,8.761609 47.504391)', 'label': 'Barbara-Reinhart-Strasse 21 <b>8404 Winterthur</b>', 'lat': 47.50438690185547, 'links': [{'href': '/rest/services/ech/MapServer/ch.swisstopo.amtliches-gebaeudeadressverzeichnis/101680910', 'rel': 'related', 'title': 'ch.swisstopo.amtliches-gebaeudeadressverzeichnis'}, {'href': '/rest/services/ech/MapServer/ch.bfs.gebaeude_wohnungs_register/201032721_0', 'rel': 'related', 'title': 'ch.bfs.gebaeude_wohnungs_register'}], 'lon': 8.76162052154541, 'num': 21, 'objectclass': '', 'origin': 'address', 'rank': 7, 'x': 8.76162052154541, 'y': 47.50438690185547, 'zoomlevel': 10}, 'id': 2746231, 'weight': 1}","Barbara-Reinhart-Strasse 21, 8404 Winterthur"
499,success,Geocoding successful.,47.504615783691406,8.76211166381836,Barbara-Reinhart-Strasse 23 <b>8404 Winterthur</b>,201032721_1,"{'attrs': {'detail': 'barbara-reinhart-strasse 23 8404 winterthur 230 winterthur ch zh', 'featureId': '201032721_1', 'geom_quadindex': '030010301001211010132', 'geom_st_box2d': 'BOX(8.762099 47.504618,8.762099 47.504618)', 'label': 'Barbara-Reinhart-Strasse 23 <b>8404 Winterthur</b>', 'lat': 47.504615783691406, 'links': [{'href': '/rest/services/ech/MapServer/ch.swisstopo.amtliches-gebaeudeadressverzeichnis/101680911', 'rel': 'related', 'title': 'ch.swisstopo.amtliches-gebaeudeadressverzeichnis'}, {'href': '/rest/services/ech/MapServer/ch.bfs.gebaeude_wohnungs_register/201032721_1', 'rel': 'related', 'title': 'ch.bfs.gebaeude_wohnungs_register'}], 'lon': 8.76211166381836, 'num': 23, 'objectclass': '', 'origin': 'address', 'rank': 7, 'x': 8.76211166381836, 'y': 47.504615783691406, 'zoomlevel': 10}, 'id': 2735495, 'weight': 1}","Barbara-Reinhart-Strasse 23, 8404 Winterthur"
500,success,Geocoding successful.,47.49348449707031,8.741827964782715,Tösstalstrasse 82 <b>8400 Winterthur</b>,1162270_0,"{'attrs': {'detail': 'toesstalstrasse 82 8400 winterthur 230 winterthur ch zh', 'featureId': '1162270_0', 'geom_quadindex': '030010300212333113021', 'geom_st_box2d': 'BOX(8.741815 47.493487,8.741815 47.493487)', 'label': 'Tösstalstrasse 82 <b>8400 Winterthur</b>', 'lat': 47.49348449707031, 'links': [{'href': '/rest/services/ech/MapServer/ch.swisstopo.amtliches-gebaeudeadressverzeichnis/100814626', 'rel': 'related', 'title': 'ch.swisstopo.amtliches-gebaeudeadressverzeichnis'}, {'href': '/rest/services/ech/MapServer/ch.bfs.gebaeude_wohnungs_register/1162270_0', 'rel': 'related', 'title': 'ch.bfs.gebaeude_wohnungs_register'}], 'lon': 8.741827964782715, 'num': 82, 'objectclass': '', 'origin': 'address', 'rank': 7, 'x': 8.741827964782715, 'y': 47.49348449707031, 'zoomlevel': 10}, 'id': 2489413, 'weight': 1}","Tösstalstrasse 82, 8400 Winterthur"
501,success,Geocoding successful.,47.51340103149414,8.7155122756958,Rütihofstrasse 15 <b>8400 Winterthur</b>,1158800_0,"{'attrs': {'detail': 'ruetihofstrasse 15 8400 winterthur 230 winterthur ch zh', 'featureId': '1158800_0', 'geom_quadindex': '030010033210210313312', 'geom_st_box2d': 'BOX(8.715499 47.513403,8.715499 47.513403)', 'label': 'Rütihofstrasse 15 <b>8400 Winterthur</b>', 'lat': 47.51340103149414, 'links': [{'href': '/rest/services/ech/MapServer/ch.swisstopo.amtliches-gebaeudeadressverzeichnis/100770110', 'rel': 'related', 'title': 'ch.swisstopo.amtliches-gebaeudeadressverzeichnis'}, {'href': '/rest/services/ech/MapServer/ch.bfs.gebaeude_wohnungs_register/1158800_0', 'rel': 'related', 'title': 'ch.bfs.gebaeude_wohnungs_register'}], 'lon': 8.7155122756958, 'num': 15, 'objectclass': '', 'origin': 'address', 'rank': 7, 'x': 8.7155122756958, 'y': 47.51340103149414, 'zoomlevel': 10}, 'id': 2132287, 'weight': 1}","Rütihofstrasse 15, 8400 Winterthur"
502,success,Geocoding successful.,47.5098876953125,8.750007629394531,Bäumlistrasse 39 <b>8404 Winterthur</b>,1153057_0,"{'attrs': {'detail': 'baeumlistrasse 39 8404 winterthur 230 winterthur ch zh', 'featureId': '1153057_0', 'geom_quadindex': '030010122321011311200', 'geom_st_box2d': 'BOX(8.749995 47.509889,8.749995 47.509889)', 'label': 'Bäumlistrasse 39 <b>8404 Winterthur</b>', 'lat': 47.5098876953125, 'links': [{'href': '/rest/services/ech/MapServer/ch.swisstopo.amtliches-gebaeudeadressverzeichnis/100817917', 'rel': 'related', 'title': 'ch.swisstopo.amtliches-gebaeudeadressverzeichnis'}, {'href': '/rest/services/ech/MapServer/ch.bfs.gebaeude_wohnungs_register/1153057_0', 'rel': 'related', 'title': 'ch.bfs.gebaeude_wohnungs_register'}], 'lon': 8.750007629394531, 'num': 39, 'objectclass': '', 'origin': 'address', 'rank': 7, 'x': 8.750007629394531, 'y': 47.5098876953125, 'zoomlevel': 10}, 'id': 1972431, 'weight': 1}","Bäumlistrasse 39, 8404 Winterthur"
503,success,Geocoding successful.,47.483062744140625,8.763449668884277,Sägeweg 11 <b>8405 Winterthur</b>,201031488_0,"{'attrs': {'detail': 'saegeweg 11 8405 winterthur 230 winterthur ch zh', 'featureId': '201031488_0', 'geom_quadindex': '030010303030202221012', 'geom_st_box2d': 'BOX(8.763438 47.483066,8.763438 47.483066)', 'label': 'Sägeweg 11 <b>8405 Winterthur</b>', 'lat': 47.483062744140625, 'links': [{'href': '/rest/services/ech/MapServer/ch.swisstopo.amtliches-gebaeudeadressverzeichnis/101688141', 'rel': 'related', 'title': 'ch.swisstopo.amtliches-gebaeudeadressverzeichnis'}, {'href': '/rest/services/ech/MapServer/ch.bfs.gebaeude_wohnungs_register/201031488_0', 'rel': 'related', 'title': 'ch.bfs.gebaeude_wohnungs_register'}], 'lon': 8.763449668884277, 'num': 11, 'objectclass': '', 'origin': 'address', 'rank': 7, 'x': 8.763449668884277, 'y': 47.483062744140625, 'zoomlevel': 10}, 'id': 2695855, 'weight': 1}","Sägeweg 11, 8405 Winterthur"
504,success,Geocoding successful.,47.484161376953125,8.764548301696777,Büelhofstrasse 27 <b>8405 Winterthur</b>,2325787_0,"{'attrs': {'detail': 'bueelhofstrasse 27 8405 winterthur 230 winterthur ch zh', 'featureId': '2325787_0', 'geom_quadindex': '030010303030012311211', 'geom_st_box2d': 'BOX(8.764536 47.484163,8.764536 47.484163)', 'label': 'Büelhofstrasse 27 <b>8405 Winterthur</b>', 'lat': 47.484161376953125, 'links': [{'href': '/rest/services/ech/MapServer/ch.swisstopo.amtliches-gebaeudeadressverzeichnis/101168036', 'rel': 'related', 'title': 'ch.swisstopo.amtliches-gebaeudeadressverzeichnis'}, {'href': '/rest/services/ech/MapServer/ch.bfs.gebaeude_wohnungs_register/2325787_0', 'rel': 'related', 'title': 'ch.bfs.gebaeude_wohnungs_register'}], 'lon': 8.764548301696777, 'num': 27, 'objectclass': '', 'origin': 'address', 'rank': 7, 'x': 8.764548301696777, 'y': 47.484161376953125, 'zoomlevel': 10}, 'id': 2732881, 'weight': 1}","Büelhofstrasse 27, 8405 Winterthur"
505,success,Geocoding successful.,47.49921798706055,8.723490715026855,Bahnhofplatz 1 <b>8400 Winterthur</b>,1150346_4,"{'attrs': {'detail': 'bahnhofplatz 1 8400 winterthur 230 winterthur ch zh', 'featureId': '1150346_4', 'geom_quadindex': '030010211123020013022', 'geom_st_box2d': 'BOX(8.723478 47.499221,8.723478 47.499221)', 'label': 'Bahnhofplatz 1 <b>8400 Winterthur</b>', 'lat': 47.49921798706055, 'links': [{'href': '/rest/services/ech/MapServer/ch.swisstopo.amtliches-gebaeudeadressverzeichnis/101497145', 'rel': 'related', 'title': 'ch.swisstopo.amtliches-gebaeudeadressverzeichnis'}, {'href': '/rest/services/ech/MapServer/ch.bfs.gebaeude_wohnungs_register/1150346_4', 'rel': 'related', 'title': 'ch.bfs.gebaeude_wohnungs_register'}], 'lon': 8.723490715026855, 'num': 1, 'objectclass': '', 'origin': 'address', 'rank': 7, 'x': 8.723490715026855, 'y': 47.49921798706055, 'zoomlevel': 10}, 'id': 2200968, 'weight': 1}","Bahnhofplatz 1, 8400 Winterthur"
506,success,Geocoding successful.,47.49908447265625,8.723490715026855,Bahnhofplatz 1a <b>8400 Winterthur</b>,1150346_0,"{'attrs': {'detail': 'bahnhofplatz 1a 8400 winterthur 230 winterthur ch zh', 'featureId': '1150346_0', 'geom_quadindex': '030010211123020213200', 'geom_st_box2d': 'BOX(8.723478 47.499086,8.723478 47.499086)', 'label': 'Bahnhofplatz 1a <b>8400 Winterthur</b>', 'lat': 47.49908447265625, 'links': [{'href': '/rest/services/ech/MapServer/ch.swisstopo.amtliches-gebaeudeadressverzeichnis/100821232', 'rel': 'related', 'title': 'ch.swisstopo.amtliches-gebaeudeadressverzeichnis'}, {'href': '/rest/services/ech/MapServer/ch.bfs.gebaeude_wohnungs_register/1150346_0', 'rel': 'related', 'title': 'ch.bfs.gebaeude_wohnungs_register'}], 'lon': 8.723490715026855, 'num': 1, 'objectclass': '', 'origin': 'address', 'rank': 7, 'x': 8.723490715026855, 'y': 47.49908447265625, 'zoomlevel': 10}, 'id': 2250493, 'weight': 1}","Bahnhofplatz 1a, 8400 Winterthur"
507,success,Geocoding successful.,47.499324798583984,8.723487854003906,Bahnhofplatz 3 <b>8400 Winterthur</b>,1150346_1,"{'attrs': {'detail': 'bahnhofplatz 3 8400 winterthur 230 winterthur ch zh', 'featureId': '1150346_1', 'geom_quadindex': '030010211123002230113', 'geom_st_box2d': 'BOX(8.723476 47.499328,8.723476 47.499328)', 'label': 'Bahnhofplatz 3 <b>8400 Winterthur</b>', 'lat': 47.499324798583984, 'links': [{'href': '/rest/services/ech/MapServer/ch.swisstopo.amtliches-gebaeudeadressverzeichnis/101497155', 'rel': 'related', 'title': 'ch.swisstopo.amtliches-gebaeudeadressverzeichnis'}, {'href': '/rest/services/ech/MapServer/ch.bfs.gebaeude_wohnungs_register/1150346_1', 'rel': 'related', 'title': 'ch.bfs.gebaeude_wohnungs_register'}], 'lon': 8.723487854003906, 'num': 3, 'objectclass': '', 'origin': 'address', 'rank': 7, 'x': 8.723487854003906, 'y': 47.499324798583984, 'zoomlevel': 10}, 'id': 1980230, 'weight': 1}","Bahnhofplatz 3, 8400 Winterthur"
508,success,Geocoding successful.,47.499046325683594,8.722992897033691,Zürcherstrasse 4 <b>8400 Winterthur</b>,1150346_3,"{'attrs': {'detail': 'zuercherstrasse 4 8400 winterthur 230 winterthur ch zh', 'featureId': '1150346_3', 'geom_quadindex': '030010211122131220332', 'geom_st_box2d': 'BOX(8.72298 47.499048,8.72298 47.499048)', 'label': 'Zürcherstrasse 4 <b>8400 Winterthur</b>', 'lat': 47.499046325683594, 'links': [{'href': '/rest/services/ech/MapServer/ch.swisstopo.amtliches-gebaeudeadressverzeichnis/101497152', 'rel': 'related', 'title': 'ch.swisstopo.amtliches-gebaeudeadressverzeichnis'}, {'href': '/rest/services/ech/MapServer/ch.bfs.gebaeude_wohnungs_register/1150346_3', 'rel': 'related', 'title': 'ch.bfs.gebaeude_wohnungs_register'}], 'lon': 8.722992897033691, 'num': 4, 'objectclass': '', 'origin': 'address', 'rank': 7, 'x': 8.722992897033691, 'y': 47.499046325683594, 'zoomlevel': 10}, 'id': 2641101, 'weight': 1}","Zürcherstrasse 4, 8400 Winterthur"
509,success,Geocoding successful.,47.499000549316406,8.722956657409668,Zürcherstrasse 2 <b>8400 Winterthur</b>,1150346_2,"{'attrs': {'detail': 'zuercherstrasse 2 8400 winterthur 230 winterthur ch zh', 'featureId': '1150346_2', 'geom_quadindex': '030010211122133000020', 'geom_st_box2d': 'BOX(8.722944 47.499001,8.722944 47.499001)', 'label': 'Zürcherstrasse 2 <b>8400 Winterthur</b>', 'lat': 47.499000549316406, 'links': [{'href': '/rest/services/ech/MapServer/ch.swisstopo.amtliches-gebaeudeadressverzeichnis/101497140', 'rel': 'related', 'title': 'ch.swisstopo.amtliches-gebaeudeadressverzeichnis'}, {'href': '/rest/services/ech/MapServer/ch.bfs.gebaeude_wohnungs_register/1150346_2', 'rel': 'related', 'title': 'ch.bfs.gebaeude_wohnungs_register'}], 'lon': 8.722956657409668, 'num': 2, 'objectclass': '', 'origin': 'address', 'rank': 7, 'x': 8.722956657409668, 'y': 47.499000549316406, 'zoomlevel': 10}, 'id': 2012830, 'weight': 1}","Zürcherstrasse 2, 8400 Winterthur"
510,success,Geocoding successful.,47.49315643310547,8.706177711486816,Emil-Klöti-Strasse 18 <b>8406 Winterthur</b>,2325057_0,"{'attrs': {'detail': 'emil-kloeti-strasse 18 8406 winterthur 230 winterthur ch zh', 'featureId': '2325057_0', 'geom_quadindex': '030010210331102223130', 'geom_st_box2d': 'BOX(8.706165 47.493158,8.706165 47.493158)', 'label': 'Emil-Klöti-Strasse 18 <b>8406 Winterthur</b>', 'lat': 47.49315643310547, 'links': [{'href': '/rest/services/ech/MapServer/ch.swisstopo.amtliches-gebaeudeadressverzeichnis/101164909', 'rel': 'related', 'title': 'ch.swisstopo.amtliches-gebaeudeadressverzeichnis'}, {'href': '/rest/services/ech/MapServer/ch.bfs.gebaeude_wohnungs_register/2325057_0', 'rel': 'related', 'title': 'ch.bfs.gebaeude_wohnungs_register'}], 'lon': 8.706177711486816, 'num': 18, 'objectclass': '', 'origin': 'address', 'rank': 7, 'x': 8.706177711486816, 'y': 47.49315643310547, 'zoomlevel': 10}, 'id': 2199226, 'weight': 1}","Emil-Klöti-Strasse 18, 8406 Winterthur"
511,success,Geocoding successful.,47.5074577331543,8.724943161010742,Lindstrasse 45 <b>8400 Winterthur</b>,1150749_0,"{'attrs': {'detail': 'lindstrasse 45 8400 winterthur 230 winterthur ch zh', 'featureId': '1150749_0', 'geom_quadindex': '030010033323031320332', 'geom_st_box2d': 'BOX(8.72493 47.507458,8.72493 47.507458)', 'label': 'Lindstrasse 45 <b>8400 Winterthur</b>', 'lat': 47.5074577331543, 'links': [{'href': '/rest/services/ech/MapServer/ch.swisstopo.amtliches-gebaeudeadressverzeichnis/100822482', 'rel': 'related', 'title': 'ch.swisstopo.amtliches-gebaeudeadressverzeichnis'}, {'href': '/rest/services/ech/MapServer/ch.bfs.gebaeude_wohnungs_register/1150749_0', 'rel': 'related', 'title': 'ch.bfs.gebaeude_wohnungs_register'}], 'lon': 8.724943161010742, 'num': 45, 'objectclass': '', 'origin': 'address', 'rank': 7, 'x': 8.724943161010742, 'y': 47.5074577331543, 'zoomlevel': 10}, 'id': 2650240, 'weight': 1}","Lindstrasse 45, 8400 Winterthur"
512,success,Geocoding successful.,47.51969528198242,8.68564510345459,Taggenbergstrasse 76 <b>8408 Winterthur</b>,1161515_0,"{'attrs': {'detail': 'taggenbergstrasse 76 8408 winterthur 230 winterthur ch zh', 'featureId': '1161515_0', 'geom_quadindex': '030010032002321110122', 'geom_st_box2d': 'BOX(8.685632 47.519698,8.685632 47.519698)', 'label': 'Taggenbergstrasse 76 <b>8408 Winterthur</b>', 'lat': 47.51969528198242, 'links': [{'href': '/rest/services/ech/MapServer/ch.swisstopo.amtliches-gebaeudeadressverzeichnis/100810832', 'rel': 'related', 'title': 'ch.swisstopo.amtliches-gebaeudeadressverzeichnis'}, {'href': '/rest/services/ech/MapServer/ch.bfs.gebaeude_wohnungs_register/1161515_0', 'rel': 'related', 'title': 'ch.bfs.gebaeude_wohnungs_register'}], 'lon': 8.68564510345459, 'num': 76, 'objectclass': '', 'origin': 'address', 'rank': 7, 'x': 8.68564510345459, 'y': 47.51969528198242, 'zoomlevel': 10}, 'id': 2706118, 'weight': 1}","Taggenbergstrasse 76, 8408 Winterthur"
513,success,Geocoding successful.,47.51176834106445,8.693500518798828,Riedhofstrasse 27 <b>8408 Winterthur</b>,1161017_0,"{'attrs': {'detail': 'riedhofstrasse 27 8408 winterthur 230 winterthur ch zh', 'featureId': '1161017_0', 'geom_quadindex': '030010032213032231133', 'geom_st_box2d': 'BOX(8.693487 47.511771,8.693487 47.511771)', 'label': 'Riedhofstrasse 27 <b>8408 Winterthur</b>', 'lat': 47.51176834106445, 'links': [{'href': '/rest/services/ech/MapServer/ch.swisstopo.amtliches-gebaeudeadressverzeichnis/100808311', 'rel': 'related', 'title': 'ch.swisstopo.amtliches-gebaeudeadressverzeichnis'}, {'href': '/rest/services/ech/MapServer/ch.bfs.gebaeude_wohnungs_register/1161017_0', 'rel': 'related', 'title': 'ch.bfs.gebaeude_wohnungs_register'}], 'lon': 8.693500518798828, 'num': 27, 'objectclass': '', 'origin': 'address', 'rank': 7, 'x': 8.693500518798828, 'y': 47.51176834106445, 'zoomlevel': 10}, 'id': 1855217, 'weight': 1}","Riedhofstrasse 27, 8408 Winterthur"
514,success,Geocoding successful.,47.49814224243164,8.741459846496582,St. Gallerstrasse 56 <b>8400 Winterthur</b>,201032048_0,"{'attrs': {'detail': 'st. gallerstrasse 56 8400 winterthur 230 winterthur ch zh', 'featureId': '201032048_0', 'geom_quadindex': '030010300032312301001', 'geom_st_box2d': 'BOX(8.741448 47.498144,8.741448 47.498144)', 'label': 'St. Gallerstrasse 56 <b>8400 Winterthur</b>', 'lat': 47.49814224243164, 'links': [{'href': '/rest/services/ech/MapServer/ch.swisstopo.amtliches-gebaeudeadressverzeichnis/101674474', 'rel': 'related', 'title': 'ch.swisstopo.amtliches-gebaeudeadressverzeichnis'}, {'href': '/rest/services/ech/MapServer/ch.bfs.gebaeude_wohnungs_register/201032048_0', 'rel': 'related', 'title': 'ch.bfs.gebaeude_wohnungs_register'}], 'lon': 8.741459846496582, 'num': 56, 'objectclass': '', 'origin': 'address', 'rank': 7, 'x': 8.741459846496582, 'y': 47.49814224243164, 'zoomlevel': 10}, 'id': 2824112, 'weight': 1}","St. Gallerstrasse 56, 8400 Winterthur"
515,success,Geocoding successful.,47.505760192871094,8.74154281616211,Süsenbergstrasse 17 <b>8400 Winterthur</b>,1151042_0,"{'attrs': {'detail': 'suesenbergstrasse 17 8400 winterthur 230 winterthur ch zh', 'featureId': '1151042_0', 'geom_quadindex': '030010300010110211220', 'geom_st_box2d': 'BOX(8.741531 47.505761,8.741531 47.505761)', 'label': 'Süsenbergstrasse 17 <b>8400 Winterthur</b>', 'lat': 47.505760192871094, 'links': [{'href': '/rest/services/ech/MapServer/ch.swisstopo.amtliches-gebaeudeadressverzeichnis/100823674', 'rel': 'related', 'title': 'ch.swisstopo.amtliches-gebaeudeadressverzeichnis'}, {'href': '/rest/services/ech/MapServer/ch.bfs.gebaeude_wohnungs_register/1151042_0', 'rel': 'related', 'title': 'ch.bfs.gebaeude_wohnungs_register'}], 'lon': 8.74154281616211, 'num': 17, 'objectclass': '', 'origin': 'address', 'rank': 7, 'x': 8.74154281616211, 'y': 47.505760192871094, 'zoomlevel': 10}, 'id': 2436643, 'weight': 1}","Süsenbergstrasse 17, 8400 Winterthur"
516,success,Geocoding successful.,47.51347732543945,8.71521282196045,Wolfensbergstrasse 64 <b>8400 Winterthur</b>,201022304_0,"{'attrs': {'detail': 'wolfensbergstrasse 64 8400 winterthur 230 winterthur ch zh', 'featureId': '201022304_0', 'geom_quadindex': '030010033210210023121', 'geom_st_box2d': 'BOX(8.7152 47.513481,8.7152 47.513481)', 'label': 'Wolfensbergstrasse 64 <b>8400 Winterthur</b>', 'lat': 47.51347732543945, 'links': [{'href': '/rest/services/ech/MapServer/ch.swisstopo.amtliches-gebaeudeadressverzeichnis/101441803', 'rel': 'related', 'title': 'ch.swisstopo.amtliches-gebaeudeadressverzeichnis'}, {'href': '/rest/services/ech/MapServer/ch.bfs.gebaeude_wohnungs_register/201022304_0', 'rel': 'related', 'title': 'ch.bfs.gebaeude_wohnungs_register'}], 'lon': 8.71521282196045, 'num': 64, 'objectclass': '', 'origin': 'address', 'rank': 7, 'x': 8.71521282196045, 'y': 47.51347732543945, 'zoomlevel': 10}, 'id': 2787655, 'weight': 1}","Wolfensbergstrasse 64, 8400 Winterthur"
517,success,Geocoding successful.,47.5101203918457,8.697779655456543,Wartstrasse 284 <b>8408 Winterthur</b>,1160788_0,"{'attrs': {'detail': 'wartstrasse 284 8408 winterthur 230 winterthur ch zh', 'featureId': '1160788_0', 'geom_quadindex': '030010032320103322101', 'geom_st_box2d': 'BOX(8.697766 47.510124,8.697766 47.510124)', 'label': 'Wartstrasse 284 <b>8408 Winterthur</b>', 'lat': 47.5101203918457, 'links': [{'href': '/rest/services/ech/MapServer/ch.swisstopo.amtliches-gebaeudeadressverzeichnis/100826451', 'rel': 'related', 'title': 'ch.swisstopo.amtliches-gebaeudeadressverzeichnis'}, {'href': '/rest/services/ech/MapServer/ch.bfs.gebaeude_wohnungs_register/1160788_0', 'rel': 'related', 'title': 'ch.bfs.gebaeude_wohnungs_register'}], 'lon': 8.697779655456543, 'num': 284, 'objectclass': '', 'origin': 'address', 'rank': 7, 'x': 8.697779655456543, 'y': 47.5101203918457, 'zoomlevel': 10}, 'id': 2882717, 'weight': 1}","Wartstrasse 284, 8408 Winterthur"
518,success,Geocoding successful.,47.496089935302734,8.743448257446289,Eigenheimweg 54 <b>8400 Winterthur</b>,1162102_0,"{'attrs': {'detail': 'eigenheimweg 54 8400 winterthur 230 winterthur ch zh', 'featureId': '1162102_0', 'geom_quadindex': '030010300211213113203', 'geom_st_box2d': 'BOX(8.743436 47.496092,8.743436 47.496092)', 'label': 'Eigenheimweg 54 <b>8400 Winterthur</b>', 'lat': 47.496089935302734, 'links': [{'href': '/rest/services/ech/MapServer/ch.swisstopo.amtliches-gebaeudeadressverzeichnis/100812155', 'rel': 'related', 'title': 'ch.swisstopo.amtliches-gebaeudeadressverzeichnis'}, {'href': '/rest/services/ech/MapServer/ch.bfs.gebaeude_wohnungs_register/1162102_0', 'rel': 'related', 'title': 'ch.bfs.gebaeude_wohnungs_register'}], 'lon': 8.743448257446289, 'num': 54, 'objectclass': '', 'origin': 'address', 'rank': 7, 'x': 8.743448257446289, 'y': 47.496089935302734, 'zoomlevel': 10}, 'id': 2302608, 'weight': 1}","Eigenheimweg 54, 8400 Winterthur"
519,success,Geocoding successful.,47.496063232421875,8.74339771270752,Eigenheimweg 56 <b>8400 Winterthur</b>,2323663_0,"{'attrs': {'detail': 'eigenheimweg 56 8400 winterthur 230 winterthur ch zh', 'featureId': '2323663_0', 'geom_quadindex': '030010300211213130022', 'geom_st_box2d': 'BOX(8.743385 47.496066,8.743385 47.496066)', 'label': 'Eigenheimweg 56 <b>8400 Winterthur</b>', 'lat': 47.496063232421875, 'links': [{'href': '/rest/services/ech/MapServer/ch.swisstopo.amtliches-gebaeudeadressverzeichnis/101160245', 'rel': 'related', 'title': 'ch.swisstopo.amtliches-gebaeudeadressverzeichnis'}, {'href': '/rest/services/ech/MapServer/ch.bfs.gebaeude_wohnungs_register/2323663_0', 'rel': 'related', 'title': 'ch.bfs.gebaeude_wohnungs_register'}], 'lon': 8.74339771270752, 'num': 56, 'objectclass': '', 'origin': 'address', 'rank': 7, 'x': 8.74339771270752, 'y': 47.496063232421875, 'zoomlevel': 10}, 'id': 1933030, 'weight': 1}","Eigenheimweg 56, 8400 Winterthur"
520,success,Geocoding successful.,47.50251770019531,8.749385833740234,Frauenfelderstrasse 122 <b>8404 Winterthur</b>,201033642_0,"{'attrs': {'detail': 'frauenfelderstrasse 122 8404 winterthur 230 winterthur ch zh', 'featureId': '201033642_0', 'geom_quadindex': '030010300103210310200', 'geom_st_box2d': 'BOX(8.749374 47.502518,8.749374 47.502518)', 'label': 'Frauenfelderstrasse 122 <b>8404 Winterthur</b>', 'lat': 47.50251770019531, 'links': [{'href': '/rest/services/ech/MapServer/ch.swisstopo.amtliches-gebaeudeadressverzeichnis/101670577', 'rel': 'related', 'title': 'ch.swisstopo.amtliches-gebaeudeadressverzeichnis'}, {'href': '/rest/services/ech/MapServer/ch.bfs.gebaeude_wohnungs_register/201033642_0', 'rel': 'related', 'title': 'ch.bfs.gebaeude_wohnungs_register'}], 'lon': 8.749385833740234, 'num': 122, 'objectclass': '', 'origin': 'address', 'rank': 7, 'x': 8.749385833740234, 'y': 47.50251770019531, 'zoomlevel': 10}, 'id': 2690703, 'weight': 1}","Frauenfelderstrasse 122, 8404 Winterthur"
521,success,Geocoding successful.,47.52838134765625,8.75121784210205,Reutlingerstrasse 90 <b>8404 Reutlingen (Winterthur)</b>,1155273_0,"{'attrs': {'detail': 'reutlingerstrasse 90 8404 reutlingen _winterthur_ 230 winterthur ch zh', 'featureId': '1155273_0', 'geom_quadindex': '030010120303121130320', 'geom_st_box2d': 'BOX(8.751205 47.528382,8.751205 47.528382)', 'label': 'Reutlingerstrasse 90 <b>8404 Reutlingen (Winterthur)</b>', 'lat': 47.52838134765625, 'links': [{'href': '/rest/services/ech/MapServer/ch.swisstopo.amtliches-gebaeudeadressverzeichnis/100825442', 'rel': 'related', 'title': 'ch.swisstopo.amtliches-gebaeudeadressverzeichnis'}, {'href': '/rest/services/ech/MapServer/ch.bfs.gebaeude_wohnungs_register/1155273_0', 'rel': 'related', 'title': 'ch.bfs.gebaeude_wohnungs_register'}], 'lon': 8.75121784210205, 'num': 90, 'objectclass': '', 'origin': 'address', 'rank': 7, 'x': 8.75121784210205, 'y': 47.52838134765625, 'zoomlevel': 10}, 'id': 2450215, 'weight': 1}","Reutlingerstrasse 90, 8404 Reutlingen"
522,success,Geocoding successful.,47.51890182495117,8.715367317199707,Eichliwaldstrasse 7 <b>8400 Winterthur</b>,2324325_0,"{'attrs': {'detail': 'eichliwaldstrasse 7 8400 winterthur 230 winterthur ch zh', 'featureId': '2324325_0', 'geom_quadindex': '030010033012232230203', 'geom_st_box2d': 'BOX(8.715354 47.518906,8.715354 47.518906)', 'label': 'Eichliwaldstrasse 7 <b>8400 Winterthur</b>', 'lat': 47.51890182495117, 'links': [{'href': '/rest/services/ech/MapServer/ch.swisstopo.amtliches-gebaeudeadressverzeichnis/101164831', 'rel': 'related', 'title': 'ch.swisstopo.amtliches-gebaeudeadressverzeichnis'}, {'href': '/rest/services/ech/MapServer/ch.bfs.gebaeude_wohnungs_register/2324325_0', 'rel': 'related', 'title': 'ch.bfs.gebaeude_wohnungs_register'}], 'lon': 8.715367317199707, 'num': 7, 'objectclass': '', 'origin': 'address', 'rank': 7, 'x': 8.715367317199707, 'y': 47.51890182495117, 'zoomlevel': 10}, 'id': 2308755, 'weight': 1}","Eichliwaldstrasse 7, 8400 Winterthur"
523,success,Geocoding successful.,47.50277328491211,8.749927520751953,Römerstrasse 90 <b>8404 Winterthur</b>,1153449_0,"{'attrs': {'detail': 'roemerstrasse 90 8404 winterthur 230 winterthur ch zh', 'featureId': '1153449_0', 'geom_quadindex': '030010300103122201200', 'geom_st_box2d': 'BOX(8.749916 47.502775,8.749916 47.502775)', 'label': 'Römerstrasse 90 <b>8404 Winterthur</b>', 'lat': 47.50277328491211, 'links': [{'href': '/rest/services/ech/MapServer/ch.swisstopo.amtliches-gebaeudeadressverzeichnis/100825725', 'rel': 'related', 'title': 'ch.swisstopo.amtliches-gebaeudeadressverzeichnis'}, {'href': '/rest/services/ech/MapServer/ch.bfs.gebaeude_wohnungs_register/1153449_0', 'rel': 'related', 'title': 'ch.bfs.gebaeude_wohnungs_register'}], 'lon': 8.749927520751953, 'num': 90, 'objectclass': '', 'origin': 'address', 'rank': 7, 'x': 8.749927520751953, 'y': 47.50277328491211, 'zoomlevel': 10}, 'id': 2629806, 'weight': 1}","Römerstrasse 90, 8404 Winterthur"
524,success,Geocoding successful.,47.475582122802734,8.701995849609375,Steigstrasse 7 <b>8406 Winterthur</b>,201035965_0,"{'attrs': {'detail': 'steigstrasse 7 8406 winterthur 230 winterthur ch zh', 'featureId': '201035965_0', 'geom_quadindex': '030010212330210320030', 'geom_st_box2d': 'BOX(8.701984 47.475582,8.701984 47.475582)', 'label': 'Steigstrasse 7 <b>8406 Winterthur</b>', 'lat': 47.475582122802734, 'links': [{'href': '/rest/services/ech/MapServer/ch.swisstopo.amtliches-gebaeudeadressverzeichnis/101675947', 'rel': 'related', 'title': 'ch.swisstopo.amtliches-gebaeudeadressverzeichnis'}, {'href': '/rest/services/ech/MapServer/ch.bfs.gebaeude_wohnungs_register/201035965_0', 'rel': 'related', 'title': 'ch.bfs.gebaeude_wohnungs_register'}], 'lon': 8.701995849609375, 'num': 7, 'objectclass': '', 'origin': 'address', 'rank': 7, 'x': 8.701995849609375, 'y': 47.475582122802734, 'zoomlevel': 10}, 'id': 2496388, 'weight': 1}","Steigstrasse 7, 8406 Winterthur"
525,success,Geocoding successful.,47.50672149658203,8.701626777648926,Tannenweg 47 <b>8408 Winterthur</b>,1160272_0,"{'attrs': {'detail': 'tannenweg 47 8408 winterthur 230 winterthur ch zh', 'featureId': '1160272_0', 'geom_quadindex': '030010032323331303100', 'geom_st_box2d': 'BOX(8.701613 47.506723,8.701613 47.506723)', 'label': 'Tannenweg 47 <b>8408 Winterthur</b>', 'lat': 47.50672149658203, 'links': [{'href': '/rest/services/ech/MapServer/ch.swisstopo.amtliches-gebaeudeadressverzeichnis/100805478', 'rel': 'related', 'title': 'ch.swisstopo.amtliches-gebaeudeadressverzeichnis'}, {'href': '/rest/services/ech/MapServer/ch.bfs.gebaeude_wohnungs_register/1160272_0', 'rel': 'related', 'title': 'ch.bfs.gebaeude_wohnungs_register'}], 'lon': 8.701626777648926, 'num': 47, 'objectclass': '', 'origin': 'address', 'rank': 7, 'x': 8.701626777648926, 'y': 47.50672149658203, 'zoomlevel': 10}, 'id': 2350977, 'weight': 1}","Tannenweg 47, 8408 Winterthur"
526,success,Geocoding successful.,47.50673294067383,8.701584815979004,Tannenweg 49 <b>8408 Winterthur</b>,1160273_0,"{'attrs': {'detail': 'tannenweg 49 8408 winterthur 230 winterthur ch zh', 'featureId': '1160273_0', 'geom_quadindex': '030010032323331300303', 'geom_st_box2d': 'BOX(8.701572 47.506733,8.701572 47.506733)', 'label': 'Tannenweg 49 <b>8408 Winterthur</b>', 'lat': 47.50673294067383, 'links': [{'href': '/rest/services/ech/MapServer/ch.swisstopo.amtliches-gebaeudeadressverzeichnis/100805479', 'rel': 'related', 'title': 'ch.swisstopo.amtliches-gebaeudeadressverzeichnis'}, {'href': '/rest/services/ech/MapServer/ch.bfs.gebaeude_wohnungs_register/1160273_0', 'rel': 'related', 'title': 'ch.bfs.gebaeude_wohnungs_register'}], 'lon': 8.701584815979004, 'num': 49, 'objectclass': '', 'origin': 'address', 'rank': 7, 'x': 8.701584815979004, 'y': 47.50673294067383, 'zoomlevel': 10}, 'id': 1894347, 'weight': 1}","Tannenweg 49, 8408 Winterthur"
527,success,Geocoding successful.,47.50469207763672,8.750261306762695,Römerstrasse 117 <b>8404 Winterthur</b>,1153408_0,"{'attrs': {'detail': 'roemerstrasse 117 8404 winterthur 230 winterthur ch zh', 'featureId': '1153408_0', 'geom_quadindex': '030010300101300130113', 'geom_st_box2d': 'BOX(8.750249 47.504695,8.750249 47.504695)', 'label': 'Römerstrasse 117 <b>8404 Winterthur</b>', 'lat': 47.50469207763672, 'links': [{'href': '/rest/services/ech/MapServer/ch.swisstopo.amtliches-gebaeudeadressverzeichnis/100824185', 'rel': 'related', 'title': 'ch.swisstopo.amtliches-gebaeudeadressverzeichnis'}, {'href': '/rest/services/ech/MapServer/ch.bfs.gebaeude_wohnungs_register/1153408_0', 'rel': 'related', 'title': 'ch.bfs.gebaeude_wohnungs_register'}], 'lon': 8.750261306762695, 'num': 117, 'objectclass': '', 'origin': 'address', 'rank': 7, 'x': 8.750261306762695, 'y': 47.50469207763672, 'zoomlevel': 10}, 'id': 2213286, 'weight': 1}","Römerstrasse 117, 8404 Winterthur"
528,success,Geocoding successful.,47.50465774536133,8.750243186950684,Römerstrasse 115 <b>8404 Winterthur</b>,1153397_0,"{'attrs': {'detail': 'roemerstrasse 115 8404 winterthur 230 winterthur ch zh', 'featureId': '1153397_0', 'geom_quadindex': '030010300101300132120', 'geom_st_box2d': 'BOX(8.750231 47.50466,8.750231 47.50466)', 'label': 'Römerstrasse 115 <b>8404 Winterthur</b>', 'lat': 47.50465774536133, 'links': [{'href': '/rest/services/ech/MapServer/ch.swisstopo.amtliches-gebaeudeadressverzeichnis/100825675', 'rel': 'related', 'title': 'ch.swisstopo.amtliches-gebaeudeadressverzeichnis'}, {'href': '/rest/services/ech/MapServer/ch.bfs.gebaeude_wohnungs_register/1153397_0', 'rel': 'related', 'title': 'ch.bfs.gebaeude_wohnungs_register'}], 'lon': 8.750243186950684, 'num': 115, 'objectclass': '', 'origin': 'address', 'rank': 7, 'x': 8.750243186950684, 'y': 47.50465774536133, 'zoomlevel': 10}, 'id': 2860690, 'weight': 1}","Römerstrasse 115, 8404 Winterthur"
529,success,Geocoding successful.,47.48898696899414,8.712844848632812,Feldeggstrasse 9 <b>8406 Winterthur</b>,1157967_0,"{'attrs': {'detail': 'feldeggstrasse 9 8406 winterthur 230 winterthur ch zh', 'featureId': '1157967_0', 'geom_quadindex': '030010213001103123202', 'geom_st_box2d': 'BOX(8.712832 47.488989,8.712832 47.488989)', 'label': 'Feldeggstrasse 9 <b>8406 Winterthur</b>', 'lat': 47.48898696899414, 'links': [{'href': '/rest/services/ech/MapServer/ch.swisstopo.amtliches-gebaeudeadressverzeichnis/100803610', 'rel': 'related', 'title': 'ch.swisstopo.amtliches-gebaeudeadressverzeichnis'}, {'href': '/rest/services/ech/MapServer/ch.bfs.gebaeude_wohnungs_register/1157967_0', 'rel': 'related', 'title': 'ch.bfs.gebaeude_wohnungs_register'}], 'lon': 8.712844848632812, 'num': 9, 'objectclass': '', 'origin': 'address', 'rank': 7, 'x': 8.712844848632812, 'y': 47.48898696899414, 'zoomlevel': 10}, 'id': 2340865, 'weight': 1}","Feldeggstrasse 9, 8406 Winterthur"
530,success,Geocoding successful.,47.48890686035156,8.7130126953125,Feldeggstrasse 11 <b>8406 Winterthur</b>,1157968_0,"{'attrs': {'detail': 'feldeggstrasse 11 8406 winterthur 230 winterthur ch zh', 'featureId': '1157968_0', 'geom_quadindex': '030010213001112220100', 'geom_st_box2d': 'BOX(8.713 47.48891,8.713 47.48891)', 'label': 'Feldeggstrasse 11 <b>8406 Winterthur</b>', 'lat': 47.48890686035156, 'links': [{'href': '/rest/services/ech/MapServer/ch.swisstopo.amtliches-gebaeudeadressverzeichnis/100803611', 'rel': 'related', 'title': 'ch.swisstopo.amtliches-gebaeudeadressverzeichnis'}, {'href': '/rest/services/ech/MapServer/ch.bfs.gebaeude_wohnungs_register/1157968_0', 'rel': 'related', 'title': 'ch.bfs.gebaeude_wohnungs_register'}], 'lon': 8.7130126953125, 'num': 11, 'objectclass': '', 'origin': 'address', 'rank': 7, 'x': 8.7130126953125, 'y': 47.48890686035156, 'zoomlevel': 10}, 'id': 2227006, 'weight': 1}","Feldeggstrasse 11, 8406 Winterthur"
531,success,Geocoding successful.,47.48907470703125,8.7127685546875,Feldeggstrasse 7 <b>8406 Winterthur</b>,1157966_0,"{'attrs': {'detail': 'feldeggstrasse 7 8406 winterthur 230 winterthur ch zh', 'featureId': '1157966_0', 'geom_quadindex': '030010213001103013011', 'geom_st_box2d': 'BOX(8.712756 47.489075,8.712756 47.489075)', 'label': 'Feldeggstrasse 7 <b>8406 Winterthur</b>', 'lat': 47.48907470703125, 'links': [{'href': '/rest/services/ech/MapServer/ch.swisstopo.amtliches-gebaeudeadressverzeichnis/100803609', 'rel': 'related', 'title': 'ch.swisstopo.amtliches-gebaeudeadressverzeichnis'}, {'href': '/rest/services/ech/MapServer/ch.bfs.gebaeude_wohnungs_register/1157966_0', 'rel': 'related', 'title': 'ch.bfs.gebaeude_wohnungs_register'}], 'lon': 8.7127685546875, 'num': 7, 'objectclass': '', 'origin': 'address', 'rank': 7, 'x': 8.7127685546875, 'y': 47.48907470703125, 'zoomlevel': 10}, 'id': 2298714, 'weight': 1}","Feldeggstrasse 7, 8406 Winterthur"
532,success,Geocoding successful.,47.488895416259766,8.713163375854492,Feldeggstrasse 13 <b>8406 Winterthur</b>,1157969_0,"{'attrs': {'detail': 'feldeggstrasse 13 8406 winterthur 230 winterthur ch zh', 'featureId': '1157969_0', 'geom_quadindex': '030010213001112231123', 'geom_st_box2d': 'BOX(8.71315 47.488896,8.71315 47.488896)', 'label': 'Feldeggstrasse 13 <b>8406 Winterthur</b>', 'lat': 47.488895416259766, 'links': [{'href': '/rest/services/ech/MapServer/ch.swisstopo.amtliches-gebaeudeadressverzeichnis/100803612', 'rel': 'related', 'title': 'ch.swisstopo.amtliches-gebaeudeadressverzeichnis'}, {'href': '/rest/services/ech/MapServer/ch.bfs.gebaeude_wohnungs_register/1157969_0', 'rel': 'related', 'title': 'ch.bfs.gebaeude_wohnungs_register'}], 'lon': 8.713163375854492, 'num': 13, 'objectclass': '', 'origin': 'address', 'rank': 7, 'x': 8.713163375854492, 'y': 47.488895416259766, 'zoomlevel': 10}, 'id': 2142307, 'weight': 1}","Feldeggstrasse 13, 8406 Winterthur"
533,success,Geocoding successful.,47.49005889892578,8.728984832763672,Breitestrasse 39 <b>8400 Winterthur</b>,1162345_0,"{'attrs': {'detail': 'breitestrasse 39 8400 winterthur 230 winterthur ch zh', 'featureId': '1162345_0', 'geom_quadindex': '030010211332311202302', 'geom_st_box2d': 'BOX(8.728973 47.490062,8.728973 47.490062)', 'label': 'Breitestrasse 39 <b>8400 Winterthur</b>', 'lat': 47.49005889892578, 'links': [{'href': '/rest/services/ech/MapServer/ch.swisstopo.amtliches-gebaeudeadressverzeichnis/100813443', 'rel': 'related', 'title': 'ch.swisstopo.amtliches-gebaeudeadressverzeichnis'}, {'href': '/rest/services/ech/MapServer/ch.bfs.gebaeude_wohnungs_register/1162345_0', 'rel': 'related', 'title': 'ch.bfs.gebaeude_wohnungs_register'}], 'lon': 8.728984832763672, 'num': 39, 'objectclass': '', 'origin': 'address', 'rank': 7, 'x': 8.728984832763672, 'y': 47.49005889892578, 'zoomlevel': 10}, 'id': 2716502, 'weight': 1}","Breitestrasse 39, 8400 Winterthur"
534,success,Geocoding successful.,47.490074157714844,8.728887557983398,Breitestrasse 41 <b>8400 Winterthur</b>,1162346_0,"{'attrs': {'detail': 'breitestrasse 41 8400 winterthur 230 winterthur ch zh', 'featureId': '1162346_0', 'geom_quadindex': '030010211332310312102', 'geom_st_box2d': 'BOX(8.728875 47.490077,8.728875 47.490077)', 'label': 'Breitestrasse 41 <b>8400 Winterthur</b>', 'lat': 47.490074157714844, 'links': [{'href': '/rest/services/ech/MapServer/ch.swisstopo.amtliches-gebaeudeadressverzeichnis/100813444', 'rel': 'related', 'title': 'ch.swisstopo.amtliches-gebaeudeadressverzeichnis'}, {'href': '/rest/services/ech/MapServer/ch.bfs.gebaeude_wohnungs_register/1162346_0', 'rel': 'related', 'title': 'ch.bfs.gebaeude_wohnungs_register'}], 'lon': 8.728887557983398, 'num': 41, 'objectclass': '', 'origin': 'address', 'rank': 7, 'x': 8.728887557983398, 'y': 47.490074157714844, 'zoomlevel': 10}, 'id': 2776490, 'weight': 1}","Breitestrasse 41, 8400 Winterthur"
535,success,Geocoding successful.,47.490055084228516,8.729020118713379,Breitestrasse 37 <b>8400 Winterthur</b>,1162344_0,"{'attrs': {'detail': 'breitestrasse 37 8400 winterthur 230 winterthur ch zh', 'featureId': '1162344_0', 'geom_quadindex': '030010211332311203230', 'geom_st_box2d': 'BOX(8.729008 47.490057,8.729008 47.490057)', 'label': 'Breitestrasse 37 <b>8400 Winterthur</b>', 'lat': 47.490055084228516, 'links': [{'href': '/rest/services/ech/MapServer/ch.swisstopo.amtliches-gebaeudeadressverzeichnis/100813442', 'rel': 'related', 'title': 'ch.swisstopo.amtliches-gebaeudeadressverzeichnis'}, {'href': '/rest/services/ech/MapServer/ch.bfs.gebaeude_wohnungs_register/1162344_0', 'rel': 'related', 'title': 'ch.bfs.gebaeude_wohnungs_register'}], 'lon': 8.729020118713379, 'num': 37, 'objectclass': '', 'origin': 'address', 'rank': 7, 'x': 8.729020118713379, 'y': 47.490055084228516, 'zoomlevel': 10}, 'id': 2078685, 'weight': 1}","Breitestrasse 37, 8400 Winterthur"
536,success,Geocoding successful.,47.493370056152344,8.745305061340332,Hörnlistrasse 29 <b>8400 Winterthur</b>,1162175_0,"{'attrs': {'detail': 'hoernlistrasse 29 8400 winterthur 230 winterthur ch zh', 'featureId': '1162175_0', 'geom_quadindex': '030010300302222132301', 'geom_st_box2d': 'BOX(8.745293 47.493374,8.745293 47.493374)', 'label': 'Hörnlistrasse 29 <b>8400 Winterthur</b>', 'lat': 47.493370056152344, 'links': [{'href': '/rest/services/ech/MapServer/ch.swisstopo.amtliches-gebaeudeadressverzeichnis/100812229', 'rel': 'related', 'title': 'ch.swisstopo.amtliches-gebaeudeadressverzeichnis'}, {'href': '/rest/services/ech/MapServer/ch.bfs.gebaeude_wohnungs_register/1162175_0', 'rel': 'related', 'title': 'ch.bfs.gebaeude_wohnungs_register'}], 'lon': 8.745305061340332, 'num': 29, 'objectclass': '', 'origin': 'address', 'rank': 7, 'x': 8.745305061340332, 'y': 47.493370056152344, 'zoomlevel': 10}, 'id': 2129529, 'weight': 1}","Hörnlistrasse 29, 8400 Winterthur"
537,success,Geocoding successful.,47.49359893798828,8.745024681091309,Hörnlistrasse 25 <b>8400 Winterthur</b>,1162173_0,"{'attrs': {'detail': 'hoernlistrasse 25 8400 winterthur 230 winterthur ch zh', 'featureId': '1162173_0', 'geom_quadindex': '030010300302220200330', 'geom_st_box2d': 'BOX(8.745013 47.4936,8.745013 47.4936)', 'label': 'Hörnlistrasse 25 <b>8400 Winterthur</b>', 'lat': 47.49359893798828, 'links': [{'href': '/rest/services/ech/MapServer/ch.swisstopo.amtliches-gebaeudeadressverzeichnis/100812227', 'rel': 'related', 'title': 'ch.swisstopo.amtliches-gebaeudeadressverzeichnis'}, {'href': '/rest/services/ech/MapServer/ch.bfs.gebaeude_wohnungs_register/1162173_0', 'rel': 'related', 'title': 'ch.bfs.gebaeude_wohnungs_register'}], 'lon': 8.745024681091309, 'num': 25, 'objectclass': '', 'origin': 'address', 'rank': 7, 'x': 8.745024681091309, 'y': 47.49359893798828, 'zoomlevel': 10}, 'id': 2715138, 'weight': 1}","Hörnlistrasse 25, 8400 Winterthur"
538,success,Geocoding successful.,47.493446350097656,8.745111465454102,Hörnlistrasse 27 <b>8400 Winterthur</b>,1162174_0,"{'attrs': {'detail': 'hoernlistrasse 27 8400 winterthur 230 winterthur ch zh', 'featureId': '1162174_0', 'geom_quadindex': '030010300302222012121', 'geom_st_box2d': 'BOX(8.7451 47.493449,8.7451 47.493449)', 'label': 'Hörnlistrasse 27 <b>8400 Winterthur</b>', 'lat': 47.493446350097656, 'links': [{'href': '/rest/services/ech/MapServer/ch.swisstopo.amtliches-gebaeudeadressverzeichnis/100812228', 'rel': 'related', 'title': 'ch.swisstopo.amtliches-gebaeudeadressverzeichnis'}, {'href': '/rest/services/ech/MapServer/ch.bfs.gebaeude_wohnungs_register/1162174_0', 'rel': 'related', 'title': 'ch.bfs.gebaeude_wohnungs_register'}], 'lon': 8.745111465454102, 'num': 27, 'objectclass': '', 'origin': 'address', 'rank': 7, 'x': 8.745111465454102, 'y': 47.493446350097656, 'zoomlevel': 10}, 'id': 2184905, 'weight': 1}","Hörnlistrasse 27, 8400 Winterthur"
539,success,Geocoding successful.,47.49327087402344,8.7446928024292,Hörnlistrasse 16 <b>8400 Winterthur</b>,1162195_0,"{'attrs': {'detail': 'hoernlistrasse 16 8400 winterthur 230 winterthur ch zh', 'featureId': '1162195_0', 'geom_quadindex': '030010300213333230223', 'geom_st_box2d': 'BOX(8.744681 47.493271,8.744681 47.493271)', 'label': 'Hörnlistrasse 16 <b>8400 Winterthur</b>', 'lat': 47.49327087402344, 'links': [{'href': '/rest/services/ech/MapServer/ch.swisstopo.amtliches-gebaeudeadressverzeichnis/100812249', 'rel': 'related', 'title': 'ch.swisstopo.amtliches-gebaeudeadressverzeichnis'}, {'href': '/rest/services/ech/MapServer/ch.bfs.gebaeude_wohnungs_register/1162195_0', 'rel': 'related', 'title': 'ch.bfs.gebaeude_wohnungs_register'}], 'lon': 8.7446928024292, 'num': 16, 'objectclass': '', 'origin': 'address', 'rank': 7, 'x': 8.7446928024292, 'y': 47.49327087402344, 'zoomlevel': 10}, 'id': 2520533, 'weight': 1}","Hörnlistrasse 16, 8400 Winterthur"
540,success,Geocoding successful.,47.497093200683594,8.721503257751465,Untere Vogelsangstrasse 12 <b>8400 Winterthur</b>,201005650_2,"{'attrs': {'detail': 'untere vogelsangstrasse 12 8400 winterthur 230 winterthur ch zh', 'featureId': '201005650_2', 'geom_quadindex': '030010211300031031203', 'geom_st_box2d': 'BOX(8.72149 47.497095,8.72149 47.497095)', 'label': 'Untere Vogelsangstrasse 12 <b>8400 Winterthur</b>', 'lat': 47.497093200683594, 'links': [{'href': '/rest/services/ech/MapServer/ch.swisstopo.amtliches-gebaeudeadressverzeichnis/102038490', 'rel': 'related', 'title': 'ch.swisstopo.amtliches-gebaeudeadressverzeichnis'}, {'href': '/rest/services/ech/MapServer/ch.bfs.gebaeude_wohnungs_register/201005650_2', 'rel': 'related', 'title': 'ch.bfs.gebaeude_wohnungs_register'}], 'lon': 8.721503257751465, 'num': 12, 'objectclass': '', 'origin': 'address', 'rank': 7, 'x': 8.721503257751465, 'y': 47.497093200683594, 'zoomlevel': 10}, 'id': 2551636, 'weight': 1}","Untere Vogelsangstrasse 12, 8400 Winterthur"
541,success,Geocoding successful.,47.49760055541992,8.721907615661621,Untere Vogelsangstrasse 10 <b>8400 Winterthur</b>,201005650_1,"{'attrs': {'detail': 'untere vogelsangstrasse 10 8400 winterthur 230 winterthur ch zh', 'featureId': '201005650_1', 'geom_quadindex': '030010211300100033003', 'geom_st_box2d': 'BOX(8.721895 47.497603,8.721895 47.497603)', 'label': 'Untere Vogelsangstrasse 10 <b>8400 Winterthur</b>', 'lat': 47.49760055541992, 'links': [{'href': '/rest/services/ech/MapServer/ch.swisstopo.amtliches-gebaeudeadressverzeichnis/102037618', 'rel': 'related', 'title': 'ch.swisstopo.amtliches-gebaeudeadressverzeichnis'}, {'href': '/rest/services/ech/MapServer/ch.bfs.gebaeude_wohnungs_register/201005650_1', 'rel': 'related', 'title': 'ch.bfs.gebaeude_wohnungs_register'}], 'lon': 8.721907615661621, 'num': 10, 'objectclass': '', 'origin': 'address', 'rank': 7, 'x': 8.721907615661621, 'y': 47.49760055541992, 'zoomlevel': 10}, 'id': 2160720, 'weight': 1}","Untere Vogelsangstrasse 10, 8400 Winterthur"
542,success,Geocoding successful.,47.49851989746094,8.722630500793457,Untere Vogelsangstrasse 8 <b>8400 Winterthur</b>,201005650_0,"{'attrs': {'detail': 'untere vogelsangstrasse 8 8400 winterthur 230 winterthur ch zh', 'featureId': '201005650_0', 'geom_quadindex': '030010211122310221323', 'geom_st_box2d': 'BOX(8.722618 47.498523,8.722618 47.498523)', 'label': 'Untere Vogelsangstrasse 8 <b>8400 Winterthur</b>', 'lat': 47.49851989746094, 'links': [{'href': '/rest/services/ech/MapServer/ch.swisstopo.amtliches-gebaeudeadressverzeichnis/101388046', 'rel': 'related', 'title': 'ch.swisstopo.amtliches-gebaeudeadressverzeichnis'}, {'href': '/rest/services/ech/MapServer/ch.bfs.gebaeude_wohnungs_register/201005650_0', 'rel': 'related', 'title': 'ch.bfs.gebaeude_wohnungs_register'}], 'lon': 8.722630500793457, 'num': 8, 'objectclass': '', 'origin': 'address', 'rank': 7, 'x': 8.722630500793457, 'y': 47.49851989746094, 'zoomlevel': 10}, 'id': 2883258, 'weight': 1}","Untere Vogelsangstrasse 8, 8400 Winterthur"
543,success,Geocoding successful.,47.49367904663086,8.73459243774414,Zeughausstrasse 50 <b>8400 Winterthur</b>,1161929_0,"{'attrs': {'detail': 'zeughausstrasse 50 8400 winterthur 230 winterthur ch zh', 'featureId': '1161929_0', 'geom_quadindex': '030010300202321212223', 'geom_st_box2d': 'BOX(8.73458 47.493681,8.73458 47.493681)', 'label': 'Zeughausstrasse 50 <b>8400 Winterthur</b>', 'lat': 47.49367904663086, 'links': [{'href': '/rest/services/ech/MapServer/ch.swisstopo.amtliches-gebaeudeadressverzeichnis/100811776', 'rel': 'related', 'title': 'ch.swisstopo.amtliches-gebaeudeadressverzeichnis'}, {'href': '/rest/services/ech/MapServer/ch.bfs.gebaeude_wohnungs_register/1161929_0', 'rel': 'related', 'title': 'ch.bfs.gebaeude_wohnungs_register'}], 'lon': 8.73459243774414, 'num': 50, 'objectclass': '', 'origin': 'address', 'rank': 7, 'x': 8.73459243774414, 'y': 47.49367904663086, 'zoomlevel': 10}, 'id': 2151834, 'weight': 1}","Zeughausstrasse 50, 8400 Winterthur"
544,success,Geocoding successful.,47.49370574951172,8.734444618225098,Zeughausstrasse 52 <b>8400 Winterthur</b>,2323606_0,"{'attrs': {'detail': 'zeughausstrasse 52 8400 winterthur 230 winterthur ch zh', 'featureId': '2323606_0', 'geom_quadindex': '030010300202320313000', 'geom_st_box2d': 'BOX(8.734432 47.493708,8.734432 47.493708)', 'label': 'Zeughausstrasse 52 <b>8400 Winterthur</b>', 'lat': 47.49370574951172, 'links': [{'href': '/rest/services/ech/MapServer/ch.swisstopo.amtliches-gebaeudeadressverzeichnis/101161640', 'rel': 'related', 'title': 'ch.swisstopo.amtliches-gebaeudeadressverzeichnis'}, {'href': '/rest/services/ech/MapServer/ch.bfs.gebaeude_wohnungs_register/2323606_0', 'rel': 'related', 'title': 'ch.bfs.gebaeude_wohnungs_register'}], 'lon': 8.734444618225098, 'num': 52, 'objectclass': '', 'origin': 'address', 'rank': 7, 'x': 8.734444618225098, 'y': 47.49370574951172, 'zoomlevel': 10}, 'id': 1854920, 'weight': 1}","Zeughausstrasse 52, 8400 Winterthur"
545,success,Geocoding successful.,47.494354248046875,8.734619140625,Zeughausstrasse 54 <b>8400 Winterthur</b>,201033325_0,"{'attrs': {'detail': 'zeughausstrasse 54 8400 winterthur 230 winterthur ch zh', 'featureId': '201033325_0', 'geom_quadindex': '030010300202301012033', 'geom_st_box2d': 'BOX(8.734607 47.494356,8.734607 47.494356)', 'label': 'Zeughausstrasse 54 <b>8400 Winterthur</b>', 'lat': 47.494354248046875, 'links': [{'href': '/rest/services/ech/MapServer/ch.swisstopo.amtliches-gebaeudeadressverzeichnis/101687304', 'rel': 'related', 'title': 'ch.swisstopo.amtliches-gebaeudeadressverzeichnis'}, {'href': '/rest/services/ech/MapServer/ch.bfs.gebaeude_wohnungs_register/201033325_0', 'rel': 'related', 'title': 'ch.bfs.gebaeude_wohnungs_register'}], 'lon': 8.734619140625, 'num': 54, 'objectclass': '', 'origin': 'address', 'rank': 7, 'x': 8.734619140625, 'y': 47.494354248046875, 'zoomlevel': 10}, 'id': 2118901, 'weight': 1}","Zeughausstrasse 54, 8400 Winterthur"
546,success,Geocoding successful.,47.483428955078125,8.765193939208984,Büelhofstrasse 32 <b>8405 Winterthur</b>,1155741_0,"{'attrs': {'detail': 'bueelhofstrasse 32 8405 winterthur 230 winterthur ch zh', 'featureId': '1155741_0', 'geom_quadindex': '030010303030300121200', 'geom_st_box2d': 'BOX(8.765182 47.483431,8.765182 47.483431)', 'label': 'Büelhofstrasse 32 <b>8405 Winterthur</b>', 'lat': 47.483428955078125, 'links': [{'href': '/rest/services/ech/MapServer/ch.swisstopo.amtliches-gebaeudeadressverzeichnis/100827240', 'rel': 'related', 'title': 'ch.swisstopo.amtliches-gebaeudeadressverzeichnis'}, {'href': '/rest/services/ech/MapServer/ch.bfs.gebaeude_wohnungs_register/1155741_0', 'rel': 'related', 'title': 'ch.bfs.gebaeude_wohnungs_register'}], 'lon': 8.765193939208984, 'num': 32, 'objectclass': '', 'origin': 'address', 'rank': 7, 'x': 8.765193939208984, 'y': 47.483428955078125, 'zoomlevel': 10}, 'id': 2341879, 'weight': 1}","Büelhofstrasse 32, 8405 Winterthur"
547,success,Geocoding successful.,47.498165130615234,8.72501277923584,Meisenstrasse 3 <b>8400 Winterthur</b>,2323865_1,"{'attrs': {'detail': 'meisenstrasse 3 8400 winterthur 230 winterthur ch zh', 'featureId': '2323865_1', 'geom_quadindex': '030010211123320010332', 'geom_st_box2d': 'BOX(8.725 47.498168,8.725 47.498168)', 'label': 'Meisenstrasse 3 <b>8400 Winterthur</b>', 'lat': 47.498165130615234, 'links': [{'href': '/rest/services/ech/MapServer/ch.swisstopo.amtliches-gebaeudeadressverzeichnis/101499998', 'rel': 'related', 'title': 'ch.swisstopo.amtliches-gebaeudeadressverzeichnis'}, {'href': '/rest/services/ech/MapServer/ch.bfs.gebaeude_wohnungs_register/2323865_1', 'rel': 'related', 'title': 'ch.bfs.gebaeude_wohnungs_register'}], 'lon': 8.72501277923584, 'num': 3, 'objectclass': '', 'origin': 'address', 'rank': 7, 'x': 8.72501277923584, 'y': 47.498165130615234, 'zoomlevel': 10}, 'id': 2891228, 'weight': 1}","Meisenstrasse 3, 8400 Winterthur"
548,success,Geocoding successful.,47.498260498046875,8.725007057189941,Meisenstrasse 1 <b>8400 Winterthur</b>,2323865_0,"{'attrs': {'detail': 'meisenstrasse 1 8400 winterthur 230 winterthur ch zh', 'featureId': '2323865_0', 'geom_quadindex': '030010211123302230101', 'geom_st_box2d': 'BOX(8.724994 47.498263,8.724994 47.498263)', 'label': 'Meisenstrasse 1 <b>8400 Winterthur</b>', 'lat': 47.498260498046875, 'links': [{'href': '/rest/services/ech/MapServer/ch.swisstopo.amtliches-gebaeudeadressverzeichnis/101164820', 'rel': 'related', 'title': 'ch.swisstopo.amtliches-gebaeudeadressverzeichnis'}, {'href': '/rest/services/ech/MapServer/ch.bfs.gebaeude_wohnungs_register/2323865_0', 'rel': 'related', 'title': 'ch.bfs.gebaeude_wohnungs_register'}], 'lon': 8.725007057189941, 'num': 1, 'objectclass': '', 'origin': 'address', 'rank': 7, 'x': 8.725007057189941, 'y': 47.498260498046875, 'zoomlevel': 10}, 'id': 2290694, 'weight': 1}","Meisenstrasse 1, 8400 Winterthur"
549,success,Geocoding successful.,47.498191833496094,8.72551441192627,Technikumstrasse 81 <b>8400 Winterthur</b>,2323865_2,"{'attrs': {'detail': 'technikumstrasse 81 8400 winterthur 230 winterthur ch zh', 'featureId': '2323865_2', 'geom_quadindex': '030010211123303323223', 'geom_st_box2d': 'BOX(8.725502 47.498194,8.725502 47.498194)', 'label': 'Technikumstrasse 81 <b>8400 Winterthur</b>', 'lat': 47.498191833496094, 'links': [{'href': '/rest/services/ech/MapServer/ch.swisstopo.amtliches-gebaeudeadressverzeichnis/101492226', 'rel': 'related', 'title': 'ch.swisstopo.amtliches-gebaeudeadressverzeichnis'}, {'href': '/rest/services/ech/MapServer/ch.bfs.gebaeude_wohnungs_register/2323865_2', 'rel': 'related', 'title': 'ch.bfs.gebaeude_wohnungs_register'}], 'lon': 8.72551441192627, 'num': 81, 'objectclass': '', 'origin': 'address', 'rank': 7, 'x': 8.72551441192627, 'y': 47.498191833496094, 'zoomlevel': 10}, 'id': 2345775, 'weight': 1}","Technikumstrasse 81, 8400 Winterthur"
550,success,Geocoding successful.,47.498355865478516,8.725128173828125,Technikumstrasse 83 <b>8400 Winterthur</b>,2323865_3,"{'attrs': {'detail': 'technikumstrasse 83 8400 winterthur 230 winterthur ch zh', 'featureId': '2323865_3', 'geom_quadindex': '030010211123302123002', 'geom_st_box2d': 'BOX(8.725116 47.498358,8.725116 47.498358)', 'label': 'Technikumstrasse 83 <b>8400 Winterthur</b>', 'lat': 47.498355865478516, 'links': [{'href': '/rest/services/ech/MapServer/ch.swisstopo.amtliches-gebaeudeadressverzeichnis/101492230', 'rel': 'related', 'title': 'ch.swisstopo.amtliches-gebaeudeadressverzeichnis'}, {'href': '/rest/services/ech/MapServer/ch.bfs.gebaeude_wohnungs_register/2323865_3', 'rel': 'related', 'title': 'ch.bfs.gebaeude_wohnungs_register'}], 'lon': 8.725128173828125, 'num': 83, 'objectclass': '', 'origin': 'address', 'rank': 7, 'x': 8.725128173828125, 'y': 47.498355865478516, 'zoomlevel': 10}, 'id': 1924016, 'weight': 1}","Technikumstrasse 83, 8400 Winterthur"
551,success,Geocoding successful.,47.51465606689453,8.722992897033691,Am Rosenberg 9 <b>8400 Winterthur</b>,201036534_0,"{'attrs': {'detail': 'am rosenberg 9 8400 winterthur 230 winterthur ch zh', 'featureId': '201036534_0', 'geom_quadindex': '030010033122332201222', 'geom_st_box2d': 'BOX(8.72298 47.514659,8.72298 47.514659)', 'label': 'Am Rosenberg 9 <b>8400 Winterthur</b>', 'lat': 47.51465606689453, 'links': [{'href': '/rest/services/ech/MapServer/ch.swisstopo.amtliches-gebaeudeadressverzeichnis/101741105', 'rel': 'related', 'title': 'ch.swisstopo.amtliches-gebaeudeadressverzeichnis'}, {'href': '/rest/services/ech/MapServer/ch.bfs.gebaeude_wohnungs_register/201036534_0', 'rel': 'related', 'title': 'ch.bfs.gebaeude_wohnungs_register'}], 'lon': 8.722992897033691, 'num': 9, 'objectclass': '', 'origin': 'address', 'rank': 7, 'x': 8.722992897033691, 'y': 47.51465606689453, 'zoomlevel': 10}, 'id': 2250216, 'weight': 1}","Am Rosenberg 9, 8400 Winterthur"
552,success,Geocoding successful.,47.50148391723633,8.730415344238281,Museumstrasse 52 <b>8400 Winterthur</b>,2323573_0,"{'attrs': {'detail': 'museumstrasse 52 8400 winterthur 230 winterthur ch zh', 'featureId': '2323573_0', 'geom_quadindex': '030010211131012020030', 'geom_st_box2d': 'BOX(8.730403 47.501487,8.730403 47.501487)', 'label': 'Museumstrasse 52 <b>8400 Winterthur</b>', 'lat': 47.50148391723633, 'links': [{'href': '/rest/services/ech/MapServer/ch.swisstopo.amtliches-gebaeudeadressverzeichnis/101161636', 'rel': 'related', 'title': 'ch.swisstopo.amtliches-gebaeudeadressverzeichnis'}, {'href': '/rest/services/ech/MapServer/ch.bfs.gebaeude_wohnungs_register/2323573_0', 'rel': 'related', 'title': 'ch.bfs.gebaeude_wohnungs_register'}], 'lon': 8.730415344238281, 'num': 52, 'objectclass': '', 'origin': 'address', 'rank': 7, 'x': 8.730415344238281, 'y': 47.50148391723633, 'zoomlevel': 10}, 'id': 2870379, 'weight': 1}","Museumstrasse 52, 8400 Winterthur"
553,success,Geocoding successful.,47.51993179321289,8.685511589050293,Taggenbergstrasse 78 <b>8408 Winterthur</b>,201032066_0,"{'attrs': {'detail': 'taggenbergstrasse 78 8408 winterthur 230 winterthur ch zh', 'featureId': '201032066_0', 'geom_quadindex': '030010032002303013121', 'geom_st_box2d': 'BOX(8.685498 47.519933,8.685498 47.519933)', 'label': 'Taggenbergstrasse 78 <b>8408 Winterthur</b>', 'lat': 47.51993179321289, 'links': [{'href': '/rest/services/ech/MapServer/ch.swisstopo.amtliches-gebaeudeadressverzeichnis/101674492', 'rel': 'related', 'title': 'ch.swisstopo.amtliches-gebaeudeadressverzeichnis'}, {'href': '/rest/services/ech/MapServer/ch.bfs.gebaeude_wohnungs_register/201032066_0', 'rel': 'related', 'title': 'ch.bfs.gebaeude_wohnungs_register'}], 'lon': 8.685511589050293, 'num': 78, 'objectclass': '', 'origin': 'address', 'rank': 7, 'x': 8.685511589050293, 'y': 47.51993179321289, 'zoomlevel': 10}, 'id': 2042039, 'weight': 1}","Taggenbergstrasse 78, 8408 Winterthur"
554,success,Geocoding successful.,47.51441955566406,8.723540306091309,Am Rosenberg 5 <b>8400 Winterthur</b>,1159322_0,"{'attrs': {'detail': 'am rosenberg 5 8400 winterthur 230 winterthur ch zh', 'featureId': '1159322_0', 'geom_quadindex': '030010033300111122233', 'geom_st_box2d': 'BOX(8.723527 47.514422,8.723527 47.514422)', 'label': 'Am Rosenberg 5 <b>8400 Winterthur</b>', 'lat': 47.51441955566406, 'links': [{'href': '/rest/services/ech/MapServer/ch.swisstopo.amtliches-gebaeudeadressverzeichnis/100826576', 'rel': 'related', 'title': 'ch.swisstopo.amtliches-gebaeudeadressverzeichnis'}, {'href': '/rest/services/ech/MapServer/ch.bfs.gebaeude_wohnungs_register/1159322_0', 'rel': 'related', 'title': 'ch.bfs.gebaeude_wohnungs_register'}], 'lon': 8.723540306091309, 'num': 5, 'objectclass': '', 'origin': 'address', 'rank': 7, 'x': 8.723540306091309, 'y': 47.51441955566406, 'zoomlevel': 10}, 'id': 2776265, 'weight': 1}","Am Rosenberg 5, 8400 Winterthur"
555,success,Geocoding successful.,47.514610290527344,8.723738670349121,Am Rosenberg 7 <b>8400 Winterthur</b>,210192925_0,"{'attrs': {'detail': 'am rosenberg 7 8400 winterthur 230 winterthur ch zh', 'featureId': '210192925_0', 'geom_quadindex': '030010033123222220013', 'geom_st_box2d': 'BOX(8.723726 47.514612,8.723726 47.514612)', 'label': 'Am Rosenberg 7 <b>8400 Winterthur</b>', 'lat': 47.514610290527344, 'links': [{'href': '/rest/services/ech/MapServer/ch.swisstopo.amtliches-gebaeudeadressverzeichnis/101813248', 'rel': 'related', 'title': 'ch.swisstopo.amtliches-gebaeudeadressverzeichnis'}, {'href': '/rest/services/ech/MapServer/ch.bfs.gebaeude_wohnungs_register/210192925_0', 'rel': 'related', 'title': 'ch.bfs.gebaeude_wohnungs_register'}], 'lon': 8.723738670349121, 'num': 7, 'objectclass': '', 'origin': 'address', 'rank': 7, 'x': 8.723738670349121, 'y': 47.514610290527344, 'zoomlevel': 10}, 'id': 2516361, 'weight': 1}","Am Rosenberg 7, 8400 Winterthur"
556,success,Geocoding successful.,47.504337310791016,8.753002166748047,Unterwegli 32 <b>8404 Winterthur</b>,2327007_0,"{'attrs': {'detail': 'unterwegli 32 8404 winterthur 230 winterthur ch zh', 'featureId': '2327007_0', 'geom_quadindex': '030010300110213311100', 'geom_st_box2d': 'BOX(8.75299 47.504339,8.75299 47.504339)', 'label': 'Unterwegli 32 <b>8404 Winterthur</b>', 'lat': 47.504337310791016, 'links': [{'href': '/rest/services/ech/MapServer/ch.swisstopo.amtliches-gebaeudeadressverzeichnis/101166416', 'rel': 'related', 'title': 'ch.swisstopo.amtliches-gebaeudeadressverzeichnis'}, {'href': '/rest/services/ech/MapServer/ch.bfs.gebaeude_wohnungs_register/2327007_0', 'rel': 'related', 'title': 'ch.bfs.gebaeude_wohnungs_register'}], 'lon': 8.753002166748047, 'num': 32, 'objectclass': '', 'origin': 'address', 'rank': 7, 'x': 8.753002166748047, 'y': 47.504337310791016, 'zoomlevel': 10}, 'id': 1961694, 'weight': 1}","Unterwegli 32, 8404 Winterthur"
557,success,Geocoding successful.,47.5147705078125,8.723804473876953,Am Rosenberg 15 <b>8400 Winterthur</b>,201033693_0,"{'attrs': {'detail': 'am rosenberg 15 8400 winterthur 230 winterthur ch zh', 'featureId': '201033693_0', 'geom_quadindex': '030010033123222003103', 'geom_st_box2d': 'BOX(8.723791 47.514774,8.723791 47.514774)', 'label': 'Am Rosenberg 15 <b>8400 Winterthur</b>', 'lat': 47.5147705078125, 'links': [{'href': '/rest/services/ech/MapServer/ch.swisstopo.amtliches-gebaeudeadressverzeichnis/101671937', 'rel': 'related', 'title': 'ch.swisstopo.amtliches-gebaeudeadressverzeichnis'}, {'href': '/rest/services/ech/MapServer/ch.bfs.gebaeude_wohnungs_register/201033693_0', 'rel': 'related', 'title': 'ch.bfs.gebaeude_wohnungs_register'}], 'lon': 8.723804473876953, 'num': 15, 'objectclass': '', 'origin': 'address', 'rank': 7, 'x': 8.723804473876953, 'y': 47.5147705078125, 'zoomlevel': 10}, 'id': 2730953, 'weight': 1}","Am Rosenberg 15, 8400 Winterthur"
558,success,Geocoding successful.,47.504356384277344,8.754475593566895,Frauenfelderstrasse 45 <b>8404 Winterthur</b>,1153668_0,"{'attrs': {'detail': 'frauenfelderstrasse 45 8404 winterthur 230 winterthur ch zh', 'featureId': '1153668_0', 'geom_quadindex': '030010300110313121332', 'geom_st_box2d': 'BOX(8.754464 47.504357,8.754464 47.504357)', 'label': 'Frauenfelderstrasse 45 <b>8404 Winterthur</b>', 'lat': 47.504356384277344, 'links': [{'href': '/rest/services/ech/MapServer/ch.swisstopo.amtliches-gebaeudeadressverzeichnis/100826171', 'rel': 'related', 'title': 'ch.swisstopo.amtliches-gebaeudeadressverzeichnis'}, {'href': '/rest/services/ech/MapServer/ch.bfs.gebaeude_wohnungs_register/1153668_0', 'rel': 'related', 'title': 'ch.bfs.gebaeude_wohnungs_register'}], 'lon': 8.754475593566895, 'num': 45, 'objectclass': '', 'origin': 'address', 'rank': 7, 'x': 8.754475593566895, 'y': 47.504356384277344, 'zoomlevel': 10}, 'id': 2591734, 'weight': 1}","Frauenfelderstrasse 45, 8404 Winterthur"
559,success,Geocoding successful.,47.495513916015625,8.726561546325684,Hochwachtstrasse 11 <b>8400 Winterthur</b>,201035637_1,"{'attrs': {'detail': 'hochwachtstrasse 11 8400 winterthur 230 winterthur ch zh', 'featureId': '201035637_1', 'geom_quadindex': '030010211312000100222', 'geom_st_box2d': 'BOX(8.726549 47.495515,8.726549 47.495515)', 'label': 'Hochwachtstrasse 11 <b>8400 Winterthur</b>', 'lat': 47.495513916015625, 'links': [{'href': '/rest/services/ech/MapServer/ch.swisstopo.amtliches-gebaeudeadressverzeichnis/101672106', 'rel': 'related', 'title': 'ch.swisstopo.amtliches-gebaeudeadressverzeichnis'}, {'href': '/rest/services/ech/MapServer/ch.bfs.gebaeude_wohnungs_register/201035637_1', 'rel': 'related', 'title': 'ch.bfs.gebaeude_wohnungs_register'}], 'lon': 8.726561546325684, 'num': 11, 'objectclass': '', 'origin': 'address', 'rank': 7, 'x': 8.726561546325684, 'y': 47.495513916015625, 'zoomlevel': 10}, 'id': 1908089, 'weight': 1}","Hochwachtstrasse 11, 8400 Winterthur"
560,success,Geocoding successful.,47.50275802612305,8.7160005569458,Walkestrasse 2 <b>8400 Winterthur</b>,1152554_0,"{'attrs': {'detail': 'walkestrasse 2 8400 winterthur 230 winterthur ch zh', 'featureId': '1152554_0', 'geom_quadindex': '030010211012302111201', 'geom_st_box2d': 'BOX(8.715987 47.502759,8.715987 47.502759)', 'label': 'Walkestrasse 2 <b>8400 Winterthur</b>', 'lat': 47.50275802612305, 'links': [{'href': '/rest/services/ech/MapServer/ch.swisstopo.amtliches-gebaeudeadressverzeichnis/100822228', 'rel': 'related', 'title': 'ch.swisstopo.amtliches-gebaeudeadressverzeichnis'}, {'href': '/rest/services/ech/MapServer/ch.bfs.gebaeude_wohnungs_register/1152554_0', 'rel': 'related', 'title': 'ch.bfs.gebaeude_wohnungs_register'}], 'lon': 8.7160005569458, 'num': 2, 'objectclass': '', 'origin': 'address', 'rank': 7, 'x': 8.7160005569458, 'y': 47.50275802612305, 'zoomlevel': 10}, 'id': 1844543, 'weight': 1}","Walkestrasse 2, 8400 Winterthur"
561,success,Geocoding successful.,47.50283432006836,8.71607780456543,Wartstrasse 53 <b>8400 Winterthur</b>,1152555_0,"{'attrs': {'detail': 'wartstrasse 53 8400 winterthur 230 winterthur ch zh', 'featureId': '1152555_0', 'geom_quadindex': '030010211012301220121', 'geom_st_box2d': 'BOX(8.716065 47.502834,8.716065 47.502834)', 'label': 'Wartstrasse 53 <b>8400 Winterthur</b>', 'lat': 47.50283432006836, 'links': [{'href': '/rest/services/ech/MapServer/ch.swisstopo.amtliches-gebaeudeadressverzeichnis/100822229', 'rel': 'related', 'title': 'ch.swisstopo.amtliches-gebaeudeadressverzeichnis'}, {'href': '/rest/services/ech/MapServer/ch.bfs.gebaeude_wohnungs_register/1152555_0', 'rel': 'related', 'title': 'ch.bfs.gebaeude_wohnungs_register'}], 'lon': 8.71607780456543, 'num': 53, 'objectclass': '', 'origin': 'address', 'rank': 7, 'x': 8.71607780456543, 'y': 47.50283432006836, 'zoomlevel': 10}, 'id': 2600504, 'weight': 1}","Wartstrasse 53, 8400 Winterthur"
562,success,Geocoding successful.,47.49656677246094,8.722393035888672,Frohbergstrasse 7 <b>8400 Winterthur</b>,1151632_0,"{'attrs': {'detail': 'frohbergstrasse 7 8400 winterthur 230 winterthur ch zh', 'featureId': '1151632_0', 'geom_quadindex': '030010211300301121121', 'geom_st_box2d': 'BOX(8.722381 47.49657,8.722381 47.49657)', 'label': 'Frohbergstrasse 7 <b>8400 Winterthur</b>', 'lat': 47.49656677246094, 'links': [{'href': '/rest/services/ech/MapServer/ch.swisstopo.amtliches-gebaeudeadressverzeichnis/100819441', 'rel': 'related', 'title': 'ch.swisstopo.amtliches-gebaeudeadressverzeichnis'}, {'href': '/rest/services/ech/MapServer/ch.bfs.gebaeude_wohnungs_register/1151632_0', 'rel': 'related', 'title': 'ch.bfs.gebaeude_wohnungs_register'}], 'lon': 8.722393035888672, 'num': 7, 'objectclass': '', 'origin': 'address', 'rank': 7, 'x': 8.722393035888672, 'y': 47.49656677246094, 'zoomlevel': 10}, 'id': 1913301, 'weight': 1}","Frohbergstrasse 7, 8400 Winterthur"
563,success,Geocoding successful.,47.49626159667969,8.721818923950195,Frohbergstrasse 11 <b>8400 Winterthur</b>,1151634_0,"{'attrs': {'detail': 'frohbergstrasse 11 8400 winterthur 230 winterthur ch zh', 'featureId': '1151634_0', 'geom_quadindex': '030010211300302032220', 'geom_st_box2d': 'BOX(8.721806 47.496264,8.721806 47.496264)', 'label': 'Frohbergstrasse 11 <b>8400 Winterthur</b>', 'lat': 47.49626159667969, 'links': [{'href': '/rest/services/ech/MapServer/ch.swisstopo.amtliches-gebaeudeadressverzeichnis/100819442', 'rel': 'related', 'title': 'ch.swisstopo.amtliches-gebaeudeadressverzeichnis'}, {'href': '/rest/services/ech/MapServer/ch.bfs.gebaeude_wohnungs_register/1151634_0', 'rel': 'related', 'title': 'ch.bfs.gebaeude_wohnungs_register'}], 'lon': 8.721818923950195, 'num': 11, 'objectclass': '', 'origin': 'address', 'rank': 7, 'x': 8.721818923950195, 'y': 47.49626159667969, 'zoomlevel': 10}, 'id': 2486817, 'weight': 1}","Frohbergstrasse 11, 8400 Winterthur"
564,success,Geocoding successful.,47.49618148803711,8.723968505859375,Hochwachtstrasse 7 <b>8400 Winterthur</b>,1151625_0,"{'attrs': {'detail': 'hochwachtstrasse 7 8400 winterthur 230 winterthur ch zh', 'featureId': '1151625_0', 'geom_quadindex': '030010211301203312210', 'geom_st_box2d': 'BOX(8.723956 47.496184,8.723956 47.496184)', 'label': 'Hochwachtstrasse 7 <b>8400 Winterthur</b>', 'lat': 47.49618148803711, 'links': [{'href': '/rest/services/ech/MapServer/ch.swisstopo.amtliches-gebaeudeadressverzeichnis/100819437', 'rel': 'related', 'title': 'ch.swisstopo.amtliches-gebaeudeadressverzeichnis'}, {'href': '/rest/services/ech/MapServer/ch.bfs.gebaeude_wohnungs_register/1151625_0', 'rel': 'related', 'title': 'ch.bfs.gebaeude_wohnungs_register'}], 'lon': 8.723968505859375, 'num': 7, 'objectclass': '', 'origin': 'address', 'rank': 7, 'x': 8.723968505859375, 'y': 47.49618148803711, 'zoomlevel': 10}, 'id': 2003791, 'weight': 1}","Hochwachtstrasse 7, 8400 Winterthur"
565,success,Geocoding successful.,47.51448440551758,8.724377632141113,Am Rosenberg 17 <b>8400 Winterthur</b>,201033055_0,"{'attrs': {'detail': 'am rosenberg 17 8400 winterthur 230 winterthur ch zh', 'featureId': '201033055_0', 'geom_quadindex': '030010033301001103321', 'geom_st_box2d': 'BOX(8.724365 47.514486,8.724365 47.514486)', 'label': 'Am Rosenberg 17 <b>8400 Winterthur</b>', 'lat': 47.51448440551758, 'links': [{'href': '/rest/services/ech/MapServer/ch.swisstopo.amtliches-gebaeudeadressverzeichnis/101684922', 'rel': 'related', 'title': 'ch.swisstopo.amtliches-gebaeudeadressverzeichnis'}, {'href': '/rest/services/ech/MapServer/ch.bfs.gebaeude_wohnungs_register/201033055_0', 'rel': 'related', 'title': 'ch.bfs.gebaeude_wohnungs_register'}], 'lon': 8.724377632141113, 'num': 17, 'objectclass': '', 'origin': 'address', 'rank': 7, 'x': 8.724377632141113, 'y': 47.51448440551758, 'zoomlevel': 10}, 'id': 2544280, 'weight': 1}","Am Rosenberg 17, 8400 Winterthur"
566,success,Geocoding successful.,47.51433563232422,8.724513053894043,Am Rosenberg 19 <b>8400 Winterthur</b>,201031931_0,"{'attrs': {'detail': 'am rosenberg 19 8400 winterthur 230 winterthur ch zh', 'featureId': '201031931_0', 'geom_quadindex': '030010033301010220102', 'geom_st_box2d': 'BOX(8.7245 47.514337,8.7245 47.514337)', 'label': 'Am Rosenberg 19 <b>8400 Winterthur</b>', 'lat': 47.51433563232422, 'links': [{'href': '/rest/services/ech/MapServer/ch.swisstopo.amtliches-gebaeudeadressverzeichnis/101673187', 'rel': 'related', 'title': 'ch.swisstopo.amtliches-gebaeudeadressverzeichnis'}, {'href': '/rest/services/ech/MapServer/ch.bfs.gebaeude_wohnungs_register/201031931_0', 'rel': 'related', 'title': 'ch.bfs.gebaeude_wohnungs_register'}], 'lon': 8.724513053894043, 'num': 19, 'objectclass': '', 'origin': 'address', 'rank': 7, 'x': 8.724513053894043, 'y': 47.51433563232422, 'zoomlevel': 10}, 'id': 2165946, 'weight': 1}","Am Rosenberg 19, 8400 Winterthur"
567,success,Geocoding successful.,47.49577331542969,8.725845336914062,Hochwachtstrasse 9 <b>8400 Winterthur</b>,1151623_0,"{'attrs': {'detail': 'hochwachtstrasse 9 8400 winterthur 230 winterthur ch zh', 'featureId': '1151623_0', 'geom_quadindex': '030010211301332103003', 'geom_st_box2d': 'BOX(8.725832 47.495777,8.725832 47.495777)', 'label': 'Hochwachtstrasse 9 <b>8400 Winterthur</b>', 'lat': 47.49577331542969, 'links': [{'href': '/rest/services/ech/MapServer/ch.swisstopo.amtliches-gebaeudeadressverzeichnis/100819435', 'rel': 'related', 'title': 'ch.swisstopo.amtliches-gebaeudeadressverzeichnis'}, {'href': '/rest/services/ech/MapServer/ch.bfs.gebaeude_wohnungs_register/1151623_0', 'rel': 'related', 'title': 'ch.bfs.gebaeude_wohnungs_register'}], 'lon': 8.725845336914062, 'num': 9, 'objectclass': '', 'origin': 'address', 'rank': 7, 'x': 8.725845336914062, 'y': 47.49577331542969, 'zoomlevel': 10}, 'id': 2169701, 'weight': 1}","Hochwachtstrasse 9, 8400 Winterthur"
568,success,Geocoding successful.,47.47505187988281,8.766097068786621,Tösstalstrasse 320 <b>8405 Winterthur</b>,1156100_0,"{'attrs': {'detail': 'toesstalstrasse 320 8405 winterthur 230 winterthur ch zh', 'featureId': '1156100_0', 'geom_quadindex': '030010303230311011311', 'geom_st_box2d': 'BOX(8.766085 47.475052,8.766085 47.475052)', 'label': 'Tösstalstrasse 320 <b>8405 Winterthur</b>', 'lat': 47.47505187988281, 'links': [{'href': '/rest/services/ech/MapServer/ch.swisstopo.amtliches-gebaeudeadressverzeichnis/100804314', 'rel': 'related', 'title': 'ch.swisstopo.amtliches-gebaeudeadressverzeichnis'}, {'href': '/rest/services/ech/MapServer/ch.bfs.gebaeude_wohnungs_register/1156100_0', 'rel': 'related', 'title': 'ch.bfs.gebaeude_wohnungs_register'}], 'lon': 8.766097068786621, 'num': 320, 'objectclass': '', 'origin': 'address', 'rank': 7, 'x': 8.766097068786621, 'y': 47.47505187988281, 'zoomlevel': 10}, 'id': 2731669, 'weight': 1}","Tösstalstrasse 320, 8405 Winterthur"
569,success,Geocoding successful.,47.48453903198242,8.749735832214355,Waldeggstrasse 81 <b>8405 Winterthur</b>,1155918_0,"{'attrs': {'detail': 'waldeggstrasse 81 8405 winterthur 230 winterthur ch zh', 'featureId': '1155918_0', 'geom_quadindex': '030010302121100330013', 'geom_st_box2d': 'BOX(8.749724 47.484539,8.749724 47.484539)', 'label': 'Waldeggstrasse 81 <b>8405 Winterthur</b>', 'lat': 47.48453903198242, 'links': [{'href': '/rest/services/ech/MapServer/ch.swisstopo.amtliches-gebaeudeadressverzeichnis/100828187', 'rel': 'related', 'title': 'ch.swisstopo.amtliches-gebaeudeadressverzeichnis'}, {'href': '/rest/services/ech/MapServer/ch.bfs.gebaeude_wohnungs_register/1155918_0', 'rel': 'related', 'title': 'ch.bfs.gebaeude_wohnungs_register'}], 'lon': 8.749735832214355, 'num': 81, 'objectclass': '', 'origin': 'address', 'rank': 7, 'x': 8.749735832214355, 'y': 47.48453903198242, 'zoomlevel': 10}, 'id': 1979670, 'weight': 1}","Waldeggstrasse 81, 8405 Winterthur"
570,success,Geocoding successful.,47.498008728027344,8.748783111572266,St. Gallerstrasse 128 <b>8404 Winterthur</b>,2326660_0,"{'attrs': {'detail': 'st. gallerstrasse 128 8404 winterthur 230 winterthur ch zh', 'featureId': '2326660_0', 'geom_quadindex': '030010300123203213313', 'geom_st_box2d': 'BOX(8.748771 47.498009,8.748771 47.498009)', 'label': 'St. Gallerstrasse 128 <b>8404 Winterthur</b>', 'lat': 47.498008728027344, 'links': [{'href': '/rest/services/ech/MapServer/ch.swisstopo.amtliches-gebaeudeadressverzeichnis/101168102', 'rel': 'related', 'title': 'ch.swisstopo.amtliches-gebaeudeadressverzeichnis'}, {'href': '/rest/services/ech/MapServer/ch.bfs.gebaeude_wohnungs_register/2326660_0', 'rel': 'related', 'title': 'ch.bfs.gebaeude_wohnungs_register'}], 'lon': 8.748783111572266, 'num': 128, 'objectclass': '', 'origin': 'address', 'rank': 7, 'x': 8.748783111572266, 'y': 47.498008728027344, 'zoomlevel': 10}, 'id': 2646481, 'weight': 1}","St. Gallerstrasse 128, 8404 Winterthur"
571,success,Geocoding successful.,47.49013900756836,8.727761268615723,Breitestrasse 51 <b>8400 Winterthur</b>,1151158_0,"{'attrs': {'detail': 'breitestrasse 51 8400 winterthur 230 winterthur ch zh', 'featureId': '1151158_0', 'geom_quadindex': '030010211332211133213', 'geom_st_box2d': 'BOX(8.727749 47.49014,8.727749 47.49014)', 'label': 'Breitestrasse 51 <b>8400 Winterthur</b>', 'lat': 47.49013900756836, 'links': [{'href': '/rest/services/ech/MapServer/ch.swisstopo.amtliches-gebaeudeadressverzeichnis/100817786', 'rel': 'related', 'title': 'ch.swisstopo.amtliches-gebaeudeadressverzeichnis'}, {'href': '/rest/services/ech/MapServer/ch.bfs.gebaeude_wohnungs_register/1151158_0', 'rel': 'related', 'title': 'ch.bfs.gebaeude_wohnungs_register'}], 'lon': 8.727761268615723, 'num': 51, 'objectclass': '', 'origin': 'address', 'rank': 7, 'x': 8.727761268615723, 'y': 47.49013900756836, 'zoomlevel': 10}, 'id': 2674953, 'weight': 1}","Breitestrasse 51, 8400 Winterthur"
572,success,Geocoding successful.,47.49013900756836,8.727723121643066,Breitestrasse 53 <b>8400 Winterthur</b>,1151159_0,"{'attrs': {'detail': 'breitestrasse 53 8400 winterthur 230 winterthur ch zh', 'featureId': '1151159_0', 'geom_quadindex': '030010211332211132302', 'geom_st_box2d': 'BOX(8.72771 47.490143,8.72771 47.490143)', 'label': 'Breitestrasse 53 <b>8400 Winterthur</b>', 'lat': 47.49013900756836, 'links': [{'href': '/rest/services/ech/MapServer/ch.swisstopo.amtliches-gebaeudeadressverzeichnis/100817787', 'rel': 'related', 'title': 'ch.swisstopo.amtliches-gebaeudeadressverzeichnis'}, {'href': '/rest/services/ech/MapServer/ch.bfs.gebaeude_wohnungs_register/1151159_0', 'rel': 'related', 'title': 'ch.bfs.gebaeude_wohnungs_register'}], 'lon': 8.727723121643066, 'num': 53, 'objectclass': '', 'origin': 'address', 'rank': 7, 'x': 8.727723121643066, 'y': 47.49013900756836, 'zoomlevel': 10}, 'id': 2528372, 'weight': 1}","Breitestrasse 53, 8400 Winterthur"
573,success,Geocoding successful.,47.4901123046875,8.728095054626465,Breitestrasse 47 <b>8400 Winterthur</b>,1151156_0,"{'attrs': {'detail': 'breitestrasse 47 8400 winterthur 230 winterthur ch zh', 'featureId': '1151156_0', 'geom_quadindex': '030010211332300310032', 'geom_st_box2d': 'BOX(8.728082 47.490113,8.728082 47.490113)', 'label': 'Breitestrasse 47 <b>8400 Winterthur</b>', 'lat': 47.4901123046875, 'links': [{'href': '/rest/services/ech/MapServer/ch.swisstopo.amtliches-gebaeudeadressverzeichnis/100817784', 'rel': 'related', 'title': 'ch.swisstopo.amtliches-gebaeudeadressverzeichnis'}, {'href': '/rest/services/ech/MapServer/ch.bfs.gebaeude_wohnungs_register/1151156_0', 'rel': 'related', 'title': 'ch.bfs.gebaeude_wohnungs_register'}], 'lon': 8.728095054626465, 'num': 47, 'objectclass': '', 'origin': 'address', 'rank': 7, 'x': 8.728095054626465, 'y': 47.4901123046875, 'zoomlevel': 10}, 'id': 2232307, 'weight': 1}","Breitestrasse 47, 8400 Winterthur"
574,success,Geocoding successful.,47.49015808105469,8.727357864379883,Breitestrasse 57 <b>8400 Winterthur</b>,1151161_0,"{'attrs': {'detail': 'breitestrasse 57 8400 winterthur 230 winterthur ch zh', 'featureId': '1151161_0', 'geom_quadindex': '030010211332210133020', 'geom_st_box2d': 'BOX(8.727345 47.490159,8.727345 47.490159)', 'label': 'Breitestrasse 57 <b>8400 Winterthur</b>', 'lat': 47.49015808105469, 'links': [{'href': '/rest/services/ech/MapServer/ch.swisstopo.amtliches-gebaeudeadressverzeichnis/100817789', 'rel': 'related', 'title': 'ch.swisstopo.amtliches-gebaeudeadressverzeichnis'}, {'href': '/rest/services/ech/MapServer/ch.bfs.gebaeude_wohnungs_register/1151161_0', 'rel': 'related', 'title': 'ch.bfs.gebaeude_wohnungs_register'}], 'lon': 8.727357864379883, 'num': 57, 'objectclass': '', 'origin': 'address', 'rank': 7, 'x': 8.727357864379883, 'y': 47.49015808105469, 'zoomlevel': 10}, 'id': 2468256, 'weight': 1}","Breitestrasse 57, 8400 Winterthur"
575,success,Geocoding successful.,47.49016189575195,8.727152824401855,Breitestrasse 59 <b>8400 Winterthur</b>,1151162_0,"{'attrs': {'detail': 'breitestrasse 59 8400 winterthur 230 winterthur ch zh', 'featureId': '1151162_0', 'geom_quadindex': '030010211332210032112', 'geom_st_box2d': 'BOX(8.727141 47.490163,8.727141 47.490163)', 'label': 'Breitestrasse 59 <b>8400 Winterthur</b>', 'lat': 47.49016189575195, 'links': [{'href': '/rest/services/ech/MapServer/ch.swisstopo.amtliches-gebaeudeadressverzeichnis/100817790', 'rel': 'related', 'title': 'ch.swisstopo.amtliches-gebaeudeadressverzeichnis'}, {'href': '/rest/services/ech/MapServer/ch.bfs.gebaeude_wohnungs_register/1151162_0', 'rel': 'related', 'title': 'ch.bfs.gebaeude_wohnungs_register'}], 'lon': 8.727152824401855, 'num': 59, 'objectclass': '', 'origin': 'address', 'rank': 7, 'x': 8.727152824401855, 'y': 47.49016189575195, 'zoomlevel': 10}, 'id': 1900721, 'weight': 1}","Breitestrasse 59, 8400 Winterthur"
576,success,Geocoding successful.,47.4901008605957,8.728296279907227,Breitestrasse 45 <b>8400 Winterthur</b>,1151155_0,"{'attrs': {'detail': 'breitestrasse 45 8400 winterthur 230 winterthur ch zh', 'featureId': '1151155_0', 'geom_quadindex': '030010211332301210211', 'geom_st_box2d': 'BOX(8.728284 47.490104,8.728284 47.490104)', 'label': 'Breitestrasse 45 <b>8400 Winterthur</b>', 'lat': 47.4901008605957, 'links': [{'href': '/rest/services/ech/MapServer/ch.swisstopo.amtliches-gebaeudeadressverzeichnis/100817783', 'rel': 'related', 'title': 'ch.swisstopo.amtliches-gebaeudeadressverzeichnis'}, {'href': '/rest/services/ech/MapServer/ch.bfs.gebaeude_wohnungs_register/1151155_0', 'rel': 'related', 'title': 'ch.bfs.gebaeude_wohnungs_register'}], 'lon': 8.728296279907227, 'num': 45, 'objectclass': '', 'origin': 'address', 'rank': 7, 'x': 8.728296279907227, 'y': 47.4901008605957, 'zoomlevel': 10}, 'id': 2393207, 'weight': 1}","Breitestrasse 45, 8400 Winterthur"
577,success,Geocoding successful.,47.490142822265625,8.727845191955566,Breitestrasse 49 <b>8400 Winterthur</b>,1151157_0,"{'attrs': {'detail': 'breitestrasse 49 8400 winterthur 230 winterthur ch zh', 'featureId': '1151157_0', 'geom_quadindex': '030010211332300023200', 'geom_st_box2d': 'BOX(8.727832 47.490143,8.727832 47.490143)', 'label': 'Breitestrasse 49 <b>8400 Winterthur</b>', 'lat': 47.490142822265625, 'links': [{'href': '/rest/services/ech/MapServer/ch.swisstopo.amtliches-gebaeudeadressverzeichnis/100817785', 'rel': 'related', 'title': 'ch.swisstopo.amtliches-gebaeudeadressverzeichnis'}, {'href': '/rest/services/ech/MapServer/ch.bfs.gebaeude_wohnungs_register/1151157_0', 'rel': 'related', 'title': 'ch.bfs.gebaeude_wohnungs_register'}], 'lon': 8.727845191955566, 'num': 49, 'objectclass': '', 'origin': 'address', 'rank': 7, 'x': 8.727845191955566, 'y': 47.490142822265625, 'zoomlevel': 10}, 'id': 1905359, 'weight': 1}","Breitestrasse 49, 8400 Winterthur"
578,success,Geocoding successful.,47.490150451660156,8.727638244628906,Breitestrasse 55 <b>8400 Winterthur</b>,1151160_0,"{'attrs': {'detail': 'breitestrasse 55 8400 winterthur 230 winterthur ch zh', 'featureId': '1151160_0', 'geom_quadindex': '030010211332211122130', 'geom_st_box2d': 'BOX(8.727626 47.490154,8.727626 47.490154)', 'label': 'Breitestrasse 55 <b>8400 Winterthur</b>', 'lat': 47.490150451660156, 'links': [{'href': '/rest/services/ech/MapServer/ch.swisstopo.amtliches-gebaeudeadressverzeichnis/100817788', 'rel': 'related', 'title': 'ch.swisstopo.amtliches-gebaeudeadressverzeichnis'}, {'href': '/rest/services/ech/MapServer/ch.bfs.gebaeude_wohnungs_register/1151160_0', 'rel': 'related', 'title': 'ch.bfs.gebaeude_wohnungs_register'}], 'lon': 8.727638244628906, 'num': 55, 'objectclass': '', 'origin': 'address', 'rank': 7, 'x': 8.727638244628906, 'y': 47.490150451660156, 'zoomlevel': 10}, 'id': 2595406, 'weight': 1}","Breitestrasse 55, 8400 Winterthur"
579,success,Geocoding successful.,47.49171447753906,8.719482421875,Lärchenstrasse 45 <b>8400 Winterthur</b>,1151523_0,"{'attrs': {'detail': 'laerchenstrasse 45 8400 winterthur 230 winterthur ch zh', 'featureId': '1151523_0', 'geom_quadindex': '030010211231330320201', 'geom_st_box2d': 'BOX(8.719469 47.491718,8.719469 47.491718)', 'label': 'Lärchenstrasse 45 <b>8400 Winterthur</b>', 'lat': 47.49171447753906, 'links': [{'href': '/rest/services/ech/MapServer/ch.swisstopo.amtliches-gebaeudeadressverzeichnis/100817636', 'rel': 'related', 'title': 'ch.swisstopo.amtliches-gebaeudeadressverzeichnis'}, {'href': '/rest/services/ech/MapServer/ch.bfs.gebaeude_wohnungs_register/1151523_0', 'rel': 'related', 'title': 'ch.bfs.gebaeude_wohnungs_register'}], 'lon': 8.719482421875, 'num': 45, 'objectclass': '', 'origin': 'address', 'rank': 7, 'x': 8.719482421875, 'y': 47.49171447753906, 'zoomlevel': 10}, 'id': 2718530, 'weight': 1}","Lärchenstrasse 45, 8400 Winterthur"
580,success,Geocoding successful.,47.49177551269531,8.719605445861816,Lärchenstrasse 43 <b>8400 Winterthur</b>,1151525_0,"{'attrs': {'detail': 'laerchenstrasse 43 8400 winterthur 230 winterthur ch zh', 'featureId': '1151525_0', 'geom_quadindex': '030010211231330310330', 'geom_st_box2d': 'BOX(8.719593 47.491777,8.719593 47.491777)', 'label': 'Lärchenstrasse 43 <b>8400 Winterthur</b>', 'lat': 47.49177551269531, 'links': [{'href': '/rest/services/ech/MapServer/ch.swisstopo.amtliches-gebaeudeadressverzeichnis/100817638', 'rel': 'related', 'title': 'ch.swisstopo.amtliches-gebaeudeadressverzeichnis'}, {'href': '/rest/services/ech/MapServer/ch.bfs.gebaeude_wohnungs_register/1151525_0', 'rel': 'related', 'title': 'ch.bfs.gebaeude_wohnungs_register'}], 'lon': 8.719605445861816, 'num': 43, 'objectclass': '', 'origin': 'address', 'rank': 7, 'x': 8.719605445861816, 'y': 47.49177551269531, 'zoomlevel': 10}, 'id': 2858706, 'weight': 1}","Lärchenstrasse 43, 8400 Winterthur"
581,success,Geocoding successful.,47.49155807495117,8.71943187713623,Lärchenstrasse 47 <b>8400 Winterthur</b>,1151521_0,"{'attrs': {'detail': 'laerchenstrasse 47 8400 winterthur 230 winterthur ch zh', 'featureId': '1151521_0', 'geom_quadindex': '030010211231332033030', 'geom_st_box2d': 'BOX(8.719419 47.491562,8.719419 47.491562)', 'label': 'Lärchenstrasse 47 <b>8400 Winterthur</b>', 'lat': 47.49155807495117, 'links': [{'href': '/rest/services/ech/MapServer/ch.swisstopo.amtliches-gebaeudeadressverzeichnis/100817634', 'rel': 'related', 'title': 'ch.swisstopo.amtliches-gebaeudeadressverzeichnis'}, {'href': '/rest/services/ech/MapServer/ch.bfs.gebaeude_wohnungs_register/1151521_0', 'rel': 'related', 'title': 'ch.bfs.gebaeude_wohnungs_register'}], 'lon': 8.71943187713623, 'num': 47, 'objectclass': '', 'origin': 'address', 'rank': 7, 'x': 8.71943187713623, 'y': 47.49155807495117, 'zoomlevel': 10}, 'id': 1922046, 'weight': 1}","Lärchenstrasse 47, 8400 Winterthur"
582,success,Geocoding successful.,47.496543884277344,8.746936798095703,Oberer Deutweg 1 <b>8400 Winterthur</b>,2323204_0,"{'attrs': {'detail': 'oberer deutweg 1 8400 winterthur 230 winterthur ch zh', 'featureId': '2323204_0', 'geom_quadindex': '030010300300122130303', 'geom_st_box2d': 'BOX(8.746924 47.496546,8.746924 47.496546)', 'label': 'Oberer Deutweg 1 <b>8400 Winterthur</b>', 'lat': 47.496543884277344, 'links': [{'href': '/rest/services/ech/MapServer/ch.swisstopo.amtliches-gebaeudeadressverzeichnis/101013881', 'rel': 'related', 'title': 'ch.swisstopo.amtliches-gebaeudeadressverzeichnis'}, {'href': '/rest/services/ech/MapServer/ch.bfs.gebaeude_wohnungs_register/2323204_0', 'rel': 'related', 'title': 'ch.bfs.gebaeude_wohnungs_register'}], 'lon': 8.746936798095703, 'num': 1, 'objectclass': '', 'origin': 'address', 'rank': 7, 'x': 8.746936798095703, 'y': 47.496543884277344, 'zoomlevel': 10}, 'id': 1923093, 'weight': 1}","Oberer Deutweg 1, 8400 Winterthur"
583,success,Geocoding successful.,47.507999420166016,8.75908088684082,Schiltwiesenweg 2 <b>8404 Winterthur</b>,1153592_0,"{'attrs': {'detail': 'schiltwiesenweg 2 8404 winterthur 230 winterthur ch zh', 'featureId': '1153592_0', 'geom_quadindex': '030010123220233030321', 'geom_st_box2d': 'BOX(8.759069 47.508,8.759069 47.508)', 'label': 'Schiltwiesenweg 2 <b>8404 Winterthur</b>', 'lat': 47.507999420166016, 'links': [{'href': '/rest/services/ech/MapServer/ch.swisstopo.amtliches-gebaeudeadressverzeichnis/100826645', 'rel': 'related', 'title': 'ch.swisstopo.amtliches-gebaeudeadressverzeichnis'}, {'href': '/rest/services/ech/MapServer/ch.bfs.gebaeude_wohnungs_register/1153592_0', 'rel': 'related', 'title': 'ch.bfs.gebaeude_wohnungs_register'}], 'lon': 8.75908088684082, 'num': 2, 'objectclass': '', 'origin': 'address', 'rank': 7, 'x': 8.75908088684082, 'y': 47.507999420166016, 'zoomlevel': 10}, 'id': 2013264, 'weight': 1}","Schiltwiesenweg 2, 8404 Winterthur"
584,success,Geocoding successful.,47.49813461303711,8.755675315856934,St. Gallerstrasse 172 <b>8404 Winterthur</b>,2326661_0,"{'attrs': {'detail': 'st. gallerstrasse 172 8404 winterthur 230 winterthur ch zh', 'featureId': '2326661_0', 'geom_quadindex': '030010300133211223123', 'geom_st_box2d': 'BOX(8.755664 47.498137,8.755664 47.498137)', 'label': 'St. Gallerstrasse 172 <b>8404 Winterthur</b>', 'lat': 47.49813461303711, 'links': [{'href': '/rest/services/ech/MapServer/ch.swisstopo.amtliches-gebaeudeadressverzeichnis/101168103', 'rel': 'related', 'title': 'ch.swisstopo.amtliches-gebaeudeadressverzeichnis'}, {'href': '/rest/services/ech/MapServer/ch.bfs.gebaeude_wohnungs_register/2326661_0', 'rel': 'related', 'title': 'ch.bfs.gebaeude_wohnungs_register'}], 'lon': 8.755675315856934, 'num': 172, 'objectclass': '', 'origin': 'address', 'rank': 7, 'x': 8.755675315856934, 'y': 47.49813461303711, 'zoomlevel': 10}, 'id': 2896046, 'weight': 1}","St. Gallerstrasse 172, 8404 Winterthur"
585,success,Geocoding successful.,47.49205780029297,8.713715553283691,Untere Briggerstrasse 20 <b>8406 Winterthur</b>,2323667_0,"{'attrs': {'detail': 'untere briggerstrasse 20 8406 winterthur 230 winterthur ch zh', 'featureId': '2323667_0', 'geom_quadindex': '030010211221313321013', 'geom_st_box2d': 'BOX(8.713703 47.492058,8.713703 47.492058)', 'label': 'Untere Briggerstrasse 20 <b>8406 Winterthur</b>', 'lat': 47.49205780029297, 'links': [{'href': '/rest/services/ech/MapServer/ch.swisstopo.amtliches-gebaeudeadressverzeichnis/101160248', 'rel': 'related', 'title': 'ch.swisstopo.amtliches-gebaeudeadressverzeichnis'}, {'href': '/rest/services/ech/MapServer/ch.bfs.gebaeude_wohnungs_register/2323667_0', 'rel': 'related', 'title': 'ch.bfs.gebaeude_wohnungs_register'}], 'lon': 8.713715553283691, 'num': 20, 'objectclass': '', 'origin': 'address', 'rank': 7, 'x': 8.713715553283691, 'y': 47.49205780029297, 'zoomlevel': 10}, 'id': 2698948, 'weight': 1}","Untere Briggerstrasse 20, 8406 Winterthur"
586,success,Geocoding successful.,47.48494338989258,8.749856948852539,Waldeggstrasse 81a <b>8405 Winterthur</b>,201034156_0,"{'attrs': {'detail': 'waldeggstrasse 81a 8405 winterthur 230 winterthur ch zh', 'featureId': '201034156_0', 'geom_quadindex': '030010302103323002323', 'geom_st_box2d': 'BOX(8.749844 47.484944,8.749844 47.484944)', 'label': 'Waldeggstrasse 81a <b>8405 Winterthur</b>', 'lat': 47.48494338989258, 'links': [{'href': '/rest/services/ech/MapServer/ch.swisstopo.amtliches-gebaeudeadressverzeichnis/101677118', 'rel': 'related', 'title': 'ch.swisstopo.amtliches-gebaeudeadressverzeichnis'}, {'href': '/rest/services/ech/MapServer/ch.bfs.gebaeude_wohnungs_register/201034156_0', 'rel': 'related', 'title': 'ch.bfs.gebaeude_wohnungs_register'}], 'lon': 8.749856948852539, 'num': 81, 'objectclass': '', 'origin': 'address', 'rank': 7, 'x': 8.749856948852539, 'y': 47.48494338989258, 'zoomlevel': 10}, 'id': 2003211, 'weight': 1}","Waldeggstrasse 81a, 8405 Winterthur"
587,success,Geocoding successful.,47.506107330322266,8.758769035339355,Hegistrasse 49 <b>8404 Winterthur</b>,1154821_0,"{'attrs': {'detail': 'hegistrasse 49 8404 winterthur 230 winterthur ch zh', 'featureId': '1154821_0', 'geom_quadindex': '030010123222230301030', 'geom_st_box2d': 'BOX(8.758757 47.506109,8.758757 47.506109)', 'label': 'Hegistrasse 49 <b>8404 Winterthur</b>', 'lat': 47.506107330322266, 'links': [{'href': '/rest/services/ech/MapServer/ch.swisstopo.amtliches-gebaeudeadressverzeichnis/100808107', 'rel': 'related', 'title': 'ch.swisstopo.amtliches-gebaeudeadressverzeichnis'}, {'href': '/rest/services/ech/MapServer/ch.bfs.gebaeude_wohnungs_register/1154821_0', 'rel': 'related', 'title': 'ch.bfs.gebaeude_wohnungs_register'}], 'lon': 8.758769035339355, 'num': 49, 'objectclass': '', 'origin': 'address', 'rank': 7, 'x': 8.758769035339355, 'y': 47.506107330322266, 'zoomlevel': 10}, 'id': 2860613, 'weight': 1}","Hegistrasse 49, 8404 Winterthur"
588,success,Geocoding successful.,47.496707916259766,8.723724365234375,Heiligbergstrasse 25 <b>8400 Winterthur</b>,1151622_0,"{'attrs': {'detail': 'heiligbergstrasse 25 8400 winterthur 230 winterthur ch zh', 'featureId': '1151622_0', 'geom_quadindex': '030010211301023203200', 'geom_st_box2d': 'BOX(8.723711 47.496711,8.723711 47.496711)', 'label': 'Heiligbergstrasse 25 <b>8400 Winterthur</b>', 'lat': 47.496707916259766, 'links': [{'href': '/rest/services/ech/MapServer/ch.swisstopo.amtliches-gebaeudeadressverzeichnis/100819434', 'rel': 'related', 'title': 'ch.swisstopo.amtliches-gebaeudeadressverzeichnis'}, {'href': '/rest/services/ech/MapServer/ch.bfs.gebaeude_wohnungs_register/1151622_0', 'rel': 'related', 'title': 'ch.bfs.gebaeude_wohnungs_register'}], 'lon': 8.723724365234375, 'num': 25, 'objectclass': '', 'origin': 'address', 'rank': 7, 'x': 8.723724365234375, 'y': 47.496707916259766, 'zoomlevel': 10}, 'id': 2055151, 'weight': 1}","Heiligbergstrasse 25, 8400 Winterthur"
589,success,Geocoding successful.,47.477821350097656,8.701173782348633,Hündlerstrasse 8 <b>8406 Winterthur</b>,201036356_0,"{'attrs': {'detail': 'huendlerstrasse 8 8406 winterthur 230 winterthur ch zh', 'featureId': '201036356_0', 'geom_quadindex': '030010212312200030210', 'geom_st_box2d': 'BOX(8.701161 47.477823,8.701161 47.477823)', 'label': 'Hündlerstrasse 8 <b>8406 Winterthur</b>', 'lat': 47.477821350097656, 'links': [{'href': '/rest/services/ech/MapServer/ch.swisstopo.amtliches-gebaeudeadressverzeichnis/101679841', 'rel': 'related', 'title': 'ch.swisstopo.amtliches-gebaeudeadressverzeichnis'}, {'href': '/rest/services/ech/MapServer/ch.bfs.gebaeude_wohnungs_register/201036356_0', 'rel': 'related', 'title': 'ch.bfs.gebaeude_wohnungs_register'}], 'lon': 8.701173782348633, 'num': 8, 'objectclass': '', 'origin': 'address', 'rank': 7, 'x': 8.701173782348633, 'y': 47.477821350097656, 'zoomlevel': 10}, 'id': 2736837, 'weight': 1}","Hündlerstrasse 8, 8406 Winterthur"
590,success,Geocoding successful.,47.49509048461914,8.73526668548584,Obermühlestrasse 7 <b>8400 Winterthur</b>,3001084_0,"{'attrs': {'detail': 'obermuehlestrasse 7 8400 winterthur 230 winterthur ch zh', 'featureId': '3001084_0', 'geom_quadindex': '030010300202112131230', 'geom_st_box2d': 'BOX(8.735254 47.495093,8.735254 47.495093)', 'label': 'Obermühlestrasse 7 <b>8400 Winterthur</b>', 'lat': 47.49509048461914, 'links': [{'href': '/rest/services/ech/MapServer/ch.swisstopo.amtliches-gebaeudeadressverzeichnis/101097337', 'rel': 'related', 'title': 'ch.swisstopo.amtliches-gebaeudeadressverzeichnis'}, {'href': '/rest/services/ech/MapServer/ch.bfs.gebaeude_wohnungs_register/3001084_0', 'rel': 'related', 'title': 'ch.bfs.gebaeude_wohnungs_register'}], 'lon': 8.73526668548584, 'num': 7, 'objectclass': '', 'origin': 'address', 'rank': 7, 'x': 8.73526668548584, 'y': 47.49509048461914, 'zoomlevel': 10}, 'id': 2165639, 'weight': 1}","Obermühlestrasse 7, 8400 Winterthur"
591,success,Geocoding successful.,47.505550384521484,8.742586135864258,Süsenbergstrasse 15 <b>8400 Winterthur</b>,1151041_0,"{'attrs': {'detail': 'suesenbergstrasse 15 8400 winterthur 230 winterthur ch zh', 'featureId': '1151041_0', 'geom_quadindex': '030010300011003020321', 'geom_st_box2d': 'BOX(8.742574 47.505552,8.742574 47.505552)', 'label': 'Süsenbergstrasse 15 <b>8400 Winterthur</b>', 'lat': 47.505550384521484, 'links': [{'href': '/rest/services/ech/MapServer/ch.swisstopo.amtliches-gebaeudeadressverzeichnis/100823673', 'rel': 'related', 'title': 'ch.swisstopo.amtliches-gebaeudeadressverzeichnis'}, {'href': '/rest/services/ech/MapServer/ch.bfs.gebaeude_wohnungs_register/1151041_0', 'rel': 'related', 'title': 'ch.bfs.gebaeude_wohnungs_register'}], 'lon': 8.742586135864258, 'num': 15, 'objectclass': '', 'origin': 'address', 'rank': 7, 'x': 8.742586135864258, 'y': 47.505550384521484, 'zoomlevel': 10}, 'id': 1909000, 'weight': 1}","Süsenbergstrasse 15, 8400 Winterthur"
592,success,Geocoding successful.,47.50602722167969,8.716734886169434,Wülflingerstrasse 42 <b>8400 Winterthur</b>,2324415_0,"{'attrs': {'detail': 'wuelflingerstrasse 42 8400 winterthur 230 winterthur ch zh', 'featureId': '2324415_0', 'geom_quadindex': '030010211010110302101', 'geom_st_box2d': 'BOX(8.716722 47.50603,8.716722 47.50603)', 'label': 'Wülflingerstrasse 42 <b>8400 Winterthur</b>', 'lat': 47.50602722167969, 'links': [{'href': '/rest/services/ech/MapServer/ch.swisstopo.amtliches-gebaeudeadressverzeichnis/101164849', 'rel': 'related', 'title': 'ch.swisstopo.amtliches-gebaeudeadressverzeichnis'}, {'href': '/rest/services/ech/MapServer/ch.bfs.gebaeude_wohnungs_register/2324415_0', 'rel': 'related', 'title': 'ch.bfs.gebaeude_wohnungs_register'}], 'lon': 8.716734886169434, 'num': 42, 'objectclass': '', 'origin': 'address', 'rank': 7, 'x': 8.716734886169434, 'y': 47.50602722167969, 'zoomlevel': 10}, 'id': 2892241, 'weight': 1}","Wülflingerstrasse 42, 8400 Winterthur"
593,success,Geocoding successful.,47.50693893432617,8.7605562210083,Hegifeldstrasse 1a <b>8404 Winterthur</b>,2326512_0,"{'attrs': {'detail': 'hegifeldstrasse 1a 8404 winterthur 230 winterthur ch zh', 'featureId': '2326512_0', 'geom_quadindex': '030010123222133021122', 'geom_st_box2d': 'BOX(8.760545 47.506943,8.760545 47.506943)', 'label': 'Hegifeldstrasse 1a <b>8404 Winterthur</b>', 'lat': 47.50693893432617, 'links': [{'href': '/rest/services/ech/MapServer/ch.swisstopo.amtliches-gebaeudeadressverzeichnis/101168074', 'rel': 'related', 'title': 'ch.swisstopo.amtliches-gebaeudeadressverzeichnis'}, {'href': '/rest/services/ech/MapServer/ch.bfs.gebaeude_wohnungs_register/2326512_0', 'rel': 'related', 'title': 'ch.bfs.gebaeude_wohnungs_register'}], 'lon': 8.7605562210083, 'num': 1, 'objectclass': '', 'origin': 'address', 'rank': 7, 'x': 8.7605562210083, 'y': 47.50693893432617, 'zoomlevel': 10}, 'id': 1919106, 'weight': 1}","Hegifeldstrasse 1a, 8404 Winterthur"
594,success,Geocoding successful.,47.49443054199219,8.707880020141602,Untere Schöntalstrasse 19 <b>8406 Winterthur</b>,3001593_0,"{'attrs': {'detail': 'untere schoentalstrasse 19 8406 winterthur 230 winterthur ch zh', 'featureId': '3001593_0', 'geom_quadindex': '030010211202202100001', 'geom_st_box2d': 'BOX(8.707867 47.494434,8.707867 47.494434)', 'label': 'Untere Schöntalstrasse 19 <b>8406 Winterthur</b>', 'lat': 47.49443054199219, 'links': [{'href': '/rest/services/ech/MapServer/ch.swisstopo.amtliches-gebaeudeadressverzeichnis/101078456', 'rel': 'related', 'title': 'ch.swisstopo.amtliches-gebaeudeadressverzeichnis'}, {'href': '/rest/services/ech/MapServer/ch.bfs.gebaeude_wohnungs_register/3001593_0', 'rel': 'related', 'title': 'ch.bfs.gebaeude_wohnungs_register'}], 'lon': 8.707880020141602, 'num': 19, 'objectclass': '', 'origin': 'address', 'rank': 7, 'x': 8.707880020141602, 'y': 47.49443054199219, 'zoomlevel': 10}, 'id': 1984720, 'weight': 1}","Untere Schöntalstrasse 19, 8406 Winterthur"
595,success,Geocoding successful.,47.50272750854492,8.73740005493164,Bahnstrasse 17 <b>8400 Winterthur</b>,1150556_0,"{'attrs': {'detail': 'bahnstrasse 17 8400 winterthur 230 winterthur ch zh', 'featureId': '1150556_0', 'geom_quadindex': '030010300003211131031', 'geom_st_box2d': 'BOX(8.737388 47.502728,8.737388 47.502728)', 'label': 'Bahnstrasse 17 <b>8400 Winterthur</b>', 'lat': 47.50272750854492, 'links': [{'href': '/rest/services/ech/MapServer/ch.swisstopo.amtliches-gebaeudeadressverzeichnis/100821799', 'rel': 'related', 'title': 'ch.swisstopo.amtliches-gebaeudeadressverzeichnis'}, {'href': '/rest/services/ech/MapServer/ch.bfs.gebaeude_wohnungs_register/1150556_0', 'rel': 'related', 'title': 'ch.bfs.gebaeude_wohnungs_register'}], 'lon': 8.73740005493164, 'num': 17, 'objectclass': '', 'origin': 'address', 'rank': 7, 'x': 8.73740005493164, 'y': 47.50272750854492, 'zoomlevel': 10}, 'id': 2718406, 'weight': 1}","Bahnstrasse 17, 8400 Winterthur"
596,success,Geocoding successful.,47.50273513793945,8.737371444702148,Bahnstrasse 19 <b>8400 Winterthur</b>,1150557_0,"{'attrs': {'detail': 'bahnstrasse 19 8400 winterthur 230 winterthur ch zh', 'featureId': '1150557_0', 'geom_quadindex': '030010300003211112332', 'geom_st_box2d': 'BOX(8.737359 47.502739,8.737359 47.502739)', 'label': 'Bahnstrasse 19 <b>8400 Winterthur</b>', 'lat': 47.50273513793945, 'links': [{'href': '/rest/services/ech/MapServer/ch.swisstopo.amtliches-gebaeudeadressverzeichnis/100821800', 'rel': 'related', 'title': 'ch.swisstopo.amtliches-gebaeudeadressverzeichnis'}, {'href': '/rest/services/ech/MapServer/ch.bfs.gebaeude_wohnungs_register/1150557_0', 'rel': 'related', 'title': 'ch.bfs.gebaeude_wohnungs_register'}], 'lon': 8.737371444702148, 'num': 19, 'objectclass': '', 'origin': 'address', 'rank': 7, 'x': 8.737371444702148, 'y': 47.50273513793945, 'zoomlevel': 10}, 'id': 1944198, 'weight': 1}","Bahnstrasse 19, 8400 Winterthur"
597,success,Geocoding successful.,47.494781494140625,8.725584030151367,Hochwachtstrasse 20 <b>8400 Winterthur</b>,1151601_0,"{'attrs': {'detail': 'hochwachtstrasse 20 8400 winterthur 230 winterthur ch zh', 'featureId': '1151601_0', 'geom_quadindex': '030010211303130222032', 'geom_st_box2d': 'BOX(8.725571 47.494785,8.725571 47.494785)', 'label': 'Hochwachtstrasse 20 <b>8400 Winterthur</b>', 'lat': 47.494781494140625, 'links': [{'href': '/rest/services/ech/MapServer/ch.swisstopo.amtliches-gebaeudeadressverzeichnis/100819134', 'rel': 'related', 'title': 'ch.swisstopo.amtliches-gebaeudeadressverzeichnis'}, {'href': '/rest/services/ech/MapServer/ch.bfs.gebaeude_wohnungs_register/1151601_0', 'rel': 'related', 'title': 'ch.bfs.gebaeude_wohnungs_register'}], 'lon': 8.725584030151367, 'num': 20, 'objectclass': '', 'origin': 'address', 'rank': 7, 'x': 8.725584030151367, 'y': 47.494781494140625, 'zoomlevel': 10}, 'id': 2624893, 'weight': 1}","Hochwachtstrasse 20, 8400 Winterthur"
598,success,Geocoding successful.,47.484527587890625,8.763396263122559,Kanzleistrasse 20 <b>8405 Winterthur</b>,1155738_0,"{'attrs': {'detail': 'kanzleistrasse 20 8405 winterthur 230 winterthur ch zh', 'featureId': '1155738_0', 'geom_quadindex': '030010303021111113320', 'geom_st_box2d': 'BOX(8.763385 47.484531,8.763385 47.484531)', 'label': 'Kanzleistrasse 20 <b>8405 Winterthur</b>', 'lat': 47.484527587890625, 'links': [{'href': '/rest/services/ech/MapServer/ch.swisstopo.amtliches-gebaeudeadressverzeichnis/100827237', 'rel': 'related', 'title': 'ch.swisstopo.amtliches-gebaeudeadressverzeichnis'}, {'href': '/rest/services/ech/MapServer/ch.bfs.gebaeude_wohnungs_register/1155738_0', 'rel': 'related', 'title': 'ch.bfs.gebaeude_wohnungs_register'}], 'lon': 8.763396263122559, 'num': 20, 'objectclass': '', 'origin': 'address', 'rank': 7, 'x': 8.763396263122559, 'y': 47.484527587890625, 'zoomlevel': 10}, 'id': 1902582, 'weight': 1}","Kanzleistrasse 20, 8405 Winterthur"
599,success,Geocoding successful.,47.51329040527344,8.69159984588623,Holzlegistrasse 34 <b>8408 Winterthur</b>,201032034_0,"{'attrs': {'detail': 'holzlegistrasse 34 8408 winterthur 230 winterthur ch zh', 'featureId': '201032034_0', 'geom_quadindex': '030010032210321100222', 'geom_st_box2d': 'BOX(8.691587 47.513292,8.691587 47.513292)', 'label': 'Holzlegistrasse 34 <b>8408 Winterthur</b>', 'lat': 47.51329040527344, 'links': [{'href': '/rest/services/ech/MapServer/ch.swisstopo.amtliches-gebaeudeadressverzeichnis/101673288', 'rel': 'related', 'title': 'ch.swisstopo.amtliches-gebaeudeadressverzeichnis'}, {'href': '/rest/services/ech/MapServer/ch.bfs.gebaeude_wohnungs_register/201032034_0', 'rel': 'related', 'title': 'ch.bfs.gebaeude_wohnungs_register'}], 'lon': 8.69159984588623, 'num': 34, 'objectclass': '', 'origin': 'address', 'rank': 7, 'x': 8.69159984588623, 'y': 47.51329040527344, 'zoomlevel': 10}, 'id': 2288388, 'weight': 1}","Holzlegistrasse 34, 8408 Winterthur"
600,success,Geocoding successful.,47.496192932128906,8.712485313415527,Brühlbergstrasse 5 <b>8400 Winterthur</b>,2323670_0,"{'attrs': {'detail': 'bruehlbergstrasse 5 8400 winterthur 230 winterthur ch zh', 'featureId': '2323670_0', 'geom_quadindex': '030010211201320012000', 'geom_st_box2d': 'BOX(8.712473 47.496196,8.712473 47.496196)', 'label': 'Brühlbergstrasse 5 <b>8400 Winterthur</b>', 'lat': 47.496192932128906, 'links': [{'href': '/rest/services/ech/MapServer/ch.swisstopo.amtliches-gebaeudeadressverzeichnis/101160250', 'rel': 'related', 'title': 'ch.swisstopo.amtliches-gebaeudeadressverzeichnis'}, {'href': '/rest/services/ech/MapServer/ch.bfs.gebaeude_wohnungs_register/2323670_0', 'rel': 'related', 'title': 'ch.bfs.gebaeude_wohnungs_register'}], 'lon': 8.712485313415527, 'num': 5, 'objectclass': '', 'origin': 'address', 'rank': 7, 'x': 8.712485313415527, 'y': 47.496192932128906, 'zoomlevel': 10}, 'id': 2145234, 'weight': 1}","Brühlbergstrasse 5, 8400 Winterthur"
601,success,Geocoding successful.,47.49429702758789,8.72588062286377,Hochwachtstrasse 22 <b>8400 Winterthur</b>,201035111_0,"{'attrs': {'detail': 'hochwachtstrasse 22 8400 winterthur 230 winterthur ch zh', 'featureId': '201035111_0', 'geom_quadindex': '030010211303310330100', 'geom_st_box2d': 'BOX(8.725868 47.4943,8.725868 47.4943)', 'label': 'Hochwachtstrasse 22 <b>8400 Winterthur</b>', 'lat': 47.49429702758789, 'links': [{'href': '/rest/services/ech/MapServer/ch.swisstopo.amtliches-gebaeudeadressverzeichnis/101687322', 'rel': 'related', 'title': 'ch.swisstopo.amtliches-gebaeudeadressverzeichnis'}, {'href': '/rest/services/ech/MapServer/ch.bfs.gebaeude_wohnungs_register/201035111_0', 'rel': 'related', 'title': 'ch.bfs.gebaeude_wohnungs_register'}], 'lon': 8.72588062286377, 'num': 22, 'objectclass': '', 'origin': 'address', 'rank': 7, 'x': 8.72588062286377, 'y': 47.49429702758789, 'zoomlevel': 10}, 'id': 2770126, 'weight': 1}","Hochwachtstrasse 22, 8400 Winterthur"
602,success,Geocoding successful.,47.488277435302734,8.70993709564209,Klosterstrasse 59 <b>8406 Winterthur</b>,1158029_0,"{'attrs': {'detail': 'klosterstrasse 59 8406 winterthur 230 winterthur ch zh', 'featureId': '1158029_0', 'geom_quadindex': '030010213000310021102', 'geom_st_box2d': 'BOX(8.709925 47.488279,8.709925 47.488279)', 'label': 'Klosterstrasse 59 <b>8406 Winterthur</b>', 'lat': 47.488277435302734, 'links': [{'href': '/rest/services/ech/MapServer/ch.swisstopo.amtliches-gebaeudeadressverzeichnis/100804020', 'rel': 'related', 'title': 'ch.swisstopo.amtliches-gebaeudeadressverzeichnis'}, {'href': '/rest/services/ech/MapServer/ch.bfs.gebaeude_wohnungs_register/1158029_0', 'rel': 'related', 'title': 'ch.bfs.gebaeude_wohnungs_register'}], 'lon': 8.70993709564209, 'num': 59, 'objectclass': '', 'origin': 'address', 'rank': 7, 'x': 8.70993709564209, 'y': 47.488277435302734, 'zoomlevel': 10}, 'id': 1926710, 'weight': 1}","Klosterstrasse 59, 8406 Winterthur"
603,success,Geocoding successful.,47.51322937011719,8.722515106201172,Am Rosenberg 2 <b>8400 Winterthur</b>,2324425_0,"{'attrs': {'detail': 'am rosenberg 2 8400 winterthur 230 winterthur ch zh', 'featureId': '2324425_0', 'geom_quadindex': '030010033300302111133', 'geom_st_box2d': 'BOX(8.722502 47.513231,8.722502 47.513231)', 'label': 'Am Rosenberg 2 <b>8400 Winterthur</b>', 'lat': 47.51322937011719, 'links': [{'href': '/rest/services/ech/MapServer/ch.swisstopo.amtliches-gebaeudeadressverzeichnis/101227245', 'rel': 'related', 'title': 'ch.swisstopo.amtliches-gebaeudeadressverzeichnis'}, {'href': '/rest/services/ech/MapServer/ch.bfs.gebaeude_wohnungs_register/2324425_0', 'rel': 'related', 'title': 'ch.bfs.gebaeude_wohnungs_register'}], 'lon': 8.722515106201172, 'num': 2, 'objectclass': '', 'origin': 'address', 'rank': 7, 'x': 8.722515106201172, 'y': 47.51322937011719, 'zoomlevel': 10}, 'id': 1951410, 'weight': 1}","Am Rosenberg 2, 8400 Winterthur"
604,success,Geocoding successful.,47.50336456298828,8.735596656799316,Bahnstrasse 37 <b>8400 Winterthur</b>,1150508_0,"{'attrs': {'detail': 'bahnstrasse 37 8400 winterthur 230 winterthur ch zh', 'featureId': '1150508_0', 'geom_quadindex': '030010300002113223311', 'geom_st_box2d': 'BOX(8.735585 47.503365,8.735585 47.503365)', 'label': 'Bahnstrasse 37 <b>8400 Winterthur</b>', 'lat': 47.50336456298828, 'links': [{'href': '/rest/services/ech/MapServer/ch.swisstopo.amtliches-gebaeudeadressverzeichnis/100821670', 'rel': 'related', 'title': 'ch.swisstopo.amtliches-gebaeudeadressverzeichnis'}, {'href': '/rest/services/ech/MapServer/ch.bfs.gebaeude_wohnungs_register/1150508_0', 'rel': 'related', 'title': 'ch.bfs.gebaeude_wohnungs_register'}], 'lon': 8.735596656799316, 'num': 37, 'objectclass': '', 'origin': 'address', 'rank': 7, 'x': 8.735596656799316, 'y': 47.50336456298828, 'zoomlevel': 10}, 'id': 2364781, 'weight': 1}","Bahnstrasse 37, 8400 Winterthur"
605,success,Geocoding successful.,47.50337219238281,8.738245964050293,Nordstrasse 4 <b>8400 Winterthur</b>,1150656_0,"{'attrs': {'detail': 'nordstrasse 4 8400 winterthur 230 winterthur ch zh', 'featureId': '1150656_0', 'geom_quadindex': '030010300003112220031', 'geom_st_box2d': 'BOX(8.738234 47.503376,8.738234 47.503376)', 'label': 'Nordstrasse 4 <b>8400 Winterthur</b>', 'lat': 47.50337219238281, 'links': [{'href': '/rest/services/ech/MapServer/ch.swisstopo.amtliches-gebaeudeadressverzeichnis/100822096', 'rel': 'related', 'title': 'ch.swisstopo.amtliches-gebaeudeadressverzeichnis'}, {'href': '/rest/services/ech/MapServer/ch.bfs.gebaeude_wohnungs_register/1150656_0', 'rel': 'related', 'title': 'ch.bfs.gebaeude_wohnungs_register'}], 'lon': 8.738245964050293, 'num': 4, 'objectclass': '', 'origin': 'address', 'rank': 7, 'x': 8.738245964050293, 'y': 47.50337219238281, 'zoomlevel': 10}, 'id': 2503740, 'weight': 1}","Nordstrasse 4, 8400 Winterthur"
606,success,Geocoding successful.,47.4986457824707,8.733329772949219,St. Gallerstrasse 1 <b>8400 Winterthur</b>,1150391_0,"{'attrs': {'detail': 'st. gallerstrasse 1 8400 winterthur 230 winterthur ch zh', 'featureId': '1150391_0', 'geom_quadindex': '030010300022023323301', 'geom_st_box2d': 'BOX(8.733318 47.498649,8.733318 47.498649)', 'label': 'St. Gallerstrasse 1 <b>8400 Winterthur</b>', 'lat': 47.4986457824707, 'links': [{'href': '/rest/services/ech/MapServer/ch.swisstopo.amtliches-gebaeudeadressverzeichnis/100821272', 'rel': 'related', 'title': 'ch.swisstopo.amtliches-gebaeudeadressverzeichnis'}, {'href': '/rest/services/ech/MapServer/ch.bfs.gebaeude_wohnungs_register/1150391_0', 'rel': 'related', 'title': 'ch.bfs.gebaeude_wohnungs_register'}], 'lon': 8.733329772949219, 'num': 1, 'objectclass': '', 'origin': 'address', 'rank': 7, 'x': 8.733329772949219, 'y': 47.4986457824707, 'zoomlevel': 10}, 'id': 2745768, 'weight': 1}","St. Gallerstrasse 1, 8400 Winterthur"
607,success,Geocoding successful.,47.49457931518555,8.699249267578125,Friedhofstrasse 27 <b>8406 Winterthur</b>,201031746_0,"{'attrs': {'detail': 'friedhofstrasse 27 8406 winterthur 230 winterthur ch zh', 'featureId': '201031746_0', 'geom_quadindex': '030010210303210230122', 'geom_st_box2d': 'BOX(8.699236 47.494582,8.699236 47.494582)', 'label': 'Friedhofstrasse 27 <b>8406 Winterthur</b>', 'lat': 47.49457931518555, 'links': [{'href': '/rest/services/ech/MapServer/ch.swisstopo.amtliches-gebaeudeadressverzeichnis/101670441', 'rel': 'related', 'title': 'ch.swisstopo.amtliches-gebaeudeadressverzeichnis'}, {'href': '/rest/services/ech/MapServer/ch.bfs.gebaeude_wohnungs_register/201031746_0', 'rel': 'related', 'title': 'ch.bfs.gebaeude_wohnungs_register'}], 'lon': 8.699249267578125, 'num': 27, 'objectclass': '', 'origin': 'address', 'rank': 7, 'x': 8.699249267578125, 'y': 47.49457931518555, 'zoomlevel': 10}, 'id': 1954216, 'weight': 1}","Friedhofstrasse 27, 8406 Winterthur"
608,success,Geocoding successful.,47.48423385620117,8.71126937866211,Reitplatzstrasse 2 <b>8406 Winterthur</b>,201032668_0,"{'attrs': {'detail': 'reitplatzstrasse 2 8406 winterthur 230 winterthur ch zh', 'featureId': '201032668_0', 'geom_quadindex': '030010213021023310133', 'geom_st_box2d': 'BOX(8.711256 47.484236,8.711256 47.484236)', 'label': 'Reitplatzstrasse 2 <b>8406 Winterthur</b>', 'lat': 47.48423385620117, 'links': [{'href': '/rest/services/ech/MapServer/ch.swisstopo.amtliches-gebaeudeadressverzeichnis/101680857', 'rel': 'related', 'title': 'ch.swisstopo.amtliches-gebaeudeadressverzeichnis'}, {'href': '/rest/services/ech/MapServer/ch.bfs.gebaeude_wohnungs_register/201032668_0', 'rel': 'related', 'title': 'ch.bfs.gebaeude_wohnungs_register'}], 'lon': 8.71126937866211, 'num': 2, 'objectclass': '', 'origin': 'address', 'rank': 7, 'x': 8.71126937866211, 'y': 47.48423385620117, 'zoomlevel': 10}, 'id': 2825995, 'weight': 1}","Reitplatzstrasse 2, 8406 Winterthur"
609,success,Geocoding successful.,47.490478515625,8.715413093566895,Freiestrasse 1 <b>8406 Winterthur</b>,1152027_0,"{'attrs': {'detail': 'freiestrasse 1 8406 winterthur 230 winterthur ch zh', 'featureId': '1152027_0', 'geom_quadindex': '030010211232122203201', 'geom_st_box2d': 'BOX(8.7154 47.490479,8.7154 47.490479)', 'label': 'Freiestrasse 1 <b>8406 Winterthur</b>', 'lat': 47.490478515625, 'links': [{'href': '/rest/services/ech/MapServer/ch.swisstopo.amtliches-gebaeudeadressverzeichnis/100820553', 'rel': 'related', 'title': 'ch.swisstopo.amtliches-gebaeudeadressverzeichnis'}, {'href': '/rest/services/ech/MapServer/ch.bfs.gebaeude_wohnungs_register/1152027_0', 'rel': 'related', 'title': 'ch.bfs.gebaeude_wohnungs_register'}], 'lon': 8.715413093566895, 'num': 1, 'objectclass': '', 'origin': 'address', 'rank': 7, 'x': 8.715413093566895, 'y': 47.490478515625, 'zoomlevel': 10}, 'id': 1851816, 'weight': 1}","Freiestrasse 1, 8406 Winterthur"
610,success,Geocoding successful.,47.49040222167969,8.715243339538574,Freiestrasse 3 <b>8406 Winterthur</b>,3000335_0,"{'attrs': {'detail': 'freiestrasse 3 8406 winterthur 230 winterthur ch zh', 'featureId': '3000335_0', 'geom_quadindex': '030010211232033323323', 'geom_st_box2d': 'BOX(8.715231 47.490403,8.715231 47.490403)', 'label': 'Freiestrasse 3 <b>8406 Winterthur</b>', 'lat': 47.49040222167969, 'links': [{'href': '/rest/services/ech/MapServer/ch.swisstopo.amtliches-gebaeudeadressverzeichnis/101114895', 'rel': 'related', 'title': 'ch.swisstopo.amtliches-gebaeudeadressverzeichnis'}, {'href': '/rest/services/ech/MapServer/ch.bfs.gebaeude_wohnungs_register/3000335_0', 'rel': 'related', 'title': 'ch.bfs.gebaeude_wohnungs_register'}], 'lon': 8.715243339538574, 'num': 3, 'objectclass': '', 'origin': 'address', 'rank': 7, 'x': 8.715243339538574, 'y': 47.49040222167969, 'zoomlevel': 10}, 'id': 2336068, 'weight': 1}","Freiestrasse 3, 8406 Winterthur"
611,success,Geocoding successful.,47.49102020263672,8.708891868591309,Gutenbergstrasse 11 <b>8406 Winterthur</b>,1157810_0,"{'attrs': {'detail': 'gutenbergstrasse 11 8406 winterthur 230 winterthur ch zh', 'featureId': '1157810_0', 'geom_quadindex': '030010211222013232121', 'geom_st_box2d': 'BOX(8.708879 47.491021,8.708879 47.491021)', 'label': 'Gutenbergstrasse 11 <b>8406 Winterthur</b>', 'lat': 47.49102020263672, 'links': [{'href': '/rest/services/ech/MapServer/ch.swisstopo.amtliches-gebaeudeadressverzeichnis/100827764', 'rel': 'related', 'title': 'ch.swisstopo.amtliches-gebaeudeadressverzeichnis'}, {'href': '/rest/services/ech/MapServer/ch.bfs.gebaeude_wohnungs_register/1157810_0', 'rel': 'related', 'title': 'ch.bfs.gebaeude_wohnungs_register'}], 'lon': 8.708891868591309, 'num': 11, 'objectclass': '', 'origin': 'address', 'rank': 7, 'x': 8.708891868591309, 'y': 47.49102020263672, 'zoomlevel': 10}, 'id': 2166252, 'weight': 1}","Gutenbergstrasse 11, 8406 Winterthur"
612,success,Geocoding successful.,47.5054931640625,8.71621036529541,Habsburgstrasse 29 <b>8400 Winterthur</b>,1159792_0,"{'attrs': {'detail': 'habsburgstrasse 29 8400 winterthur 230 winterthur ch zh', 'featureId': '1159792_0', 'geom_quadindex': '030010211010121212022', 'geom_st_box2d': 'BOX(8.716197 47.505497,8.716197 47.505497)', 'label': 'Habsburgstrasse 29 <b>8400 Winterthur</b>', 'lat': 47.5054931640625, 'links': [{'href': '/rest/services/ech/MapServer/ch.swisstopo.amtliches-gebaeudeadressverzeichnis/100826783', 'rel': 'related', 'title': 'ch.swisstopo.amtliches-gebaeudeadressverzeichnis'}, {'href': '/rest/services/ech/MapServer/ch.bfs.gebaeude_wohnungs_register/1159792_0', 'rel': 'related', 'title': 'ch.bfs.gebaeude_wohnungs_register'}], 'lon': 8.71621036529541, 'num': 29, 'objectclass': '', 'origin': 'address', 'rank': 7, 'x': 8.71621036529541, 'y': 47.5054931640625, 'zoomlevel': 10}, 'id': 2020662, 'weight': 1}","Habsburgstrasse 29, 8400 Winterthur"
613,success,Geocoding successful.,47.46661376953125,8.758818626403809,Hermann-Bühler-Strasse 2 <b>8482 Sennhof (Winterthur)</b>,2325788_0,"{'attrs': {'detail': 'hermann-buehler-strasse 2 8482 sennhof _winterthur_ 230 winterthur ch zh', 'featureId': '2325788_0', 'geom_quadindex': '030010321020301032013', 'geom_st_box2d': 'BOX(8.758806 47.466616,8.758806 47.466616)', 'label': 'Hermann-Bühler-Strasse 2 <b>8482 Sennhof (Winterthur)</b>', 'lat': 47.46661376953125, 'links': [{'href': '/rest/services/ech/MapServer/ch.swisstopo.amtliches-gebaeudeadressverzeichnis/101168037', 'rel': 'related', 'title': 'ch.swisstopo.amtliches-gebaeudeadressverzeichnis'}, {'href': '/rest/services/ech/MapServer/ch.bfs.gebaeude_wohnungs_register/2325788_0', 'rel': 'related', 'title': 'ch.bfs.gebaeude_wohnungs_register'}], 'lon': 8.758818626403809, 'num': 2, 'objectclass': '', 'origin': 'address', 'rank': 7, 'x': 8.758818626403809, 'y': 47.46661376953125, 'zoomlevel': 10}, 'id': 2212776, 'weight': 1}","Hermann-Bühler-Strasse 2, 8482 Sennhof"
614,success,Geocoding successful.,47.500911712646484,8.7514009475708,Talackerstrasse 90 <b>8404 Winterthur</b>,1153559_0,"{'attrs': {'detail': 'talackerstrasse 90 8404 winterthur 230 winterthur ch zh', 'featureId': '1153559_0', 'geom_quadindex': '030010300130020200210', 'geom_st_box2d': 'BOX(8.751388 47.500915,8.751388 47.500915)', 'label': 'Talackerstrasse 90 <b>8404 Winterthur</b>', 'lat': 47.500911712646484, 'links': [{'href': '/rest/services/ech/MapServer/ch.swisstopo.amtliches-gebaeudeadressverzeichnis/100826612', 'rel': 'related', 'title': 'ch.swisstopo.amtliches-gebaeudeadressverzeichnis'}, {'href': '/rest/services/ech/MapServer/ch.bfs.gebaeude_wohnungs_register/1153559_0', 'rel': 'related', 'title': 'ch.bfs.gebaeude_wohnungs_register'}], 'lon': 8.7514009475708, 'num': 90, 'objectclass': '', 'origin': 'address', 'rank': 7, 'x': 8.7514009475708, 'y': 47.500911712646484, 'zoomlevel': 10}, 'id': 2320437, 'weight': 1}","Talackerstrasse 90, 8404 Winterthur"
615,success,Geocoding successful.,47.48584747314453,8.712329864501953,Untere Vogelsangstrasse 124.1 <b>8406 Winterthur</b>,210230172_0,"{'attrs': {'detail': 'untere vogelsangstrasse 124.1 8406 winterthur 230 winterthur ch zh', 'featureId': '210230172_0', 'geom_quadindex': '030010213003302033111', 'geom_st_box2d': 'BOX(8.712318 47.485851,8.712318 47.485851)', 'label': 'Untere Vogelsangstrasse 124.1 <b>8406 Winterthur</b>', 'lat': 47.48584747314453, 'links': [{'href': '/rest/services/ech/MapServer/ch.swisstopo.amtliches-gebaeudeadressverzeichnis/102464618', 'rel': 'related', 'title': 'ch.swisstopo.amtliches-gebaeudeadressverzeichnis'}, {'href': '/rest/services/ech/MapServer/ch.bfs.gebaeude_wohnungs_register/210230172_0', 'rel': 'related', 'title': 'ch.bfs.gebaeude_wohnungs_register'}], 'lon': 8.712329864501953, 'num': 1241, 'objectclass': '', 'origin': 'address', 'rank': 7, 'x': 8.712329864501953, 'y': 47.48584747314453, 'zoomlevel': 10}, 'id': 2676829, 'weight': 1582}","Untere Vogelsangstrasse 126, 8406 Winterthur"
616,success,Geocoding successful.,47.496116638183594,8.731074333190918,Wildbachstrasse 18 <b>8400 Winterthur</b>,1151853_0,"{'attrs': {'detail': 'wildbachstrasse 18 8400 winterthur 230 winterthur ch zh', 'featureId': '1151853_0', 'geom_quadindex': '030010211311302202102', 'geom_st_box2d': 'BOX(8.731062 47.496117,8.731062 47.496117)', 'label': 'Wildbachstrasse 18 <b>8400 Winterthur</b>', 'lat': 47.496116638183594, 'links': [{'href': '/rest/services/ech/MapServer/ch.swisstopo.amtliches-gebaeudeadressverzeichnis/100780214', 'rel': 'related', 'title': 'ch.swisstopo.amtliches-gebaeudeadressverzeichnis'}, {'href': '/rest/services/ech/MapServer/ch.bfs.gebaeude_wohnungs_register/1151853_0', 'rel': 'related', 'title': 'ch.bfs.gebaeude_wohnungs_register'}], 'lon': 8.731074333190918, 'num': 18, 'objectclass': '', 'origin': 'address', 'rank': 7, 'x': 8.731074333190918, 'y': 47.496116638183594, 'zoomlevel': 10}, 'id': 2145003, 'weight': 1}","Wildbachstrasse 18, 8400 Winterthur"
617,success,Geocoding successful.,47.49425506591797,8.710480690002441,Zürcherstrasse 64 <b>8406 Winterthur</b>,1152471_0,"{'attrs': {'detail': 'zuercherstrasse 64 8406 winterthur 230 winterthur ch zh', 'featureId': '1152471_0', 'geom_quadindex': '030010211202313201310', 'geom_st_box2d': 'BOX(8.710467 47.494257,8.710467 47.494257)', 'label': 'Zürcherstrasse 64 <b>8406 Winterthur</b>', 'lat': 47.49425506591797, 'links': [{'href': '/rest/services/ech/MapServer/ch.swisstopo.amtliches-gebaeudeadressverzeichnis/100822151', 'rel': 'related', 'title': 'ch.swisstopo.amtliches-gebaeudeadressverzeichnis'}, {'href': '/rest/services/ech/MapServer/ch.bfs.gebaeude_wohnungs_register/1152471_0', 'rel': 'related', 'title': 'ch.bfs.gebaeude_wohnungs_register'}], 'lon': 8.710480690002441, 'num': 64, 'objectclass': '', 'origin': 'address', 'rank': 7, 'x': 8.710480690002441, 'y': 47.49425506591797, 'zoomlevel': 10}, 'id': 2383949, 'weight': 1}","Zürcherstrasse 64, 8406 Winterthur"
618,success,Geocoding successful.,47.492549896240234,8.707985877990723,Zürcherstrasse 90 <b>8406 Winterthur</b>,1157156_0,"{'attrs': {'detail': 'zuercherstrasse 90 8406 winterthur 230 winterthur ch zh', 'featureId': '1157156_0', 'geom_quadindex': '030010211220200113010', 'geom_st_box2d': 'BOX(8.707973 47.492552,8.707973 47.492552)', 'label': 'Zürcherstrasse 90 <b>8406 Winterthur</b>', 'lat': 47.492549896240234, 'links': [{'href': '/rest/services/ech/MapServer/ch.swisstopo.amtliches-gebaeudeadressverzeichnis/100825448', 'rel': 'related', 'title': 'ch.swisstopo.amtliches-gebaeudeadressverzeichnis'}, {'href': '/rest/services/ech/MapServer/ch.bfs.gebaeude_wohnungs_register/1157156_0', 'rel': 'related', 'title': 'ch.bfs.gebaeude_wohnungs_register'}], 'lon': 8.707985877990723, 'num': 90, 'objectclass': '', 'origin': 'address', 'rank': 7, 'x': 8.707985877990723, 'y': 47.492549896240234, 'zoomlevel': 10}, 'id': 2317545, 'weight': 1}","Zürcherstrasse 90, 8406 Winterthur"
619,success,Geocoding successful.,47.5031852722168,8.716382026672363,Ackeretstrasse 17 <b>8400 Winterthur</b>,1152552_0,"{'attrs': {'detail': 'ackeretstrasse 17 8400 winterthur 230 winterthur ch zh', 'featureId': '1152552_0', 'geom_quadindex': '030010211012123132132', 'geom_st_box2d': 'BOX(8.716369 47.503186,8.716369 47.503186)', 'label': 'Ackeretstrasse 17 <b>8400 Winterthur</b>', 'lat': 47.5031852722168, 'links': [{'href': '/rest/services/ech/MapServer/ch.swisstopo.amtliches-gebaeudeadressverzeichnis/100822226', 'rel': 'related', 'title': 'ch.swisstopo.amtliches-gebaeudeadressverzeichnis'}, {'href': '/rest/services/ech/MapServer/ch.bfs.gebaeude_wohnungs_register/1152552_0', 'rel': 'related', 'title': 'ch.bfs.gebaeude_wohnungs_register'}], 'lon': 8.716382026672363, 'num': 17, 'objectclass': '', 'origin': 'address', 'rank': 7, 'x': 8.716382026672363, 'y': 47.5031852722168, 'zoomlevel': 10}, 'id': 2891808, 'weight': 1}","Ackeretstrasse 17, 8400 Winterthur"
620,success,Geocoding successful.,47.50274658203125,8.678378105163574,Alte Neuburgstrasse 40 <b>8408 Winterthur</b>,1161122_0,"{'attrs': {'detail': 'alte neuburgstrasse 40 8408 winterthur 230 winterthur ch zh', 'featureId': '1161122_0', 'geom_quadindex': '030010201112320203021', 'geom_st_box2d': 'BOX(8.678365 47.502749,8.678365 47.502749)', 'label': 'Alte Neuburgstrasse 40 <b>8408 Winterthur</b>', 'lat': 47.50274658203125, 'links': [{'href': '/rest/services/ech/MapServer/ch.swisstopo.amtliches-gebaeudeadressverzeichnis/100808726', 'rel': 'related', 'title': 'ch.swisstopo.amtliches-gebaeudeadressverzeichnis'}, {'href': '/rest/services/ech/MapServer/ch.bfs.gebaeude_wohnungs_register/1161122_0', 'rel': 'related', 'title': 'ch.bfs.gebaeude_wohnungs_register'}], 'lon': 8.678378105163574, 'num': 40, 'objectclass': '', 'origin': 'address', 'rank': 7, 'x': 8.678378105163574, 'y': 47.50274658203125, 'zoomlevel': 10}, 'id': 2190607, 'weight': 1}","Alte Neuburgstrasse 40, 8408 Winterthur"
621,success,Geocoding successful.,47.48461151123047,8.76349925994873,Kanzleistrasse 24 <b>8405 Winterthur</b>,201036318_0,"{'attrs': {'detail': 'kanzleistrasse 24 8405 winterthur 230 winterthur ch zh', 'featureId': '201036318_0', 'geom_quadindex': '030010303012222223102', 'geom_st_box2d': 'BOX(8.763487 47.484613,8.763487 47.484613)', 'label': 'Kanzleistrasse 24 <b>8405 Winterthur</b>', 'lat': 47.48461151123047, 'links': [{'href': '/rest/services/ech/MapServer/ch.swisstopo.amtliches-gebaeudeadressverzeichnis/101679807', 'rel': 'related', 'title': 'ch.swisstopo.amtliches-gebaeudeadressverzeichnis'}, {'href': '/rest/services/ech/MapServer/ch.bfs.gebaeude_wohnungs_register/201036318_0', 'rel': 'related', 'title': 'ch.bfs.gebaeude_wohnungs_register'}], 'lon': 8.76349925994873, 'num': 24, 'objectclass': '', 'origin': 'address', 'rank': 7, 'x': 8.76349925994873, 'y': 47.48461151123047, 'zoomlevel': 10}, 'id': 2207638, 'weight': 1}","Kanzleistrasse 24, 8405 Winterthur"
622,success,Geocoding successful.,47.50928497314453,8.694754600524902,Rankstrasse 18 <b>8408 Winterthur</b>,1160826_0,"{'attrs': {'detail': 'rankstrasse 18 8408 winterthur 230 winterthur ch zh', 'featureId': '1160826_0', 'geom_quadindex': '030010032231303112133', 'geom_st_box2d': 'BOX(8.694742 47.509287,8.694742 47.509287)', 'label': 'Rankstrasse 18 <b>8408 Winterthur</b>', 'lat': 47.50928497314453, 'links': [{'href': '/rest/services/ech/MapServer/ch.swisstopo.amtliches-gebaeudeadressverzeichnis/100825228', 'rel': 'related', 'title': 'ch.swisstopo.amtliches-gebaeudeadressverzeichnis'}, {'href': '/rest/services/ech/MapServer/ch.bfs.gebaeude_wohnungs_register/1160826_0', 'rel': 'related', 'title': 'ch.bfs.gebaeude_wohnungs_register'}], 'lon': 8.694754600524902, 'num': 18, 'objectclass': '', 'origin': 'address', 'rank': 7, 'x': 8.694754600524902, 'y': 47.50928497314453, 'zoomlevel': 10}, 'id': 1923501, 'weight': 1}","Rankstrasse 18, 8408 Winterthur"
623,success,Geocoding successful.,47.51200866699219,8.69372844696045,Riedhofstrasse 29 <b>8408 Winterthur</b>,1161018_0,"{'attrs': {'detail': 'riedhofstrasse 29 8408 winterthur 230 winterthur ch zh', 'featureId': '1161018_0', 'geom_quadindex': '030010032213031222011', 'geom_st_box2d': 'BOX(8.693715 47.512012,8.693715 47.512012)', 'label': 'Riedhofstrasse 29 <b>8408 Winterthur</b>', 'lat': 47.51200866699219, 'links': [{'href': '/rest/services/ech/MapServer/ch.swisstopo.amtliches-gebaeudeadressverzeichnis/100808312', 'rel': 'related', 'title': 'ch.swisstopo.amtliches-gebaeudeadressverzeichnis'}, {'href': '/rest/services/ech/MapServer/ch.bfs.gebaeude_wohnungs_register/1161018_0', 'rel': 'related', 'title': 'ch.bfs.gebaeude_wohnungs_register'}], 'lon': 8.69372844696045, 'num': 29, 'objectclass': '', 'origin': 'address', 'rank': 7, 'x': 8.69372844696045, 'y': 47.51200866699219, 'zoomlevel': 10}, 'id': 1926438, 'weight': 1}","Riedhofstrasse 29, 8408 Winterthur"
624,success,Geocoding successful.,47.48296356201172,8.76124095916748,Tösstalstrasse 260 <b>8405 Winterthur</b>,1155992_0,"{'attrs': {'detail': 'toesstalstrasse 260 8405 winterthur 230 winterthur ch zh', 'featureId': '1155992_0', 'geom_quadindex': '030010303021230031111', 'geom_st_box2d': 'BOX(8.761229 47.482966,8.761229 47.482966)', 'label': 'Tösstalstrasse 260 <b>8405 Winterthur</b>', 'lat': 47.48296356201172, 'links': [{'href': '/rest/services/ech/MapServer/ch.swisstopo.amtliches-gebaeudeadressverzeichnis/100803863', 'rel': 'related', 'title': 'ch.swisstopo.amtliches-gebaeudeadressverzeichnis'}, {'href': '/rest/services/ech/MapServer/ch.bfs.gebaeude_wohnungs_register/1155992_0', 'rel': 'related', 'title': 'ch.bfs.gebaeude_wohnungs_register'}], 'lon': 8.76124095916748, 'num': 260, 'objectclass': '', 'origin': 'address', 'rank': 7, 'x': 8.76124095916748, 'y': 47.48296356201172, 'zoomlevel': 10}, 'id': 2199300, 'weight': 1}","Tösstalstrasse 260, 8405 Winterthur"
625,success,Geocoding successful.,47.507728576660156,8.691015243530273,Wieshofstrasse 59 <b>8408 Winterthur</b>,1160910_0,"{'attrs': {'detail': 'wieshofstrasse 59 8408 winterthur 230 winterthur ch zh', 'featureId': '1160910_0', 'geom_quadindex': '030010032232122030110', 'geom_st_box2d': 'BOX(8.691002 47.507729,8.691002 47.507729)', 'label': 'Wieshofstrasse 59 <b>8408 Winterthur</b>', 'lat': 47.507728576660156, 'links': [{'href': '/rest/services/ech/MapServer/ch.swisstopo.amtliches-gebaeudeadressverzeichnis/100825310', 'rel': 'related', 'title': 'ch.swisstopo.amtliches-gebaeudeadressverzeichnis'}, {'href': '/rest/services/ech/MapServer/ch.bfs.gebaeude_wohnungs_register/1160910_0', 'rel': 'related', 'title': 'ch.bfs.gebaeude_wohnungs_register'}], 'lon': 8.691015243530273, 'num': 59, 'objectclass': '', 'origin': 'address', 'rank': 7, 'x': 8.691015243530273, 'y': 47.507728576660156, 'zoomlevel': 10}, 'id': 2369813, 'weight': 1}","Wieshofstrasse 59, 8408 Winterthur"
626,success,Geocoding successful.,47.50748062133789,8.689932823181152,Wieshofstrasse 65 <b>8408 Winterthur</b>,1160909_0,"{'attrs': {'detail': 'wieshofstrasse 65 8408 winterthur 230 winterthur ch zh', 'featureId': '1160909_0', 'geom_quadindex': '030010032232201102320', 'geom_st_box2d': 'BOX(8.689919 47.507482,8.689919 47.507482)', 'label': 'Wieshofstrasse 65 <b>8408 Winterthur</b>', 'lat': 47.50748062133789, 'links': [{'href': '/rest/services/ech/MapServer/ch.swisstopo.amtliches-gebaeudeadressverzeichnis/100825309', 'rel': 'related', 'title': 'ch.swisstopo.amtliches-gebaeudeadressverzeichnis'}, {'href': '/rest/services/ech/MapServer/ch.bfs.gebaeude_wohnungs_register/1160909_0', 'rel': 'related', 'title': 'ch.bfs.gebaeude_wohnungs_register'}], 'lon': 8.689932823181152, 'num': 65, 'objectclass': '', 'origin': 'address', 'rank': 7, 'x': 8.689932823181152, 'y': 47.50748062133789, 'zoomlevel': 10}, 'id': 2757254, 'weight': 1}","Wieshofstrasse 65, 8408 Winterthur"
627,success,Geocoding successful.,47.510318756103516,8.69273853302002,Wülflingerstrasse 255 <b>8408 Winterthur</b>,9084000_0,"{'attrs': {'detail': 'wuelflingerstrasse 255 8408 winterthur 230 winterthur ch zh', 'featureId': '9084000_0', 'geom_quadindex': '030010032231002120313', 'geom_st_box2d': 'BOX(8.692725 47.510322,8.692725 47.510322)', 'label': 'Wülflingerstrasse 255 <b>8408 Winterthur</b>', 'lat': 47.510318756103516, 'links': [{'href': '/rest/services/ech/MapServer/ch.swisstopo.amtliches-gebaeudeadressverzeichnis/101365739', 'rel': 'related', 'title': 'ch.swisstopo.amtliches-gebaeudeadressverzeichnis'}, {'href': '/rest/services/ech/MapServer/ch.bfs.gebaeude_wohnungs_register/9084000_0', 'rel': 'related', 'title': 'ch.bfs.gebaeude_wohnungs_register'}], 'lon': 8.69273853302002, 'num': 255, 'objectclass': '', 'origin': 'address', 'rank': 7, 'x': 8.69273853302002, 'y': 47.510318756103516, 'zoomlevel': 10}, 'id': 2682587, 'weight': 1}","Wülflingerstrasse 255, 8408 Winterthur"
628,success,Geocoding successful.,47.506553649902344,8.772645950317383,Birchwaldstrasse 2 <b>8409 Winterthur</b>,1154958_0,"{'attrs': {'detail': 'birchwaldstrasse 2 8409 winterthur 230 winterthur ch zh', 'featureId': '1154958_0', 'geom_quadindex': '030010123322310012233', 'geom_st_box2d': 'BOX(8.772634 47.506556,8.772634 47.506556)', 'label': 'Birchwaldstrasse 2 <b>8409 Winterthur</b>', 'lat': 47.506553649902344, 'links': [{'href': '/rest/services/ech/MapServer/ch.swisstopo.amtliches-gebaeudeadressverzeichnis/100824456', 'rel': 'related', 'title': 'ch.swisstopo.amtliches-gebaeudeadressverzeichnis'}, {'href': '/rest/services/ech/MapServer/ch.bfs.gebaeude_wohnungs_register/1154958_0', 'rel': 'related', 'title': 'ch.bfs.gebaeude_wohnungs_register'}], 'lon': 8.772645950317383, 'num': 2, 'objectclass': '', 'origin': 'address', 'rank': 7, 'x': 8.772645950317383, 'y': 47.506553649902344, 'zoomlevel': 10}, 'id': 1906691, 'weight': 1}","Birchwaldstrasse 2, 8409 Winterthur"
629,success,Geocoding successful.,47.5056266784668,8.772531509399414,Mettlenstrasse 26 <b>8409 Winterthur</b>,1155032_0,"{'attrs': {'detail': 'mettlenstrasse 26 8409 winterthur 230 winterthur ch zh', 'featureId': '1155032_0', 'geom_quadindex': '030010123322332220100', 'geom_st_box2d': 'BOX(8.772519 47.50563,8.772519 47.50563)', 'label': 'Mettlenstrasse 26 <b>8409 Winterthur</b>', 'lat': 47.5056266784668, 'links': [{'href': '/rest/services/ech/MapServer/ch.swisstopo.amtliches-gebaeudeadressverzeichnis/100824528', 'rel': 'related', 'title': 'ch.swisstopo.amtliches-gebaeudeadressverzeichnis'}, {'href': '/rest/services/ech/MapServer/ch.bfs.gebaeude_wohnungs_register/1155032_0', 'rel': 'related', 'title': 'ch.bfs.gebaeude_wohnungs_register'}], 'lon': 8.772531509399414, 'num': 26, 'objectclass': '', 'origin': 'address', 'rank': 7, 'x': 8.772531509399414, 'y': 47.5056266784668, 'zoomlevel': 10}, 'id': 2747233, 'weight': 1}","Mettlenstrasse 26, 8409 Winterthur"
630,success,Geocoding successful.,47.50509262084961,8.771568298339844,Mettlenstrasse 6 <b>8409 Winterthur</b>,1155039_0,"{'attrs': {'detail': 'mettlenstrasse 6 8409 winterthur 230 winterthur ch zh', 'featureId': '1155039_0', 'geom_quadindex': '030010301100013321202', 'geom_st_box2d': 'BOX(8.771556 47.505094,8.771556 47.505094)', 'label': 'Mettlenstrasse 6 <b>8409 Winterthur</b>', 'lat': 47.50509262084961, 'links': [{'href': '/rest/services/ech/MapServer/ch.swisstopo.amtliches-gebaeudeadressverzeichnis/100824535', 'rel': 'related', 'title': 'ch.swisstopo.amtliches-gebaeudeadressverzeichnis'}, {'href': '/rest/services/ech/MapServer/ch.bfs.gebaeude_wohnungs_register/1155039_0', 'rel': 'related', 'title': 'ch.bfs.gebaeude_wohnungs_register'}], 'lon': 8.771568298339844, 'num': 6, 'objectclass': '', 'origin': 'address', 'rank': 7, 'x': 8.771568298339844, 'y': 47.50509262084961, 'zoomlevel': 10}, 'id': 1992400, 'weight': 1}","Mettlenstrasse 6, 8409 Winterthur"
631,success,Geocoding successful.,47.505577087402344,8.76749038696289,Reismühleweg 36 <b>8409 Winterthur</b>,1155104_0,"{'attrs': {'detail': 'reismuehleweg 36 8409 winterthur 230 winterthur ch zh', 'featureId': '1155104_0', 'geom_quadindex': '030010301011001002133', 'geom_st_box2d': 'BOX(8.767478 47.505578,8.767478 47.505578)', 'label': 'Reismühleweg 36 <b>8409 Winterthur</b>', 'lat': 47.505577087402344, 'links': [{'href': '/rest/services/ech/MapServer/ch.swisstopo.amtliches-gebaeudeadressverzeichnis/100826534', 'rel': 'related', 'title': 'ch.swisstopo.amtliches-gebaeudeadressverzeichnis'}, {'href': '/rest/services/ech/MapServer/ch.bfs.gebaeude_wohnungs_register/1155104_0', 'rel': 'related', 'title': 'ch.bfs.gebaeude_wohnungs_register'}], 'lon': 8.76749038696289, 'num': 36, 'objectclass': '', 'origin': 'address', 'rank': 7, 'x': 8.76749038696289, 'y': 47.505577087402344, 'zoomlevel': 10}, 'id': 2128130, 'weight': 1}","Reismühleweg 36, 8409 Winterthur"
632,success,Geocoding successful.,47.50265884399414,8.726516723632812,St.-Georgen-Strasse 88 <b>8400 Winterthur</b>,1150400_0,"{'attrs': {'detail': 'st.-georgen-strasse 88 8400 winterthur 230 winterthur ch zh', 'featureId': '1150400_0', 'geom_quadindex': '030010211103313111100', 'geom_st_box2d': 'BOX(8.726504 47.502662,8.726504 47.502662)', 'label': 'St.-Georgen-Strasse 88 <b>8400 Winterthur</b>', 'lat': 47.50265884399414, 'links': [{'href': '/rest/services/ech/MapServer/ch.swisstopo.amtliches-gebaeudeadressverzeichnis/100821281', 'rel': 'related', 'title': 'ch.swisstopo.amtliches-gebaeudeadressverzeichnis'}, {'href': '/rest/services/ech/MapServer/ch.bfs.gebaeude_wohnungs_register/1150400_0', 'rel': 'related', 'title': 'ch.bfs.gebaeude_wohnungs_register'}], 'lon': 8.726516723632812, 'num': 88, 'objectclass': '', 'origin': 'address', 'rank': 7, 'x': 8.726516723632812, 'y': 47.50265884399414, 'zoomlevel': 10}, 'id': 2117131, 'weight': 1}","St.-Georgen-Strasse 88, 8400 Winterthur"
633,success,Geocoding successful.,47.4941291809082,8.740429878234863,Tösstalstrasse 74 <b>8400 Winterthur</b>,1161984_0,"{'attrs': {'detail': 'toesstalstrasse 74 8400 winterthur 230 winterthur ch zh', 'featureId': '1161984_0', 'geom_quadindex': '030010300212300230002', 'geom_st_box2d': 'BOX(8.740417 47.494131,8.740417 47.494131)', 'label': 'Tösstalstrasse 74 <b>8400 Winterthur</b>', 'lat': 47.4941291809082, 'links': [{'href': '/rest/services/ech/MapServer/ch.swisstopo.amtliches-gebaeudeadressverzeichnis/100811087', 'rel': 'related', 'title': 'ch.swisstopo.amtliches-gebaeudeadressverzeichnis'}, {'href': '/rest/services/ech/MapServer/ch.bfs.gebaeude_wohnungs_register/1161984_0', 'rel': 'related', 'title': 'ch.bfs.gebaeude_wohnungs_register'}], 'lon': 8.740429878234863, 'num': 74, 'objectclass': '', 'origin': 'address', 'rank': 7, 'x': 8.740429878234863, 'y': 47.4941291809082, 'zoomlevel': 10}, 'id': 2129075, 'weight': 1}","Tösstalstrasse 74, 8400 Winterthur"
634,success,Geocoding successful.,47.47357940673828,8.793473243713379,Eidbergstrasse 75 <b>8405 Winterthur</b>,2325790_0,"{'attrs': {'detail': 'eidbergstrasse 75 8405 winterthur 230 winterthur ch zh', 'featureId': '2325790_0', 'geom_quadindex': '030010312233110022201', 'geom_st_box2d': 'BOX(8.793461 47.473582,8.793461 47.473582)', 'label': 'Eidbergstrasse 75 <b>8405 Winterthur</b>', 'lat': 47.47357940673828, 'links': [{'href': '/rest/services/ech/MapServer/ch.swisstopo.amtliches-gebaeudeadressverzeichnis/101168038', 'rel': 'related', 'title': 'ch.swisstopo.amtliches-gebaeudeadressverzeichnis'}, {'href': '/rest/services/ech/MapServer/ch.bfs.gebaeude_wohnungs_register/2325790_0', 'rel': 'related', 'title': 'ch.bfs.gebaeude_wohnungs_register'}], 'lon': 8.793473243713379, 'num': 75, 'objectclass': '', 'origin': 'address', 'rank': 7, 'x': 8.793473243713379, 'y': 47.47357940673828, 'zoomlevel': 10}, 'id': 2013173, 'weight': 1}","Eidbergstrasse 75, 8405 Winterthur"
635,success,Geocoding successful.,47.50930404663086,8.695645332336426,Oberfeldstrasse 101 <b>8408 Winterthur</b>,1160829_0,"{'attrs': {'detail': 'oberfeldstrasse 101 8408 winterthur 230 winterthur ch zh', 'featureId': '1160829_0', 'geom_quadindex': '030010032320202001203', 'geom_st_box2d': 'BOX(8.695632 47.509304,8.695632 47.509304)', 'label': 'Oberfeldstrasse 101 <b>8408 Winterthur</b>', 'lat': 47.50930404663086, 'links': [{'href': '/rest/services/ech/MapServer/ch.swisstopo.amtliches-gebaeudeadressverzeichnis/100825231', 'rel': 'related', 'title': 'ch.swisstopo.amtliches-gebaeudeadressverzeichnis'}, {'href': '/rest/services/ech/MapServer/ch.bfs.gebaeude_wohnungs_register/1160829_0', 'rel': 'related', 'title': 'ch.bfs.gebaeude_wohnungs_register'}], 'lon': 8.695645332336426, 'num': 101, 'objectclass': '', 'origin': 'address', 'rank': 7, 'x': 8.695645332336426, 'y': 47.50930404663086, 'zoomlevel': 10}, 'id': 2432005, 'weight': 1}","Oberfeldstrasse 101, 8408 Winterthur"
636,success,Geocoding successful.,47.50177764892578,8.729599952697754,Liebestrasse 1 <b>8400 Winterthur</b>,1150401_0,"{'attrs': {'detail': 'liebestrasse 1 8400 winterthur 230 winterthur ch zh', 'featureId': '1150401_0', 'geom_quadindex': '030010211130111113213', 'geom_st_box2d': 'BOX(8.729587 47.50178,8.729587 47.50178)', 'label': 'Liebestrasse 1 <b>8400 Winterthur</b>', 'lat': 47.50177764892578, 'links': [{'href': '/rest/services/ech/MapServer/ch.swisstopo.amtliches-gebaeudeadressverzeichnis/100821282', 'rel': 'related', 'title': 'ch.swisstopo.amtliches-gebaeudeadressverzeichnis'}, {'href': '/rest/services/ech/MapServer/ch.bfs.gebaeude_wohnungs_register/1150401_0', 'rel': 'related', 'title': 'ch.bfs.gebaeude_wohnungs_register'}], 'lon': 8.729599952697754, 'num': 1, 'objectclass': '', 'origin': 'address', 'rank': 7, 'x': 8.729599952697754, 'y': 47.50177764892578, 'zoomlevel': 10}, 'id': 2498297, 'weight': 1}","Liebestrasse 1, 8400 Winterthur"
637,success,Geocoding successful.,47.5026969909668,8.716473579406738,Wartstrasse 49 <b>8400 Winterthur</b>,1152558_0,"{'attrs': {'detail': 'wartstrasse 49 8400 winterthur 230 winterthur ch zh', 'featureId': '1152558_0', 'geom_quadindex': '030010211012312020113', 'geom_st_box2d': 'BOX(8.716461 47.5027,8.716461 47.5027)', 'label': 'Wartstrasse 49 <b>8400 Winterthur</b>', 'lat': 47.5026969909668, 'links': [{'href': '/rest/services/ech/MapServer/ch.swisstopo.amtliches-gebaeudeadressverzeichnis/100822529', 'rel': 'related', 'title': 'ch.swisstopo.amtliches-gebaeudeadressverzeichnis'}, {'href': '/rest/services/ech/MapServer/ch.bfs.gebaeude_wohnungs_register/1152558_0', 'rel': 'related', 'title': 'ch.bfs.gebaeude_wohnungs_register'}], 'lon': 8.716473579406738, 'num': 49, 'objectclass': '', 'origin': 'address', 'rank': 7, 'x': 8.716473579406738, 'y': 47.5026969909668, 'zoomlevel': 10}, 'id': 2426478, 'weight': 1}","Wartstrasse 49, 8400 Winterthur"
638,success,Geocoding successful.,47.501834869384766,8.727171897888184,Theaterstrasse 4 <b>8400 Winterthur</b>,1150411_0,"{'attrs': {'detail': 'theaterstrasse 4 8400 winterthur 230 winterthur ch zh', 'featureId': '1150411_0', 'geom_quadindex': '030010211130001101231', 'geom_st_box2d': 'BOX(8.727159 47.501837,8.727159 47.501837)', 'label': 'Theaterstrasse 4 <b>8400 Winterthur</b>', 'lat': 47.501834869384766, 'links': [{'href': '/rest/services/ech/MapServer/ch.swisstopo.amtliches-gebaeudeadressverzeichnis/100821292', 'rel': 'related', 'title': 'ch.swisstopo.amtliches-gebaeudeadressverzeichnis'}, {'href': '/rest/services/ech/MapServer/ch.bfs.gebaeude_wohnungs_register/1150411_0', 'rel': 'related', 'title': 'ch.bfs.gebaeude_wohnungs_register'}], 'lon': 8.727171897888184, 'num': 4, 'objectclass': '', 'origin': 'address', 'rank': 7, 'x': 8.727171897888184, 'y': 47.501834869384766, 'zoomlevel': 10}, 'id': 2577362, 'weight': 1}","Theaterstrasse 4, 8400 Winterthur"
639,success,Geocoding successful.,47.49252700805664,8.71357536315918,Agnesstrasse 17 <b>8406 Winterthur</b>,201034391_0,"{'attrs': {'detail': 'agnesstrasse 17 8406 winterthur 230 winterthur ch zh', 'featureId': '201034391_0', 'geom_quadindex': '030010211221133232232', 'geom_st_box2d': 'BOX(8.713562 47.492528,8.713562 47.492528)', 'label': 'Agnesstrasse 17 <b>8406 Winterthur</b>', 'lat': 47.49252700805664, 'links': [{'href': '/rest/services/ech/MapServer/ch.swisstopo.amtliches-gebaeudeadressverzeichnis/101679685', 'rel': 'related', 'title': 'ch.swisstopo.amtliches-gebaeudeadressverzeichnis'}, {'href': '/rest/services/ech/MapServer/ch.bfs.gebaeude_wohnungs_register/201034391_0', 'rel': 'related', 'title': 'ch.bfs.gebaeude_wohnungs_register'}], 'lon': 8.71357536315918, 'num': 17, 'objectclass': '', 'origin': 'address', 'rank': 7, 'x': 8.71357536315918, 'y': 47.49252700805664, 'zoomlevel': 10}, 'id': 2043220, 'weight': 1}","Agnesstrasse 17, 8406 Winterthur"
640,success,Geocoding successful.,47.504417419433594,8.716682434082031,Walkestrasse 13 <b>8400 Winterthur</b>,1152616_0,"{'attrs': {'detail': 'walkestrasse 13 8400 winterthur 230 winterthur ch zh', 'featureId': '1152616_0', 'geom_quadindex': '030010211010330302232', 'geom_st_box2d': 'BOX(8.71667 47.504421,8.71667 47.504421)', 'label': 'Walkestrasse 13 <b>8400 Winterthur</b>', 'lat': 47.504417419433594, 'links': [{'href': '/rest/services/ech/MapServer/ch.swisstopo.amtliches-gebaeudeadressverzeichnis/100822584', 'rel': 'related', 'title': 'ch.swisstopo.amtliches-gebaeudeadressverzeichnis'}, {'href': '/rest/services/ech/MapServer/ch.bfs.gebaeude_wohnungs_register/1152616_0', 'rel': 'related', 'title': 'ch.bfs.gebaeude_wohnungs_register'}], 'lon': 8.716682434082031, 'num': 13, 'objectclass': '', 'origin': 'address', 'rank': 7, 'x': 8.716682434082031, 'y': 47.504417419433594, 'zoomlevel': 10}, 'id': 2418058, 'weight': 1}","Walkestrasse 13, 8400 Winterthur"
641,success,Geocoding successful.,47.49488830566406,8.733394622802734,Zeughausstrasse 56 <b>8400 Winterthur</b>,3001773_0,"{'attrs': {'detail': 'zeughausstrasse 56 8400 winterthur 230 winterthur ch zh', 'featureId': '3001773_0', 'geom_quadindex': '030010300202030002311', 'geom_st_box2d': 'BOX(8.733382 47.494891,8.733382 47.494891)', 'label': 'Zeughausstrasse 56 <b>8400 Winterthur</b>', 'lat': 47.49488830566406, 'links': [{'href': '/rest/services/ech/MapServer/ch.swisstopo.amtliches-gebaeudeadressverzeichnis/101080089', 'rel': 'related', 'title': 'ch.swisstopo.amtliches-gebaeudeadressverzeichnis'}, {'href': '/rest/services/ech/MapServer/ch.bfs.gebaeude_wohnungs_register/3001773_0', 'rel': 'related', 'title': 'ch.bfs.gebaeude_wohnungs_register'}], 'lon': 8.733394622802734, 'num': 56, 'objectclass': '', 'origin': 'address', 'rank': 7, 'x': 8.733394622802734, 'y': 47.49488830566406, 'zoomlevel': 10}, 'id': 2206646, 'weight': 1}","Zeughausstrasse 56, 8400 Winterthur"
642,success,Geocoding successful.,47.49304962158203,8.713323593139648,Agnesstrasse 15 <b>8406 Winterthur</b>,1152012_0,"{'attrs': {'detail': 'agnesstrasse 15 8406 winterthur 230 winterthur ch zh', 'featureId': '1152012_0', 'geom_quadindex': '030010211221130100112', 'geom_st_box2d': 'BOX(8.71331 47.493052,8.71331 47.493052)', 'label': 'Agnesstrasse 15 <b>8406 Winterthur</b>', 'lat': 47.49304962158203, 'links': [{'href': '/rest/services/ech/MapServer/ch.swisstopo.amtliches-gebaeudeadressverzeichnis/100820538', 'rel': 'related', 'title': 'ch.swisstopo.amtliches-gebaeudeadressverzeichnis'}, {'href': '/rest/services/ech/MapServer/ch.bfs.gebaeude_wohnungs_register/1152012_0', 'rel': 'related', 'title': 'ch.bfs.gebaeude_wohnungs_register'}], 'lon': 8.713323593139648, 'num': 15, 'objectclass': '', 'origin': 'address', 'rank': 7, 'x': 8.713323593139648, 'y': 47.49304962158203, 'zoomlevel': 10}, 'id': 2785065, 'weight': 1}","Agnesstrasse 15, 8406 Winterthur"
643,success,Geocoding successful.,47.4644660949707,8.778298377990723,Ibergstrasse 108 <b>8405 Winterthur</b>,1156945_0,"{'attrs': {'detail': 'ibergstrasse 108 8405 winterthur 230 winterthur ch zh', 'featureId': '1156945_0', 'geom_quadindex': '030010321132133302300', 'geom_st_box2d': 'BOX(8.778287 47.464469,8.778287 47.464469)', 'label': 'Ibergstrasse 108 <b>8405 Winterthur</b>', 'lat': 47.4644660949707, 'links': [{'href': '/rest/services/ech/MapServer/ch.swisstopo.amtliches-gebaeudeadressverzeichnis/100824565', 'rel': 'related', 'title': 'ch.swisstopo.amtliches-gebaeudeadressverzeichnis'}, {'href': '/rest/services/ech/MapServer/ch.bfs.gebaeude_wohnungs_register/1156945_0', 'rel': 'related', 'title': 'ch.bfs.gebaeude_wohnungs_register'}], 'lon': 8.778298377990723, 'num': 108, 'objectclass': '', 'origin': 'address', 'rank': 7, 'x': 8.778298377990723, 'y': 47.4644660949707, 'zoomlevel': 10}, 'id': 1857389, 'weight': 1}","Ibergstrasse 108, 8405 Winterthur"
644,success,Geocoding successful.,47.495994567871094,8.718345642089844,Katharina-Sulzer-Platz 1 <b>8400 Winterthur</b>,201035064_0,"{'attrs': {'detail': 'katharina-sulzer-platz 1 8400 winterthur 230 winterthur ch zh', 'featureId': '201035064_0', 'geom_quadindex': '030010211211231212103', 'geom_st_box2d': 'BOX(8.718333 47.495995,8.718333 47.495995)', 'label': 'Katharina-Sulzer-Platz 1 <b>8400 Winterthur</b>', 'lat': 47.495994567871094, 'links': [{'href': '/rest/services/ech/MapServer/ch.swisstopo.amtliches-gebaeudeadressverzeichnis/101686300', 'rel': 'related', 'title': 'ch.swisstopo.amtliches-gebaeudeadressverzeichnis'}, {'href': '/rest/services/ech/MapServer/ch.bfs.gebaeude_wohnungs_register/201035064_0', 'rel': 'related', 'title': 'ch.bfs.gebaeude_wohnungs_register'}], 'lon': 8.718345642089844, 'num': 1, 'objectclass': '', 'origin': 'address', 'rank': 7, 'x': 8.718345642089844, 'y': 47.495994567871094, 'zoomlevel': 10}, 'id': 2620116, 'weight': 1}","Katharina-Sulzer-Platz 1, 8400 Winterthur"
645,success,Geocoding successful.,47.50848388671875,8.718890190124512,Löwenstrasse 13 <b>8400 Winterthur</b>,1158246_0,"{'attrs': {'detail': 'loewenstrasse 13 8400 winterthur 230 winterthur ch zh', 'featureId': '1158246_0', 'geom_quadindex': '030010033231233113330', 'geom_st_box2d': 'BOX(8.718877 47.508486,8.718877 47.508486)', 'label': 'Löwenstrasse 13 <b>8400 Winterthur</b>', 'lat': 47.50848388671875, 'links': [{'href': '/rest/services/ech/MapServer/ch.swisstopo.amtliches-gebaeudeadressverzeichnis/100806513', 'rel': 'related', 'title': 'ch.swisstopo.amtliches-gebaeudeadressverzeichnis'}, {'href': '/rest/services/ech/MapServer/ch.bfs.gebaeude_wohnungs_register/1158246_0', 'rel': 'related', 'title': 'ch.bfs.gebaeude_wohnungs_register'}], 'lon': 8.718890190124512, 'num': 13, 'objectclass': '', 'origin': 'address', 'rank': 7, 'x': 8.718890190124512, 'y': 47.50848388671875, 'zoomlevel': 10}, 'id': 2158628, 'weight': 1}","Löwenstrasse 13, 8400 Winterthur"
646,success,Geocoding successful.,47.5014533996582,8.729471206665039,Museumstrasse 54 <b>8400 Winterthur</b>,1150403_0,"{'attrs': {'detail': 'museumstrasse 54 8400 winterthur 230 winterthur ch zh', 'featureId': '1150403_0', 'geom_quadindex': '030010211130113122311', 'geom_st_box2d': 'BOX(8.729458 47.501456,8.729458 47.501456)', 'label': 'Museumstrasse 54 <b>8400 Winterthur</b>', 'lat': 47.5014533996582, 'links': [{'href': '/rest/services/ech/MapServer/ch.swisstopo.amtliches-gebaeudeadressverzeichnis/100821284', 'rel': 'related', 'title': 'ch.swisstopo.amtliches-gebaeudeadressverzeichnis'}, {'href': '/rest/services/ech/MapServer/ch.bfs.gebaeude_wohnungs_register/1150403_0', 'rel': 'related', 'title': 'ch.bfs.gebaeude_wohnungs_register'}], 'lon': 8.729471206665039, 'num': 54, 'objectclass': '', 'origin': 'address', 'rank': 7, 'x': 8.729471206665039, 'y': 47.5014533996582, 'zoomlevel': 10}, 'id': 2747528, 'weight': 1}","Museumstrasse 54, 8400 Winterthur"
647,success,Geocoding successful.,47.501365661621094,8.731609344482422,Museumstrasse 46 <b>8400 Winterthur</b>,201033118_0,"{'attrs': {'detail': 'museumstrasse 46 8400 winterthur 230 winterthur ch zh', 'featureId': '201033118_0', 'geom_quadindex': '030010211131103202311', 'geom_st_box2d': 'BOX(8.731597 47.501369,8.731597 47.501369)', 'label': 'Museumstrasse 46 <b>8400 Winterthur</b>', 'lat': 47.501365661621094, 'links': [{'href': '/rest/services/ech/MapServer/ch.swisstopo.amtliches-gebaeudeadressverzeichnis/101686116', 'rel': 'related', 'title': 'ch.swisstopo.amtliches-gebaeudeadressverzeichnis'}, {'href': '/rest/services/ech/MapServer/ch.bfs.gebaeude_wohnungs_register/201033118_0', 'rel': 'related', 'title': 'ch.bfs.gebaeude_wohnungs_register'}], 'lon': 8.731609344482422, 'num': 46, 'objectclass': '', 'origin': 'address', 'rank': 7, 'x': 8.731609344482422, 'y': 47.501365661621094, 'zoomlevel': 10}, 'id': 2714851, 'weight': 1}","Museumstrasse 46, 8400 Winterthur"
648,success,Geocoding successful.,47.50730895996094,8.711899757385254,Wülflingerstrasse 70 <b>8400 Winterthur</b>,1159564_0,"{'attrs': {'detail': 'wuelflingerstrasse 70 8400 winterthur 230 winterthur ch zh', 'featureId': '1159564_0', 'geom_quadindex': '030010033223032222320', 'geom_st_box2d': 'BOX(8.711886 47.507311,8.711886 47.507311)', 'label': 'Wülflingerstrasse 70 <b>8400 Winterthur</b>', 'lat': 47.50730895996094, 'links': [{'href': '/rest/services/ech/MapServer/ch.swisstopo.amtliches-gebaeudeadressverzeichnis/100827396', 'rel': 'related', 'title': 'ch.swisstopo.amtliches-gebaeudeadressverzeichnis'}, {'href': '/rest/services/ech/MapServer/ch.bfs.gebaeude_wohnungs_register/1159564_0', 'rel': 'related', 'title': 'ch.bfs.gebaeude_wohnungs_register'}], 'lon': 8.711899757385254, 'num': 70, 'objectclass': '', 'origin': 'address', 'rank': 7, 'x': 8.711899757385254, 'y': 47.50730895996094, 'zoomlevel': 10}, 'id': 2304709, 'weight': 1}","Wülflingerstrasse 70, 8400 Winterthur"
649,success,Geocoding successful.,47.47856521606445,8.704082489013672,Zürcherstrasse 306 <b>8406 Winterthur</b>,201033938_0,"{'attrs': {'detail': 'zuercherstrasse 306 8406 winterthur 230 winterthur ch zh', 'featureId': '201033938_0', 'geom_quadindex': '030010212312113121332', 'geom_st_box2d': 'BOX(8.704069 47.478567,8.704069 47.478567)', 'label': 'Zürcherstrasse 306 <b>8406 Winterthur</b>', 'lat': 47.47856521606445, 'links': [{'href': '/rest/services/ech/MapServer/ch.swisstopo.amtliches-gebaeudeadressverzeichnis/101674615', 'rel': 'related', 'title': 'ch.swisstopo.amtliches-gebaeudeadressverzeichnis'}, {'href': '/rest/services/ech/MapServer/ch.bfs.gebaeude_wohnungs_register/201033938_0', 'rel': 'related', 'title': 'ch.bfs.gebaeude_wohnungs_register'}], 'lon': 8.704082489013672, 'num': 306, 'objectclass': '', 'origin': 'address', 'rank': 7, 'x': 8.704082489013672, 'y': 47.47856521606445, 'zoomlevel': 10}, 'id': 2894050, 'weight': 1}","Zürcherstrasse 306, 8406 Winterthur"
650,success,Geocoding successful.,47.50221633911133,8.730891227722168,Lindstrasse 6 <b>8400 Winterthur</b>,2323832_0,"{'attrs': {'detail': 'lindstrasse 6 8400 winterthur 230 winterthur ch zh', 'featureId': '2323832_0', 'geom_quadindex': '030010211113231023332', 'geom_st_box2d': 'BOX(8.730879 47.502218,8.730879 47.502218)', 'label': 'Lindstrasse 6 <b>8400 Winterthur</b>', 'lat': 47.50221633911133, 'links': [{'href': '/rest/services/ech/MapServer/ch.swisstopo.amtliches-gebaeudeadressverzeichnis/101015494', 'rel': 'related', 'title': 'ch.swisstopo.amtliches-gebaeudeadressverzeichnis'}, {'href': '/rest/services/ech/MapServer/ch.bfs.gebaeude_wohnungs_register/2323832_0', 'rel': 'related', 'title': 'ch.bfs.gebaeude_wohnungs_register'}], 'lon': 8.730891227722168, 'num': 6, 'objectclass': '', 'origin': 'address', 'rank': 7, 'x': 8.730891227722168, 'y': 47.50221633911133, 'zoomlevel': 10}, 'id': 2510718, 'weight': 1}","Lindstrasse 6, 8400 Winterthur"
651,success,Geocoding successful.,47.50235366821289,8.732291221618652,Trollstrasse 18 <b>8400 Winterthur</b>,2323833_0,"{'attrs': {'detail': 'trollstrasse 18 8400 winterthur 230 winterthur ch zh', 'featureId': '2323833_0', 'geom_quadindex': '030010211113312332031', 'geom_st_box2d': 'BOX(8.732279 47.502355,8.732279 47.502355)', 'label': 'Trollstrasse 18 <b>8400 Winterthur</b>', 'lat': 47.50235366821289, 'links': [{'href': '/rest/services/ech/MapServer/ch.swisstopo.amtliches-gebaeudeadressverzeichnis/101015495', 'rel': 'related', 'title': 'ch.swisstopo.amtliches-gebaeudeadressverzeichnis'}, {'href': '/rest/services/ech/MapServer/ch.bfs.gebaeude_wohnungs_register/2323833_0', 'rel': 'related', 'title': 'ch.bfs.gebaeude_wohnungs_register'}], 'lon': 8.732291221618652, 'num': 18, 'objectclass': '', 'origin': 'address', 'rank': 7, 'x': 8.732291221618652, 'y': 47.50235366821289, 'zoomlevel': 10}, 'id': 2828203, 'weight': 1}","Trollstrasse 18, 8400 Winterthur"
652,success,Geocoding successful.,47.487789154052734,8.708355903625488,Krummackerstrasse 3 <b>8406 Winterthur</b>,1158061_0,"{'attrs': {'detail': 'krummackerstrasse 3 8406 winterthur 230 winterthur ch zh', 'featureId': '1158061_0', 'geom_quadindex': '030010213000230003210', 'geom_st_box2d': 'BOX(8.708343 47.487791,8.708343 47.487791)', 'label': 'Krummackerstrasse 3 <b>8406 Winterthur</b>', 'lat': 47.487789154052734, 'links': [{'href': '/rest/services/ech/MapServer/ch.swisstopo.amtliches-gebaeudeadressverzeichnis/100804052', 'rel': 'related', 'title': 'ch.swisstopo.amtliches-gebaeudeadressverzeichnis'}, {'href': '/rest/services/ech/MapServer/ch.bfs.gebaeude_wohnungs_register/1158061_0', 'rel': 'related', 'title': 'ch.bfs.gebaeude_wohnungs_register'}], 'lon': 8.708355903625488, 'num': 3, 'objectclass': '', 'origin': 'address', 'rank': 7, 'x': 8.708355903625488, 'y': 47.487789154052734, 'zoomlevel': 10}, 'id': 1850713, 'weight': 1}","Krummackerstrasse 3, 8406 Winterthur"
653,success,Geocoding successful.,47.4879150390625,8.708212852478027,Krummackerstrasse 1 <b>8406 Winterthur</b>,1158060_0,"{'attrs': {'detail': 'krummackerstrasse 1 8406 winterthur 230 winterthur ch zh', 'featureId': '1158060_0', 'geom_quadindex': '030010213000203312230', 'geom_st_box2d': 'BOX(8.7082 47.487916,8.7082 47.487916)', 'label': 'Krummackerstrasse 1 <b>8406 Winterthur</b>', 'lat': 47.4879150390625, 'links': [{'href': '/rest/services/ech/MapServer/ch.swisstopo.amtliches-gebaeudeadressverzeichnis/100804051', 'rel': 'related', 'title': 'ch.swisstopo.amtliches-gebaeudeadressverzeichnis'}, {'href': '/rest/services/ech/MapServer/ch.bfs.gebaeude_wohnungs_register/1158060_0', 'rel': 'related', 'title': 'ch.bfs.gebaeude_wohnungs_register'}], 'lon': 8.708212852478027, 'num': 1, 'objectclass': '', 'origin': 'address', 'rank': 7, 'x': 8.708212852478027, 'y': 47.4879150390625, 'zoomlevel': 10}, 'id': 2517490, 'weight': 1}","Krummackerstrasse 1, 8406 Winterthur"
654,success,Geocoding successful.,47.49736785888672,8.731306076049805,Zeughausstrasse 76 <b>8400 Winterthur</b>,2323835_0,"{'attrs': {'detail': 'zeughausstrasse 76 8400 winterthur 230 winterthur ch zh', 'featureId': '2323835_0', 'geom_quadindex': '030010211311100320323', 'geom_st_box2d': 'BOX(8.731294 47.497371,8.731294 47.497371)', 'label': 'Zeughausstrasse 76 <b>8400 Winterthur</b>', 'lat': 47.49736785888672, 'links': [{'href': '/rest/services/ech/MapServer/ch.swisstopo.amtliches-gebaeudeadressverzeichnis/101015497', 'rel': 'related', 'title': 'ch.swisstopo.amtliches-gebaeudeadressverzeichnis'}, {'href': '/rest/services/ech/MapServer/ch.bfs.gebaeude_wohnungs_register/2323835_0', 'rel': 'related', 'title': 'ch.bfs.gebaeude_wohnungs_register'}], 'lon': 8.731306076049805, 'num': 76, 'objectclass': '', 'origin': 'address', 'rank': 7, 'x': 8.731306076049805, 'y': 47.49736785888672, 'zoomlevel': 10}, 'id': 1921293, 'weight': 1}","Zeughausstrasse 76, 8400 Winterthur"
655,success,Geocoding successful.,47.492435455322266,8.710423469543457,Grenzstrasse 36 <b>8406 Winterthur</b>,1152165_0,"{'attrs': {'detail': 'grenzstrasse 36 8406 winterthur 230 winterthur ch zh', 'featureId': '1152165_0', 'geom_quadindex': '030010211220311023320', 'geom_st_box2d': 'BOX(8.710411 47.492438,8.710411 47.492438)', 'label': 'Grenzstrasse 36 <b>8406 Winterthur</b>', 'lat': 47.492435455322266, 'links': [{'href': '/rest/services/ech/MapServer/ch.swisstopo.amtliches-gebaeudeadressverzeichnis/100820986', 'rel': 'related', 'title': 'ch.swisstopo.amtliches-gebaeudeadressverzeichnis'}, {'href': '/rest/services/ech/MapServer/ch.bfs.gebaeude_wohnungs_register/1152165_0', 'rel': 'related', 'title': 'ch.bfs.gebaeude_wohnungs_register'}], 'lon': 8.710423469543457, 'num': 36, 'objectclass': '', 'origin': 'address', 'rank': 7, 'x': 8.710423469543457, 'y': 47.492435455322266, 'zoomlevel': 10}, 'id': 2834068, 'weight': 1}","Grenzstrasse 36, 8406 Winterthur"
656,success,Geocoding successful.,47.50632858276367,8.751819610595703,Römerstrasse 141 <b>8404 Winterthur</b>,2327010_0,"{'attrs': {'detail': 'roemerstrasse 141 8404 winterthur 230 winterthur ch zh', 'featureId': '2327010_0', 'geom_quadindex': '030010122332202332223', 'geom_st_box2d': 'BOX(8.751807 47.506332,8.751807 47.506332)', 'label': 'Römerstrasse 141 <b>8404 Winterthur</b>', 'lat': 47.50632858276367, 'links': [{'href': '/rest/services/ech/MapServer/ch.swisstopo.amtliches-gebaeudeadressverzeichnis/101166418', 'rel': 'related', 'title': 'ch.swisstopo.amtliches-gebaeudeadressverzeichnis'}, {'href': '/rest/services/ech/MapServer/ch.bfs.gebaeude_wohnungs_register/2327010_0', 'rel': 'related', 'title': 'ch.bfs.gebaeude_wohnungs_register'}], 'lon': 8.751819610595703, 'num': 141, 'objectclass': '', 'origin': 'address', 'rank': 7, 'x': 8.751819610595703, 'y': 47.50632858276367, 'zoomlevel': 10}, 'id': 2614069, 'weight': 1}","Römerstrasse 141, 8404 Winterthur"
657,success,Geocoding successful.,47.53731155395508,8.754846572875977,Haldenrainstrasse 67 <b>8404 Stadel (Winterthur)</b>,201033848_0,"{'attrs': {'detail': 'haldenrainstrasse 67 8404 stadel _winterthur_ 230 winterthur ch zh', 'featureId': '201033848_0', 'geom_quadindex': '030010120112110120121', 'geom_st_box2d': 'BOX(8.754834 47.537315,8.754834 47.537315)', 'label': 'Haldenrainstrasse 67 <b>8404 Stadel (Winterthur)</b>', 'lat': 47.53731155395508, 'links': [{'href': '/rest/services/ech/MapServer/ch.swisstopo.amtliches-gebaeudeadressverzeichnis/101673354', 'rel': 'related', 'title': 'ch.swisstopo.amtliches-gebaeudeadressverzeichnis'}, {'href': '/rest/services/ech/MapServer/ch.bfs.gebaeude_wohnungs_register/201033848_0', 'rel': 'related', 'title': 'ch.bfs.gebaeude_wohnungs_register'}], 'lon': 8.754846572875977, 'num': 67, 'objectclass': '', 'origin': 'address', 'rank': 7, 'x': 8.754846572875977, 'y': 47.53731155395508, 'zoomlevel': 10}, 'id': 2272271, 'weight': 1}","Haldenrainstrasse 67, 8404 Stadel"
658,success,Geocoding successful.,47.480377197265625,8.761791229248047,Im Ganzenbühl 16 <b>8405 Winterthur</b>,1156112_0,"{'attrs': {'detail': 'im ganzenbuehl 16 8405 winterthur 230 winterthur ch zh', 'featureId': '1156112_0', 'geom_quadindex': '030010303201100000120', 'geom_st_box2d': 'BOX(8.761779 47.48038,8.761779 47.48038)', 'label': 'Im Ganzenbühl 16 <b>8405 Winterthur</b>', 'lat': 47.480377197265625, 'links': [{'href': '/rest/services/ech/MapServer/ch.swisstopo.amtliches-gebaeudeadressverzeichnis/100804326', 'rel': 'related', 'title': 'ch.swisstopo.amtliches-gebaeudeadressverzeichnis'}, {'href': '/rest/services/ech/MapServer/ch.bfs.gebaeude_wohnungs_register/1156112_0', 'rel': 'related', 'title': 'ch.bfs.gebaeude_wohnungs_register'}], 'lon': 8.761791229248047, 'num': 16, 'objectclass': '', 'origin': 'address', 'rank': 7, 'x': 8.761791229248047, 'y': 47.480377197265625, 'zoomlevel': 10}, 'id': 2890238, 'weight': 1}","Im Ganzenbühl 16, 8405 Winterthur"
659,success,Geocoding successful.,47.493709564208984,8.713264465332031,Agnesstrasse 18 <b>8406 Winterthur</b>,2323683_0,"{'attrs': {'detail': 'agnesstrasse 18 8406 winterthur 230 winterthur ch zh', 'featureId': '2323683_0', 'geom_quadindex': '030010211203332211010', 'geom_st_box2d': 'BOX(8.713252 47.493713,8.713252 47.493713)', 'label': 'Agnesstrasse 18 <b>8406 Winterthur</b>', 'lat': 47.493709564208984, 'links': [{'href': '/rest/services/ech/MapServer/ch.swisstopo.amtliches-gebaeudeadressverzeichnis/101160254', 'rel': 'related', 'title': 'ch.swisstopo.amtliches-gebaeudeadressverzeichnis'}, {'href': '/rest/services/ech/MapServer/ch.bfs.gebaeude_wohnungs_register/2323683_0', 'rel': 'related', 'title': 'ch.bfs.gebaeude_wohnungs_register'}], 'lon': 8.713264465332031, 'num': 18, 'objectclass': '', 'origin': 'address', 'rank': 7, 'x': 8.713264465332031, 'y': 47.493709564208984, 'zoomlevel': 10}, 'id': 2835869, 'weight': 1}","Agnesstrasse 18, 8406 Winterthur"
660,success,Geocoding successful.,47.503543853759766,8.690189361572266,Lettenstrasse 52 <b>8408 Winterthur</b>,1160735_0,"{'attrs': {'detail': 'lettenstrasse 52 8408 winterthur 230 winterthur ch zh', 'featureId': '1160735_0', 'geom_quadindex': '030010210012032013130', 'geom_st_box2d': 'BOX(8.690176 47.503545,8.690176 47.503545)', 'label': 'Lettenstrasse 52 <b>8408 Winterthur</b>', 'lat': 47.503543853759766, 'links': [{'href': '/rest/services/ech/MapServer/ch.swisstopo.amtliches-gebaeudeadressverzeichnis/100826402', 'rel': 'related', 'title': 'ch.swisstopo.amtliches-gebaeudeadressverzeichnis'}, {'href': '/rest/services/ech/MapServer/ch.bfs.gebaeude_wohnungs_register/1160735_0', 'rel': 'related', 'title': 'ch.bfs.gebaeude_wohnungs_register'}], 'lon': 8.690189361572266, 'num': 52, 'objectclass': '', 'origin': 'address', 'rank': 7, 'x': 8.690189361572266, 'y': 47.503543853759766, 'zoomlevel': 10}, 'id': 2065599, 'weight': 1}","Lettenstrasse 52, 8408 Winterthur"
661,success,Geocoding successful.,47.50859832763672,8.718894004821777,Löwenstrasse 11 <b>8400 Winterthur</b>,1158245_0,"{'attrs': {'detail': 'loewenstrasse 11 8400 winterthur 230 winterthur ch zh', 'featureId': '1158245_0', 'geom_quadindex': '030010033231231331130', 'geom_st_box2d': 'BOX(8.718881 47.5086,8.718881 47.5086)', 'label': 'Löwenstrasse 11 <b>8400 Winterthur</b>', 'lat': 47.50859832763672, 'links': [{'href': '/rest/services/ech/MapServer/ch.swisstopo.amtliches-gebaeudeadressverzeichnis/100806512', 'rel': 'related', 'title': 'ch.swisstopo.amtliches-gebaeudeadressverzeichnis'}, {'href': '/rest/services/ech/MapServer/ch.bfs.gebaeude_wohnungs_register/1158245_0', 'rel': 'related', 'title': 'ch.bfs.gebaeude_wohnungs_register'}], 'lon': 8.718894004821777, 'num': 11, 'objectclass': '', 'origin': 'address', 'rank': 7, 'x': 8.718894004821777, 'y': 47.50859832763672, 'zoomlevel': 10}, 'id': 2730533, 'weight': 1}","Löwenstrasse 11, 8400 Winterthur"
662,success,Geocoding successful.,47.49833297729492,8.726245880126953,Neumarkt 1 <b>8400 Winterthur</b>,2323757_0,"{'attrs': {'detail': 'neumarkt 1 8400 winterthur 230 winterthur ch zh', 'featureId': '2323757_0', 'geom_quadindex': '030010211123313122023', 'geom_st_box2d': 'BOX(8.726233 47.498336,8.726233 47.498336)', 'label': 'Neumarkt 1 <b>8400 Winterthur</b>', 'lat': 47.49833297729492, 'links': [{'href': '/rest/services/ech/MapServer/ch.swisstopo.amtliches-gebaeudeadressverzeichnis/101015441', 'rel': 'related', 'title': 'ch.swisstopo.amtliches-gebaeudeadressverzeichnis'}, {'href': '/rest/services/ech/MapServer/ch.bfs.gebaeude_wohnungs_register/2323757_0', 'rel': 'related', 'title': 'ch.bfs.gebaeude_wohnungs_register'}], 'lon': 8.726245880126953, 'num': 1, 'objectclass': '', 'origin': 'address', 'rank': 7, 'x': 8.726245880126953, 'y': 47.49833297729492, 'zoomlevel': 10}, 'id': 2015061, 'weight': 1}","Neumarkt 1, 8400 Winterthur"
663,success,Geocoding successful.,47.529151916503906,8.751016616821289,Reutlingerstrasse 109 <b>8404 Reutlingen (Winterthur)</b>,1155281_0,"{'attrs': {'detail': 'reutlingerstrasse 109 8404 reutlingen _winterthur_ 230 winterthur ch zh', 'featureId': '1155281_0', 'geom_quadindex': '030010120301323032022', 'geom_st_box2d': 'BOX(8.751004 47.529154,8.751004 47.529154)', 'label': 'Reutlingerstrasse 109 <b>8404 Reutlingen (Winterthur)</b>', 'lat': 47.529151916503906, 'links': [{'href': '/rest/services/ech/MapServer/ch.swisstopo.amtliches-gebaeudeadressverzeichnis/100824287', 'rel': 'related', 'title': 'ch.swisstopo.amtliches-gebaeudeadressverzeichnis'}, {'href': '/rest/services/ech/MapServer/ch.bfs.gebaeude_wohnungs_register/1155281_0', 'rel': 'related', 'title': 'ch.bfs.gebaeude_wohnungs_register'}], 'lon': 8.751016616821289, 'num': 109, 'objectclass': '', 'origin': 'address', 'rank': 7, 'x': 8.751016616821289, 'y': 47.529151916503906, 'zoomlevel': 10}, 'id': 2387389, 'weight': 1}","Reutlingerstrasse 109, 8404 Reutlingen"
664,success,Geocoding successful.,47.49819564819336,8.748761177062988,St. Gallerstrasse 130 <b>8404 Winterthur</b>,1154781_0,"{'attrs': {'detail': 'st. gallerstrasse 130 8404 winterthur 230 winterthur ch zh', 'featureId': '1154781_0', 'geom_quadindex': '030010300123201233233', 'geom_st_box2d': 'BOX(8.748749 47.498198,8.748749 47.498198)', 'label': 'St. Gallerstrasse 130 <b>8404 Winterthur</b>', 'lat': 47.49819564819336, 'links': [{'href': '/rest/services/ech/MapServer/ch.swisstopo.amtliches-gebaeudeadressverzeichnis/100806099', 'rel': 'related', 'title': 'ch.swisstopo.amtliches-gebaeudeadressverzeichnis'}, {'href': '/rest/services/ech/MapServer/ch.bfs.gebaeude_wohnungs_register/1154781_0', 'rel': 'related', 'title': 'ch.bfs.gebaeude_wohnungs_register'}], 'lon': 8.748761177062988, 'num': 130, 'objectclass': '', 'origin': 'address', 'rank': 7, 'x': 8.748761177062988, 'y': 47.49819564819336, 'zoomlevel': 10}, 'id': 2894862, 'weight': 1}","St. Gallerstrasse 130, 8404 Winterthur"
665,success,Geocoding successful.,47.510276794433594,8.694256782531738,Wieshofstrasse 1 <b>8408 Winterthur</b>,1160813_0,"{'attrs': {'detail': 'wieshofstrasse 1 8408 winterthur 230 winterthur ch zh', 'featureId': '1160813_0', 'geom_quadindex': '030010032231102122201', 'geom_st_box2d': 'BOX(8.694243 47.510278,8.694243 47.510278)', 'label': 'Wieshofstrasse 1 <b>8408 Winterthur</b>', 'lat': 47.510276794433594, 'links': [{'href': '/rest/services/ech/MapServer/ch.swisstopo.amtliches-gebaeudeadressverzeichnis/100825216', 'rel': 'related', 'title': 'ch.swisstopo.amtliches-gebaeudeadressverzeichnis'}, {'href': '/rest/services/ech/MapServer/ch.bfs.gebaeude_wohnungs_register/1160813_0', 'rel': 'related', 'title': 'ch.bfs.gebaeude_wohnungs_register'}], 'lon': 8.694256782531738, 'num': 1, 'objectclass': '', 'origin': 'address', 'rank': 7, 'x': 8.694256782531738, 'y': 47.510276794433594, 'zoomlevel': 10}, 'id': 2867791, 'weight': 1}","Wieshofstrasse 1, 8408 Winterthur"
666,success,Geocoding successful.,47.506656646728516,8.687522888183594,Wieshofstrasse 83 <b>8408 Winterthur</b>,1160950_0,"{'attrs': {'detail': 'wieshofstrasse 83 8408 winterthur 230 winterthur ch zh', 'featureId': '1160950_0', 'geom_quadindex': '030010032223233033211', 'geom_st_box2d': 'BOX(8.687509 47.50666,8.687509 47.50666)', 'label': 'Wieshofstrasse 83 <b>8408 Winterthur</b>', 'lat': 47.506656646728516, 'links': [{'href': '/rest/services/ech/MapServer/ch.swisstopo.amtliches-gebaeudeadressverzeichnis/100809775', 'rel': 'related', 'title': 'ch.swisstopo.amtliches-gebaeudeadressverzeichnis'}, {'href': '/rest/services/ech/MapServer/ch.bfs.gebaeude_wohnungs_register/1160950_0', 'rel': 'related', 'title': 'ch.bfs.gebaeude_wohnungs_register'}], 'lon': 8.687522888183594, 'num': 83, 'objectclass': '', 'origin': 'address', 'rank': 7, 'x': 8.687522888183594, 'y': 47.506656646728516, 'zoomlevel': 10}, 'id': 2626680, 'weight': 1}","Wieshofstrasse 83, 8408 Winterthur"
667,success,Geocoding successful.,47.51686477661133,8.677871704101562,Wülflingerstrasse 409 <b>8408 Winterthur</b>,1161382_0,"{'attrs': {'detail': 'wuelflingerstrasse 409 8408 winterthur 230 winterthur ch zh', 'featureId': '1161382_0', 'geom_quadindex': '030010023132012000222', 'geom_st_box2d': 'BOX(8.677858 47.516866,8.677858 47.516866)', 'label': 'Wülflingerstrasse 409 <b>8408 Winterthur</b>', 'lat': 47.51686477661133, 'links': [{'href': '/rest/services/ech/MapServer/ch.swisstopo.amtliches-gebaeudeadressverzeichnis/100809567', 'rel': 'related', 'title': 'ch.swisstopo.amtliches-gebaeudeadressverzeichnis'}, {'href': '/rest/services/ech/MapServer/ch.bfs.gebaeude_wohnungs_register/1161382_0', 'rel': 'related', 'title': 'ch.bfs.gebaeude_wohnungs_register'}], 'lon': 8.677871704101562, 'num': 409, 'objectclass': '', 'origin': 'address', 'rank': 7, 'x': 8.677871704101562, 'y': 47.51686477661133, 'zoomlevel': 10}, 'id': 2507147, 'weight': 1}","Wülflingerstrasse 409, 8408 Winterthur"
668,success,Geocoding successful.,47.50901794433594,8.719038009643555,Löwenstrasse 3 <b>8400 Winterthur</b>,201032983_0,"{'attrs': {'detail': 'loewenstrasse 3 8400 winterthur 230 winterthur ch zh', 'featureId': '201032983_0', 'geom_quadindex': '030010033231302012122', 'geom_st_box2d': 'BOX(8.719025 47.509021,8.719025 47.509021)', 'label': 'Löwenstrasse 3 <b>8400 Winterthur</b>', 'lat': 47.50901794433594, 'links': [{'href': '/rest/services/ech/MapServer/ch.swisstopo.amtliches-gebaeudeadressverzeichnis/101683624', 'rel': 'related', 'title': 'ch.swisstopo.amtliches-gebaeudeadressverzeichnis'}, {'href': '/rest/services/ech/MapServer/ch.bfs.gebaeude_wohnungs_register/201032983_0', 'rel': 'related', 'title': 'ch.bfs.gebaeude_wohnungs_register'}], 'lon': 8.719038009643555, 'num': 3, 'objectclass': '', 'origin': 'address', 'rank': 7, 'x': 8.719038009643555, 'y': 47.50901794433594, 'zoomlevel': 10}, 'id': 2280803, 'weight': 1}","Löwenstrasse 3, 8400 Winterthur"
669,success,Geocoding successful.,47.52754592895508,8.75184440612793,Reutlingerstrasse 70 <b>8404 Reutlingen (Winterthur)</b>,1155317_0,"{'attrs': {'detail': 'reutlingerstrasse 70 8404 reutlingen _winterthur_ 230 winterthur ch zh', 'featureId': '1155317_0', 'geom_quadindex': '030010120303313033333', 'geom_st_box2d': 'BOX(8.751831 47.527547,8.751831 47.527547)', 'label': 'Reutlingerstrasse 70 <b>8404 Reutlingen (Winterthur)</b>', 'lat': 47.52754592895508, 'links': [{'href': '/rest/services/ech/MapServer/ch.swisstopo.amtliches-gebaeudeadressverzeichnis/100825819', 'rel': 'related', 'title': 'ch.swisstopo.amtliches-gebaeudeadressverzeichnis'}, {'href': '/rest/services/ech/MapServer/ch.bfs.gebaeude_wohnungs_register/1155317_0', 'rel': 'related', 'title': 'ch.bfs.gebaeude_wohnungs_register'}], 'lon': 8.75184440612793, 'num': 70, 'objectclass': '', 'origin': 'address', 'rank': 7, 'x': 8.75184440612793, 'y': 47.52754592895508, 'zoomlevel': 10}, 'id': 2335559, 'weight': 1}","Reutlingerstrasse 70, 8404 Reutlingen"
670,success,Geocoding successful.,47.4974365234375,8.732414245605469,Technikumstrasse 1 <b>8400 Winterthur</b>,1150366_0,"{'attrs': {'detail': 'technikumstrasse 1 8400 winterthur 230 winterthur ch zh', 'featureId': '1150366_0', 'geom_quadindex': '030010211311111211211', 'geom_st_box2d': 'BOX(8.732402 47.49744,8.732402 47.49744)', 'label': 'Technikumstrasse 1 <b>8400 Winterthur</b>', 'lat': 47.4974365234375, 'links': [{'href': '/rest/services/ech/MapServer/ch.swisstopo.amtliches-gebaeudeadressverzeichnis/100819883', 'rel': 'related', 'title': 'ch.swisstopo.amtliches-gebaeudeadressverzeichnis'}, {'href': '/rest/services/ech/MapServer/ch.bfs.gebaeude_wohnungs_register/1150366_0', 'rel': 'related', 'title': 'ch.bfs.gebaeude_wohnungs_register'}], 'lon': 8.732414245605469, 'num': 1, 'objectclass': '', 'origin': 'address', 'rank': 7, 'x': 8.732414245605469, 'y': 47.4974365234375, 'zoomlevel': 10}, 'id': 2813006, 'weight': 1}","Technikumstrasse 1, 8400 Winterthur"
671,success,Geocoding successful.,47.497642517089844,8.731290817260742,Technikumstrasse 5 <b>8400 Winterthur</b>,201035369_0,"{'attrs': {'detail': 'technikumstrasse 5 8400 winterthur 230 winterthur ch zh', 'featureId': '201035369_0', 'geom_quadindex': '030010211133322320212', 'geom_st_box2d': 'BOX(8.731278 47.497645,8.731278 47.497645)', 'label': 'Technikumstrasse 5 <b>8400 Winterthur</b>', 'lat': 47.497642517089844, 'links': [{'href': '/rest/services/ech/MapServer/ch.swisstopo.amtliches-gebaeudeadressverzeichnis/101689461', 'rel': 'related', 'title': 'ch.swisstopo.amtliches-gebaeudeadressverzeichnis'}, {'href': '/rest/services/ech/MapServer/ch.bfs.gebaeude_wohnungs_register/201035369_0', 'rel': 'related', 'title': 'ch.bfs.gebaeude_wohnungs_register'}], 'lon': 8.731290817260742, 'num': 5, 'objectclass': '', 'origin': 'address', 'rank': 7, 'x': 8.731290817260742, 'y': 47.497642517089844, 'zoomlevel': 10}, 'id': 2065392, 'weight': 1}","Technikumstrasse 5, 8400 Winterthur"
672,success,Geocoding successful.,47.494388580322266,8.73228645324707,Wildbachstrasse 2 <b>8400 Winterthur</b>,1151845_0,"{'attrs': {'detail': 'wildbachstrasse 2 8400 winterthur 230 winterthur ch zh', 'featureId': '1151845_0', 'geom_quadindex': '030010211313311012013', 'geom_st_box2d': 'BOX(8.732275 47.494391,8.732275 47.494391)', 'label': 'Wildbachstrasse 2 <b>8400 Winterthur</b>', 'lat': 47.494388580322266, 'links': [{'href': '/rest/services/ech/MapServer/ch.swisstopo.amtliches-gebaeudeadressverzeichnis/100819924', 'rel': 'related', 'title': 'ch.swisstopo.amtliches-gebaeudeadressverzeichnis'}, {'href': '/rest/services/ech/MapServer/ch.bfs.gebaeude_wohnungs_register/1151845_0', 'rel': 'related', 'title': 'ch.bfs.gebaeude_wohnungs_register'}], 'lon': 8.73228645324707, 'num': 2, 'objectclass': '', 'origin': 'address', 'rank': 7, 'x': 8.73228645324707, 'y': 47.494388580322266, 'zoomlevel': 10}, 'id': 2429715, 'weight': 1}","Wildbachstrasse 2, 8400 Winterthur"
673,success,Geocoding successful.,47.50243377685547,8.733973503112793,St.-Georgen-Strasse 59a <b>8400 Winterthur</b>,2323686_0,"{'attrs': {'detail': 'st.-georgen-strasse 59a 8400 winterthur 230 winterthur ch zh', 'featureId': '2323686_0', 'geom_quadindex': '030010300002213201022', 'geom_st_box2d': 'BOX(8.733961 47.502434,8.733961 47.502434)', 'label': 'St.-Georgen-Strasse 59a <b>8400 Winterthur</b>', 'lat': 47.50243377685547, 'links': [{'href': '/rest/services/ech/MapServer/ch.swisstopo.amtliches-gebaeudeadressverzeichnis/101160255', 'rel': 'related', 'title': 'ch.swisstopo.amtliches-gebaeudeadressverzeichnis'}, {'href': '/rest/services/ech/MapServer/ch.bfs.gebaeude_wohnungs_register/2323686_0', 'rel': 'related', 'title': 'ch.bfs.gebaeude_wohnungs_register'}], 'lon': 8.733973503112793, 'num': 59, 'objectclass': '', 'origin': 'address', 'rank': 7, 'x': 8.733973503112793, 'y': 47.50243377685547, 'zoomlevel': 10}, 'id': 2656305, 'weight': 1}","St.-Georgen-Strasse 59a, 8400 Winterthur"
674,success,Geocoding successful.,47.501914978027344,8.719307899475098,Wartstrasse 46 <b>8400 Winterthur</b>,2323688_0,"{'attrs': {'detail': 'wartstrasse 46 8400 winterthur 230 winterthur ch zh', 'featureId': '2323688_0', 'geom_quadindex': '030010211031101011322', 'geom_st_box2d': 'BOX(8.719295 47.501919,8.719295 47.501919)', 'label': 'Wartstrasse 46 <b>8400 Winterthur</b>', 'lat': 47.501914978027344, 'links': [{'href': '/rest/services/ech/MapServer/ch.swisstopo.amtliches-gebaeudeadressverzeichnis/101160256', 'rel': 'related', 'title': 'ch.swisstopo.amtliches-gebaeudeadressverzeichnis'}, {'href': '/rest/services/ech/MapServer/ch.bfs.gebaeude_wohnungs_register/2323688_0', 'rel': 'related', 'title': 'ch.bfs.gebaeude_wohnungs_register'}], 'lon': 8.719307899475098, 'num': 46, 'objectclass': '', 'origin': 'address', 'rank': 7, 'x': 8.719307899475098, 'y': 47.501914978027344, 'zoomlevel': 10}, 'id': 2750158, 'weight': 1}","Wartstrasse 46, 8400 Winterthur"
675,success,Geocoding successful.,47.501686096191406,8.719993591308594,Wartstrasse 40 <b>8400 Winterthur</b>,1152673_0,"{'attrs': {'detail': 'wartstrasse 40 8400 winterthur 230 winterthur ch zh', 'featureId': '1152673_0', 'geom_quadindex': '030010211031111223330', 'geom_st_box2d': 'BOX(8.719981 47.501687,8.719981 47.501687)', 'label': 'Wartstrasse 40 <b>8400 Winterthur</b>', 'lat': 47.501686096191406, 'links': [{'href': '/rest/services/ech/MapServer/ch.swisstopo.amtliches-gebaeudeadressverzeichnis/100822641', 'rel': 'related', 'title': 'ch.swisstopo.amtliches-gebaeudeadressverzeichnis'}, {'href': '/rest/services/ech/MapServer/ch.bfs.gebaeude_wohnungs_register/1152673_0', 'rel': 'related', 'title': 'ch.bfs.gebaeude_wohnungs_register'}], 'lon': 8.719993591308594, 'num': 40, 'objectclass': '', 'origin': 'address', 'rank': 7, 'x': 8.719993591308594, 'y': 47.501686096191406, 'zoomlevel': 10}, 'id': 1998988, 'weight': 1}","Wartstrasse 40, 8400 Winterthur"
676,success,Geocoding successful.,47.495689392089844,8.719572067260742,Zur Kesselschmiede 9 <b>8400 Winterthur</b>,201034941_0,"{'attrs': {'detail': 'zur kesselschmiede 9 8400 winterthur 230 winterthur ch zh', 'featureId': '201034941_0', 'geom_quadindex': '030010211211332302222', 'geom_st_box2d': 'BOX(8.719559 47.495693,8.719559 47.495693)', 'label': 'Zur Kesselschmiede 9 <b>8400 Winterthur</b>', 'lat': 47.495689392089844, 'links': [{'href': '/rest/services/ech/MapServer/ch.swisstopo.amtliches-gebaeudeadressverzeichnis/101685062', 'rel': 'related', 'title': 'ch.swisstopo.amtliches-gebaeudeadressverzeichnis'}, {'href': '/rest/services/ech/MapServer/ch.bfs.gebaeude_wohnungs_register/201034941_0', 'rel': 'related', 'title': 'ch.bfs.gebaeude_wohnungs_register'}], 'lon': 8.719572067260742, 'num': 9, 'objectclass': '', 'origin': 'address', 'rank': 7, 'x': 8.719572067260742, 'y': 47.495689392089844, 'zoomlevel': 10}, 'id': 2527611, 'weight': 1}","Zur Kesselschmiede 9, 8400 Winterthur"
677,success,Geocoding successful.,47.46947479248047,8.774686813354492,Weierstrasse 47 <b>8405 Winterthur</b>,1156867_0,"{'attrs': {'detail': 'weierstrasse 47 8405 winterthur 230 winterthur ch zh', 'featureId': '1156867_0', 'geom_quadindex': '030010321103101331320', 'geom_st_box2d': 'BOX(8.774675 47.469477,8.774675 47.469477)', 'label': 'Weierstrasse 47 <b>8405 Winterthur</b>', 'lat': 47.46947479248047, 'links': [{'href': '/rest/services/ech/MapServer/ch.swisstopo.amtliches-gebaeudeadressverzeichnis/100824146', 'rel': 'related', 'title': 'ch.swisstopo.amtliches-gebaeudeadressverzeichnis'}, {'href': '/rest/services/ech/MapServer/ch.bfs.gebaeude_wohnungs_register/1156867_0', 'rel': 'related', 'title': 'ch.bfs.gebaeude_wohnungs_register'}], 'lon': 8.774686813354492, 'num': 47, 'objectclass': '', 'origin': 'address', 'rank': 7, 'x': 8.774686813354492, 'y': 47.46947479248047, 'zoomlevel': 10}, 'id': 2700252, 'weight': 1}","Weierstrasse 47, 8405 Winterthur"
678,success,Geocoding successful.,47.500484466552734,8.727031707763672,Stadthausstrasse 8a <b>8400 Winterthur</b>,201010071_0,"{'attrs': {'detail': 'stadthausstrasse 8a 8400 winterthur 230 winterthur ch zh', 'featureId': '201010071_0', 'geom_quadindex': '030010211130203013223', 'geom_st_box2d': 'BOX(8.727019 47.500486,8.727019 47.500486)', 'label': 'Stadthausstrasse 8a <b>8400 Winterthur</b>', 'lat': 47.500484466552734, 'links': [{'href': '/rest/services/ech/MapServer/ch.swisstopo.amtliches-gebaeudeadressverzeichnis/101495471', 'rel': 'related', 'title': 'ch.swisstopo.amtliches-gebaeudeadressverzeichnis'}, {'href': '/rest/services/ech/MapServer/ch.bfs.gebaeude_wohnungs_register/201010071_0', 'rel': 'related', 'title': 'ch.bfs.gebaeude_wohnungs_register'}], 'lon': 8.727031707763672, 'num': 8, 'objectclass': '', 'origin': 'address', 'rank': 7, 'x': 8.727031707763672, 'y': 47.500484466552734, 'zoomlevel': 10}, 'id': 1861655, 'weight': 1}","Stadthausstrasse 8a, 8400 Winterthur"
679,success,Geocoding successful.,47.500389099121094,8.72710132598877,Stadthausstrasse 8 <b>8400 Winterthur</b>,201010071_1,"{'attrs': {'detail': 'stadthausstrasse 8 8400 winterthur 230 winterthur ch zh', 'featureId': '201010071_1', 'geom_quadindex': '030010211130203300303', 'geom_st_box2d': 'BOX(8.727089 47.500391,8.727089 47.500391)', 'label': 'Stadthausstrasse 8 <b>8400 Winterthur</b>', 'lat': 47.500389099121094, 'links': [{'href': '/rest/services/ech/MapServer/ch.swisstopo.amtliches-gebaeudeadressverzeichnis/101495477', 'rel': 'related', 'title': 'ch.swisstopo.amtliches-gebaeudeadressverzeichnis'}, {'href': '/rest/services/ech/MapServer/ch.bfs.gebaeude_wohnungs_register/201010071_1', 'rel': 'related', 'title': 'ch.bfs.gebaeude_wohnungs_register'}], 'lon': 8.72710132598877, 'num': 8, 'objectclass': '', 'origin': 'address', 'rank': 7, 'x': 8.72710132598877, 'y': 47.500389099121094, 'zoomlevel': 10}, 'id': 2338658, 'weight': 1}","Stadthausstrasse 8, 8400 Winterthur"
680,success,Geocoding successful.,47.494144439697266,8.709973335266113,Zürcherstrasse 70 <b>8406 Winterthur</b>,1152473_0,"{'attrs': {'detail': 'zuercherstrasse 70 8406 winterthur 230 winterthur ch zh', 'featureId': '1152473_0', 'geom_quadindex': '030010211202321111011', 'geom_st_box2d': 'BOX(8.70996 47.494145,8.70996 47.494145)', 'label': 'Zürcherstrasse 70 <b>8406 Winterthur</b>', 'lat': 47.494144439697266, 'links': [{'href': '/rest/services/ech/MapServer/ch.swisstopo.amtliches-gebaeudeadressverzeichnis/100822153', 'rel': 'related', 'title': 'ch.swisstopo.amtliches-gebaeudeadressverzeichnis'}, {'href': '/rest/services/ech/MapServer/ch.bfs.gebaeude_wohnungs_register/1152473_0', 'rel': 'related', 'title': 'ch.bfs.gebaeude_wohnungs_register'}], 'lon': 8.709973335266113, 'num': 70, 'objectclass': '', 'origin': 'address', 'rank': 7, 'x': 8.709973335266113, 'y': 47.494144439697266, 'zoomlevel': 10}, 'id': 2635682, 'weight': 1}","Zürcherstrasse 70, 8406 Winterthur"
681,success,Geocoding successful.,47.494197845458984,8.71039867401123,Zürcherstrasse 66 <b>8406 Winterthur</b>,1152472_0,"{'attrs': {'detail': 'zuercherstrasse 66 8406 winterthur 230 winterthur ch zh', 'featureId': '1152472_0', 'geom_quadindex': '030010211202313220020', 'geom_st_box2d': 'BOX(8.710385 47.494199,8.710385 47.494199)', 'label': 'Zürcherstrasse 66 <b>8406 Winterthur</b>', 'lat': 47.494197845458984, 'links': [{'href': '/rest/services/ech/MapServer/ch.swisstopo.amtliches-gebaeudeadressverzeichnis/100822152', 'rel': 'related', 'title': 'ch.swisstopo.amtliches-gebaeudeadressverzeichnis'}, {'href': '/rest/services/ech/MapServer/ch.bfs.gebaeude_wohnungs_register/1152472_0', 'rel': 'related', 'title': 'ch.bfs.gebaeude_wohnungs_register'}], 'lon': 8.71039867401123, 'num': 66, 'objectclass': '', 'origin': 'address', 'rank': 7, 'x': 8.71039867401123, 'y': 47.494197845458984, 'zoomlevel': 10}, 'id': 2458972, 'weight': 1}","Zürcherstrasse 66, 8406 Winterthur"
682,success,Geocoding successful.,47.51020050048828,8.693143844604492,Eulachstrasse 2 <b>8408 Winterthur</b>,2321938_0,"{'attrs': {'detail': 'eulachstrasse 2 8408 winterthur 230 winterthur ch zh', 'featureId': '2321938_0', 'geom_quadindex': '030010032231003321012', 'geom_st_box2d': 'BOX(8.69313 47.510203,8.69313 47.510203)', 'label': 'Eulachstrasse 2 <b>8408 Winterthur</b>', 'lat': 47.51020050048828, 'links': [{'href': '/rest/services/ech/MapServer/ch.swisstopo.amtliches-gebaeudeadressverzeichnis/101013862', 'rel': 'related', 'title': 'ch.swisstopo.amtliches-gebaeudeadressverzeichnis'}, {'href': '/rest/services/ech/MapServer/ch.bfs.gebaeude_wohnungs_register/2321938_0', 'rel': 'related', 'title': 'ch.bfs.gebaeude_wohnungs_register'}], 'lon': 8.693143844604492, 'num': 2, 'objectclass': '', 'origin': 'address', 'rank': 7, 'x': 8.693143844604492, 'y': 47.51020050048828, 'zoomlevel': 10}, 'id': 2476967, 'weight': 1}","Eulachstrasse 2, 8408 Winterthur"
683,success,Geocoding successful.,47.46560287475586,8.778633117675781,Ibergstrasse 93 <b>8405 Winterthur</b>,1156991_0,"{'attrs': {'detail': 'ibergstrasse 93 8405 winterthur 230 winterthur ch zh', 'featureId': '1156991_0', 'geom_quadindex': '030010321131222032110', 'geom_st_box2d': 'BOX(8.778621 47.465604,8.778621 47.465604)', 'label': 'Ibergstrasse 93 <b>8405 Winterthur</b>', 'lat': 47.46560287475586, 'links': [{'href': '/rest/services/ech/MapServer/ch.swisstopo.amtliches-gebaeudeadressverzeichnis/100770063', 'rel': 'related', 'title': 'ch.swisstopo.amtliches-gebaeudeadressverzeichnis'}, {'href': '/rest/services/ech/MapServer/ch.bfs.gebaeude_wohnungs_register/1156991_0', 'rel': 'related', 'title': 'ch.bfs.gebaeude_wohnungs_register'}], 'lon': 8.778633117675781, 'num': 93, 'objectclass': '', 'origin': 'address', 'rank': 7, 'x': 8.778633117675781, 'y': 47.46560287475586, 'zoomlevel': 10}, 'id': 2895498, 'weight': 1}","Ibergstrasse 93, 8405 Winterthur"
684,success,Geocoding successful.,47.488094329833984,8.754231452941895,Tösstalstrasse 199 <b>8400 Winterthur</b>,1162772_0,"{'attrs': {'detail': 'toesstalstrasse 199 8400 winterthur 230 winterthur ch zh', 'featureId': '1162772_0', 'geom_quadindex': '030010302111022001220', 'geom_st_box2d': 'BOX(8.754219 47.488095,8.754219 47.488095)', 'label': 'Tösstalstrasse 199 <b>8400 Winterthur</b>', 'lat': 47.488094329833984, 'links': [{'href': '/rest/services/ech/MapServer/ch.swisstopo.amtliches-gebaeudeadressverzeichnis/100811181', 'rel': 'related', 'title': 'ch.swisstopo.amtliches-gebaeudeadressverzeichnis'}, {'href': '/rest/services/ech/MapServer/ch.bfs.gebaeude_wohnungs_register/1162772_0', 'rel': 'related', 'title': 'ch.bfs.gebaeude_wohnungs_register'}], 'lon': 8.754231452941895, 'num': 199, 'objectclass': '', 'origin': 'address', 'rank': 7, 'x': 8.754231452941895, 'y': 47.488094329833984, 'zoomlevel': 10}, 'id': 2753478, 'weight': 1}","Tösstalstrasse 199, 8400 Winterthur"
685,success,Geocoding successful.,47.482765197753906,8.761539459228516,Tösstalstrasse 262 <b>8405 Winterthur</b>,1155991_0,"{'attrs': {'detail': 'toesstalstrasse 262 8405 winterthur 230 winterthur ch zh', 'featureId': '1155991_0', 'geom_quadindex': '030010303021231232223', 'geom_st_box2d': 'BOX(8.761528 47.482769,8.761528 47.482769)', 'label': 'Tösstalstrasse 262 <b>8405 Winterthur</b>', 'lat': 47.482765197753906, 'links': [{'href': '/rest/services/ech/MapServer/ch.swisstopo.amtliches-gebaeudeadressverzeichnis/100803862', 'rel': 'related', 'title': 'ch.swisstopo.amtliches-gebaeudeadressverzeichnis'}, {'href': '/rest/services/ech/MapServer/ch.bfs.gebaeude_wohnungs_register/1155991_0', 'rel': 'related', 'title': 'ch.bfs.gebaeude_wohnungs_register'}], 'lon': 8.761539459228516, 'num': 262, 'objectclass': '', 'origin': 'address', 'rank': 7, 'x': 8.761539459228516, 'y': 47.482765197753906, 'zoomlevel': 10}, 'id': 2172820, 'weight': 1}","Tösstalstrasse 262, 8405 Winterthur"
686,success,Geocoding successful.,47.51165008544922,8.699726104736328,Wülflingerstrasse 216 <b>8408 Winterthur</b>,201031112_0,"{'attrs': {'detail': 'wuelflingerstrasse 216 8408 winterthur 230 winterthur ch zh', 'featureId': '201031112_0', 'geom_quadindex': '030010032303032322222', 'geom_st_box2d': 'BOX(8.699712 47.511654,8.699712 47.511654)', 'label': 'Wülflingerstrasse 216 <b>8408 Winterthur</b>', 'lat': 47.51165008544922, 'links': [{'href': '/rest/services/ech/MapServer/ch.swisstopo.amtliches-gebaeudeadressverzeichnis/101683511', 'rel': 'related', 'title': 'ch.swisstopo.amtliches-gebaeudeadressverzeichnis'}, {'href': '/rest/services/ech/MapServer/ch.bfs.gebaeude_wohnungs_register/201031112_0', 'rel': 'related', 'title': 'ch.bfs.gebaeude_wohnungs_register'}], 'lon': 8.699726104736328, 'num': 216, 'objectclass': '', 'origin': 'address', 'rank': 7, 'x': 8.699726104736328, 'y': 47.51165008544922, 'zoomlevel': 10}, 'id': 2536626, 'weight': 1}","Wülflingerstrasse 216, 8408 Winterthur"
687,success,Geocoding successful.,47.491024017333984,8.70726490020752,Zelglistrasse 2 <b>8406 Winterthur</b>,2325055_0,"{'attrs': {'detail': 'zelglistrasse 2 8406 winterthur 230 winterthur ch zh', 'featureId': '2325055_0', 'geom_quadindex': '030010210333113223203', 'geom_st_box2d': 'BOX(8.707252 47.491024,8.707252 47.491024)', 'label': 'Zelglistrasse 2 <b>8406 Winterthur</b>', 'lat': 47.491024017333984, 'links': [{'href': '/rest/services/ech/MapServer/ch.swisstopo.amtliches-gebaeudeadressverzeichnis/101164908', 'rel': 'related', 'title': 'ch.swisstopo.amtliches-gebaeudeadressverzeichnis'}, {'href': '/rest/services/ech/MapServer/ch.bfs.gebaeude_wohnungs_register/2325055_0', 'rel': 'related', 'title': 'ch.bfs.gebaeude_wohnungs_register'}], 'lon': 8.70726490020752, 'num': 2, 'objectclass': '', 'origin': 'address', 'rank': 7, 'x': 8.70726490020752, 'y': 47.491024017333984, 'zoomlevel': 10}, 'id': 2158422, 'weight': 1}","Zelglistrasse 2, 8406 Winterthur"
688,success,Geocoding successful.,47.47581100463867,8.772270202636719,Gotzenwilerstrasse 32 <b>8405 Winterthur</b>,1156782_0,"{'attrs': {'detail': 'gotzenwilerstrasse 32 8405 winterthur 230 winterthur ch zh', 'featureId': '1156782_0', 'geom_quadindex': '030010303320111232120', 'geom_st_box2d': 'BOX(8.772258 47.475814,8.772258 47.475814)', 'label': 'Gotzenwilerstrasse 32 <b>8405 Winterthur</b>', 'lat': 47.47581100463867, 'links': [{'href': '/rest/services/ech/MapServer/ch.swisstopo.amtliches-gebaeudeadressverzeichnis/100806678', 'rel': 'related', 'title': 'ch.swisstopo.amtliches-gebaeudeadressverzeichnis'}, {'href': '/rest/services/ech/MapServer/ch.bfs.gebaeude_wohnungs_register/1156782_0', 'rel': 'related', 'title': 'ch.bfs.gebaeude_wohnungs_register'}], 'lon': 8.772270202636719, 'num': 32, 'objectclass': '', 'origin': 'address', 'rank': 7, 'x': 8.772270202636719, 'y': 47.47581100463867, 'zoomlevel': 10}, 'id': 2889630, 'weight': 1}","Gotzenwilerstrasse 32, 8405 Winterthur"
689,success,Geocoding successful.,47.502357482910156,8.731490135192871,St.-Georgen-Strasse 69 <b>8400 Winterthur</b>,201033071_0,"{'attrs': {'detail': 'st.-georgen-strasse 69 8400 winterthur 230 winterthur ch zh', 'featureId': '201033071_0', 'geom_quadindex': '030010211113302323311', 'geom_st_box2d': 'BOX(8.731478 47.502359,8.731478 47.502359)', 'label': 'St.-Georgen-Strasse 69 <b>8400 Winterthur</b>', 'lat': 47.502357482910156, 'links': [{'href': '/rest/services/ech/MapServer/ch.swisstopo.amtliches-gebaeudeadressverzeichnis/101684938', 'rel': 'related', 'title': 'ch.swisstopo.amtliches-gebaeudeadressverzeichnis'}, {'href': '/rest/services/ech/MapServer/ch.bfs.gebaeude_wohnungs_register/201033071_0', 'rel': 'related', 'title': 'ch.bfs.gebaeude_wohnungs_register'}], 'lon': 8.731490135192871, 'num': 69, 'objectclass': '', 'origin': 'address', 'rank': 7, 'x': 8.731490135192871, 'y': 47.502357482910156, 'zoomlevel': 10}, 'id': 2225308, 'weight': 1}","St.-Georgen-Strasse 69, 8400 Winterthur"
690,success,Geocoding successful.,47.495445251464844,8.722086906433105,Heiligbergstrasse 50 <b>8400 Winterthur</b>,1151609_0,"{'attrs': {'detail': 'heiligbergstrasse 50 8400 winterthur 230 winterthur ch zh', 'featureId': '1151609_0', 'geom_quadindex': '030010211302100311311', 'geom_st_box2d': 'BOX(8.722074 47.495447,8.722074 47.495447)', 'label': 'Heiligbergstrasse 50 <b>8400 Winterthur</b>', 'lat': 47.495445251464844, 'links': [{'href': '/rest/services/ech/MapServer/ch.swisstopo.amtliches-gebaeudeadressverzeichnis/100819142', 'rel': 'related', 'title': 'ch.swisstopo.amtliches-gebaeudeadressverzeichnis'}, {'href': '/rest/services/ech/MapServer/ch.bfs.gebaeude_wohnungs_register/1151609_0', 'rel': 'related', 'title': 'ch.bfs.gebaeude_wohnungs_register'}], 'lon': 8.722086906433105, 'num': 50, 'objectclass': '', 'origin': 'address', 'rank': 7, 'x': 8.722086906433105, 'y': 47.495445251464844, 'zoomlevel': 10}, 'id': 2734311, 'weight': 1}","Heiligbergstrasse 50, 8400 Winterthur"
691,success,Geocoding successful.,47.50082015991211,8.731409072875977,Stadthausstrasse 4a <b>8400 Winterthur</b>,1150009_0,"{'attrs': {'detail': 'stadthausstrasse 4a 8400 winterthur 230 winterthur ch zh', 'featureId': '1150009_0', 'geom_quadindex': '030010211131122321002', 'geom_st_box2d': 'BOX(8.731397 47.50082,8.731397 47.50082)', 'label': 'Stadthausstrasse 4a <b>8400 Winterthur</b>', 'lat': 47.50082015991211, 'links': [{'href': '/rest/services/ech/MapServer/ch.swisstopo.amtliches-gebaeudeadressverzeichnis/100780162', 'rel': 'related', 'title': 'ch.swisstopo.amtliches-gebaeudeadressverzeichnis'}, {'href': '/rest/services/ech/MapServer/ch.bfs.gebaeude_wohnungs_register/1150009_0', 'rel': 'related', 'title': 'ch.bfs.gebaeude_wohnungs_register'}], 'lon': 8.731409072875977, 'num': 4, 'objectclass': '', 'origin': 'address', 'rank': 7, 'x': 8.731409072875977, 'y': 47.50082015991211, 'zoomlevel': 10}, 'id': 2417715, 'weight': 1}","Stadthausstrasse 4a, 8400 Winterthur"
692,success,Geocoding successful.,47.537384033203125,8.770237922668457,Grundhofstrasse 52 <b>8404 Stadel (Winterthur)</b>,1155347_0,"{'attrs': {'detail': 'grundhofstrasse 52 8404 stadel _winterthur_ 230 winterthur ch zh', 'featureId': '1155347_0', 'geom_quadindex': '030010121011332021220', 'geom_st_box2d': 'BOX(8.770225 47.537388,8.770225 47.537388)', 'label': 'Grundhofstrasse 52 <b>8404 Stadel (Winterthur)</b>', 'lat': 47.537384033203125, 'links': [{'href': '/rest/services/ech/MapServer/ch.swisstopo.amtliches-gebaeudeadressverzeichnis/100825846', 'rel': 'related', 'title': 'ch.swisstopo.amtliches-gebaeudeadressverzeichnis'}, {'href': '/rest/services/ech/MapServer/ch.bfs.gebaeude_wohnungs_register/1155347_0', 'rel': 'related', 'title': 'ch.bfs.gebaeude_wohnungs_register'}], 'lon': 8.770237922668457, 'num': 52, 'objectclass': '', 'origin': 'address', 'rank': 7, 'x': 8.770237922668457, 'y': 47.537384033203125, 'zoomlevel': 10}, 'id': 2058676, 'weight': 1}","Grundhofstrasse 52, 8404 Stadel"
693,success,Geocoding successful.,47.509456634521484,8.695178985595703,Oberfeldstrasse 105 <b>8408 Winterthur</b>,1160830_0,"{'attrs': {'detail': 'oberfeldstrasse 105 8408 winterthur 230 winterthur ch zh', 'featureId': '1160830_0', 'geom_quadindex': '030010032231310311100', 'geom_st_box2d': 'BOX(8.695166 47.50946,8.695166 47.50946)', 'label': 'Oberfeldstrasse 105 <b>8408 Winterthur</b>', 'lat': 47.509456634521484, 'links': [{'href': '/rest/services/ech/MapServer/ch.swisstopo.amtliches-gebaeudeadressverzeichnis/100825232', 'rel': 'related', 'title': 'ch.swisstopo.amtliches-gebaeudeadressverzeichnis'}, {'href': '/rest/services/ech/MapServer/ch.bfs.gebaeude_wohnungs_register/1160830_0', 'rel': 'related', 'title': 'ch.bfs.gebaeude_wohnungs_register'}], 'lon': 8.695178985595703, 'num': 105, 'objectclass': '', 'origin': 'address', 'rank': 7, 'x': 8.695178985595703, 'y': 47.509456634521484, 'zoomlevel': 10}, 'id': 2255927, 'weight': 1}","Oberfeldstrasse 105, 8408 Winterthur"
694,success,Geocoding successful.,47.50376510620117,8.677237510681152,Schweikhofweg 5 <b>8408 Winterthur</b>,1161116_0,"{'attrs': {'detail': 'schweikhofweg 5 8408 winterthur 230 winterthur ch zh', 'featureId': '1161116_0', 'geom_quadindex': '030010201112021221212', 'geom_st_box2d': 'BOX(8.677224 47.503768,8.677224 47.503768)', 'label': 'Schweikhofweg 5 <b>8408 Winterthur</b>', 'lat': 47.50376510620117, 'links': [{'href': '/rest/services/ech/MapServer/ch.swisstopo.amtliches-gebaeudeadressverzeichnis/100808720', 'rel': 'related', 'title': 'ch.swisstopo.amtliches-gebaeudeadressverzeichnis'}, {'href': '/rest/services/ech/MapServer/ch.bfs.gebaeude_wohnungs_register/1161116_0', 'rel': 'related', 'title': 'ch.bfs.gebaeude_wohnungs_register'}], 'lon': 8.677237510681152, 'num': 5, 'objectclass': '', 'origin': 'address', 'rank': 7, 'x': 8.677237510681152, 'y': 47.50376510620117, 'zoomlevel': 10}, 'id': 2527549, 'weight': 1}","Schweikhofweg 5, 8408 Winterthur"
695,success,Geocoding successful.,47.50381851196289,8.677314758300781,Schweikhofweg 3 <b>8408 Winterthur</b>,1161115_0,"{'attrs': {'detail': 'schweikhofweg 3 8408 winterthur 230 winterthur ch zh', 'featureId': '1161115_0', 'geom_quadindex': '030010201112021212110', 'geom_st_box2d': 'BOX(8.677301 47.503822,8.677301 47.503822)', 'label': 'Schweikhofweg 3 <b>8408 Winterthur</b>', 'lat': 47.50381851196289, 'links': [{'href': '/rest/services/ech/MapServer/ch.swisstopo.amtliches-gebaeudeadressverzeichnis/100808719', 'rel': 'related', 'title': 'ch.swisstopo.amtliches-gebaeudeadressverzeichnis'}, {'href': '/rest/services/ech/MapServer/ch.bfs.gebaeude_wohnungs_register/1161115_0', 'rel': 'related', 'title': 'ch.bfs.gebaeude_wohnungs_register'}], 'lon': 8.677314758300781, 'num': 3, 'objectclass': '', 'origin': 'address', 'rank': 7, 'x': 8.677314758300781, 'y': 47.50381851196289, 'zoomlevel': 10}, 'id': 2028128, 'weight': 1}","Schweikhofweg 3, 8408 Winterthur"
696,success,Geocoding successful.,47.505123138427734,8.742512702941895,Süsenbergstrasse 11 <b>8400 Winterthur</b>,1151040_0,"{'attrs': {'detail': 'suesenbergstrasse 11 8400 winterthur 230 winterthur ch zh', 'featureId': '1151040_0', 'geom_quadindex': '030010300011020333230', 'geom_st_box2d': 'BOX(8.742501 47.505125,8.742501 47.505125)', 'label': 'Süsenbergstrasse 11 <b>8400 Winterthur</b>', 'lat': 47.505123138427734, 'links': [{'href': '/rest/services/ech/MapServer/ch.swisstopo.amtliches-gebaeudeadressverzeichnis/100823672', 'rel': 'related', 'title': 'ch.swisstopo.amtliches-gebaeudeadressverzeichnis'}, {'href': '/rest/services/ech/MapServer/ch.bfs.gebaeude_wohnungs_register/1151040_0', 'rel': 'related', 'title': 'ch.bfs.gebaeude_wohnungs_register'}], 'lon': 8.742512702941895, 'num': 11, 'objectclass': '', 'origin': 'address', 'rank': 7, 'x': 8.742512702941895, 'y': 47.505123138427734, 'zoomlevel': 10}, 'id': 2880079, 'weight': 1}","Süsenbergstrasse 11, 8400 Winterthur"
697,success,Geocoding successful.,47.53428649902344,8.763978958129883,Wiesendangerstrasse 88 <b>8404 Stadel (Winterthur)</b>,1155384_0,"{'attrs': {'detail': 'wiesendangerstrasse 88 8404 stadel _winterthur_ 230 winterthur ch zh', 'featureId': '1155384_0', 'geom_quadindex': '030010121021132023111', 'geom_st_box2d': 'BOX(8.763966 47.534288,8.763966 47.534288)', 'label': 'Wiesendangerstrasse 88 <b>8404 Stadel (Winterthur)</b>', 'lat': 47.53428649902344, 'links': [{'href': '/rest/services/ech/MapServer/ch.swisstopo.amtliches-gebaeudeadressverzeichnis/100824382', 'rel': 'related', 'title': 'ch.swisstopo.amtliches-gebaeudeadressverzeichnis'}, {'href': '/rest/services/ech/MapServer/ch.bfs.gebaeude_wohnungs_register/1155384_0', 'rel': 'related', 'title': 'ch.bfs.gebaeude_wohnungs_register'}], 'lon': 8.763978958129883, 'num': 88, 'objectclass': '', 'origin': 'address', 'rank': 7, 'x': 8.763978958129883, 'y': 47.53428649902344, 'zoomlevel': 10}, 'id': 2486125, 'weight': 1}","Wiesendangerstrasse 88, 8404 Stadel"
698,success,Geocoding successful.,47.49654006958008,8.736710548400879,Adlerstrasse 2b <b>8400 Winterthur</b>,3000114_0,"{'attrs': {'detail': 'adlerstrasse 2b 8400 winterthur 230 winterthur ch zh', 'featureId': '3000114_0', 'geom_quadindex': '030010300201032320030', 'geom_st_box2d': 'BOX(8.736699 47.496543,8.736699 47.496543)', 'label': 'Adlerstrasse 2b <b>8400 Winterthur</b>', 'lat': 47.49654006958008, 'links': [{'href': '/rest/services/ech/MapServer/ch.swisstopo.amtliches-gebaeudeadressverzeichnis/101111635', 'rel': 'related', 'title': 'ch.swisstopo.amtliches-gebaeudeadressverzeichnis'}, {'href': '/rest/services/ech/MapServer/ch.bfs.gebaeude_wohnungs_register/3000114_0', 'rel': 'related', 'title': 'ch.bfs.gebaeude_wohnungs_register'}], 'lon': 8.736710548400879, 'num': 2, 'objectclass': '', 'origin': 'address', 'rank': 7, 'x': 8.736710548400879, 'y': 47.49654006958008, 'zoomlevel': 10}, 'id': 2701804, 'weight': 1}","Adlerstrasse 2b, 8400 Winterthur"
699,success,Geocoding successful.,47.49980926513672,8.735395431518555,Adlerstrasse 15 <b>8400 Winterthur</b>,201031446_0,"{'attrs': {'detail': 'adlerstrasse 15 8400 winterthur 230 winterthur ch zh', 'featureId': '201031446_0', 'geom_quadindex': '030010300020332133300', 'geom_st_box2d': 'BOX(8.735383 47.49981,8.735383 47.49981)', 'label': 'Adlerstrasse 15 <b>8400 Winterthur</b>', 'lat': 47.49980926513672, 'links': [{'href': '/rest/services/ech/MapServer/ch.swisstopo.amtliches-gebaeudeadressverzeichnis/101687183', 'rel': 'related', 'title': 'ch.swisstopo.amtliches-gebaeudeadressverzeichnis'}, {'href': '/rest/services/ech/MapServer/ch.bfs.gebaeude_wohnungs_register/201031446_0', 'rel': 'related', 'title': 'ch.bfs.gebaeude_wohnungs_register'}], 'lon': 8.735395431518555, 'num': 15, 'objectclass': '', 'origin': 'address', 'rank': 7, 'x': 8.735395431518555, 'y': 47.49980926513672, 'zoomlevel': 10}, 'id': 1857791, 'weight': 1}","Adlerstrasse 15, 8400 Winterthur"
700,success,Geocoding successful.,47.49909973144531,8.732048988342285,Badgasse 6 <b>8400 Winterthur</b>,2323797_0,"{'attrs': {'detail': 'badgasse 6 8400 winterthur 230 winterthur ch zh', 'featureId': '2323797_0', 'geom_quadindex': '030010211133130031003', 'geom_st_box2d': 'BOX(8.732037 47.499101,8.732037 47.499101)', 'label': 'Badgasse 6 <b>8400 Winterthur</b>', 'lat': 47.49909973144531, 'links': [{'href': '/rest/services/ech/MapServer/ch.swisstopo.amtliches-gebaeudeadressverzeichnis/101015471', 'rel': 'related', 'title': 'ch.swisstopo.amtliches-gebaeudeadressverzeichnis'}, {'href': '/rest/services/ech/MapServer/ch.bfs.gebaeude_wohnungs_register/2323797_0', 'rel': 'related', 'title': 'ch.bfs.gebaeude_wohnungs_register'}], 'lon': 8.732048988342285, 'num': 6, 'objectclass': '', 'origin': 'address', 'rank': 7, 'x': 8.732048988342285, 'y': 47.49909973144531, 'zoomlevel': 10}, 'id': 2377486, 'weight': 1}","Badgasse 6, 8400 Winterthur"
701,success,Geocoding successful.,47.47715377807617,8.726343154907227,Bruderhausstrasse 1 <b>8400 Winterthur</b>,1151189_0,"{'attrs': {'detail': 'bruderhausstrasse 1 8400 winterthur 230 winterthur ch zh', 'featureId': '1151189_0', 'geom_quadindex': '030010213312203220123', 'geom_st_box2d': 'BOX(8.726331 47.477154,8.726331 47.477154)', 'label': 'Bruderhausstrasse 1 <b>8400 Winterthur</b>', 'lat': 47.47715377807617, 'links': [{'href': '/rest/services/ech/MapServer/ch.swisstopo.amtliches-gebaeudeadressverzeichnis/100817817', 'rel': 'related', 'title': 'ch.swisstopo.amtliches-gebaeudeadressverzeichnis'}, {'href': '/rest/services/ech/MapServer/ch.bfs.gebaeude_wohnungs_register/1151189_0', 'rel': 'related', 'title': 'ch.bfs.gebaeude_wohnungs_register'}], 'lon': 8.726343154907227, 'num': 1, 'objectclass': '', 'origin': 'address', 'rank': 7, 'x': 8.726343154907227, 'y': 47.47715377807617, 'zoomlevel': 10}, 'id': 1950016, 'weight': 1}","Bruderhausstrasse 1, 8400 Winterthur"
702,success,Geocoding successful.,47.477413177490234,8.726227760314941,Bruderhausstrasse 3 <b>8400 Winterthur</b>,201035154_0,"{'attrs': {'detail': 'bruderhausstrasse 3 8400 winterthur 230 winterthur ch zh', 'featureId': '201035154_0', 'geom_quadindex': '030010213312200330201', 'geom_st_box2d': 'BOX(8.726216 47.477415,8.726216 47.477415)', 'label': 'Bruderhausstrasse 3 <b>8400 Winterthur</b>', 'lat': 47.477413177490234, 'links': [{'href': '/rest/services/ech/MapServer/ch.swisstopo.amtliches-gebaeudeadressverzeichnis/101687360', 'rel': 'related', 'title': 'ch.swisstopo.amtliches-gebaeudeadressverzeichnis'}, {'href': '/rest/services/ech/MapServer/ch.bfs.gebaeude_wohnungs_register/201035154_0', 'rel': 'related', 'title': 'ch.bfs.gebaeude_wohnungs_register'}], 'lon': 8.726227760314941, 'num': 3, 'objectclass': '', 'origin': 'address', 'rank': 7, 'x': 8.726227760314941, 'y': 47.477413177490234, 'zoomlevel': 10}, 'id': 2005144, 'weight': 1}","Bruderhausstrasse 3, 8400 Winterthur"
703,success,Geocoding successful.,47.50162887573242,8.731060028076172,Lindstrasse 4 <b>8400 Winterthur</b>,1150460_0,"{'attrs': {'detail': 'lindstrasse 4 8400 winterthur 230 winterthur ch zh', 'featureId': '1150460_0', 'geom_quadindex': '030010211131011303320', 'geom_st_box2d': 'BOX(8.731047 47.501631,8.731047 47.501631)', 'label': 'Lindstrasse 4 <b>8400 Winterthur</b>', 'lat': 47.50162887573242, 'links': [{'href': '/rest/services/ech/MapServer/ch.swisstopo.amtliches-gebaeudeadressverzeichnis/100821623', 'rel': 'related', 'title': 'ch.swisstopo.amtliches-gebaeudeadressverzeichnis'}, {'href': '/rest/services/ech/MapServer/ch.bfs.gebaeude_wohnungs_register/1150460_0', 'rel': 'related', 'title': 'ch.bfs.gebaeude_wohnungs_register'}], 'lon': 8.731060028076172, 'num': 4, 'objectclass': '', 'origin': 'address', 'rank': 7, 'x': 8.731060028076172, 'y': 47.50162887573242, 'zoomlevel': 10}, 'id': 2864078, 'weight': 1}","Lindstrasse 4, 8400 Winterthur"
704,success,Geocoding successful.,47.50075149536133,8.730460166931152,Lindstrasse 1 <b>8400 Winterthur</b>,1150014_0,"{'attrs': {'detail': 'lindstrasse 1 8400 winterthur 230 winterthur ch zh', 'featureId': '1150014_0', 'geom_quadindex': '030010211131210001300', 'geom_st_box2d': 'BOX(8.730448 47.500753,8.730448 47.500753)', 'label': 'Lindstrasse 1 <b>8400 Winterthur</b>', 'lat': 47.50075149536133, 'links': [{'href': '/rest/services/ech/MapServer/ch.swisstopo.amtliches-gebaeudeadressverzeichnis/100780167', 'rel': 'related', 'title': 'ch.swisstopo.amtliches-gebaeudeadressverzeichnis'}, {'href': '/rest/services/ech/MapServer/ch.bfs.gebaeude_wohnungs_register/1150014_0', 'rel': 'related', 'title': 'ch.bfs.gebaeude_wohnungs_register'}], 'lon': 8.730460166931152, 'num': 1, 'objectclass': '', 'origin': 'address', 'rank': 7, 'x': 8.730460166931152, 'y': 47.50075149536133, 'zoomlevel': 10}, 'id': 2371225, 'weight': 1}","Lindstrasse 1, 8400 Winterthur"
705,success,Geocoding successful.,47.4996452331543,8.732230186462402,Obertor 17a <b>8400 Winterthur</b>,210149993_0,"{'attrs': {'detail': 'obertor 17a 8400 winterthur 230 winterthur ch zh', 'featureId': '210149993_0', 'geom_quadindex': '030010211133110112300', 'geom_st_box2d': 'BOX(8.732218 47.499647,8.732218 47.499647)', 'label': 'Obertor 17a <b>8400 Winterthur</b>', 'lat': 47.4996452331543, 'links': [{'href': '/rest/services/ech/MapServer/ch.swisstopo.amtliches-gebaeudeadressverzeichnis/101531854', 'rel': 'related', 'title': 'ch.swisstopo.amtliches-gebaeudeadressverzeichnis'}, {'href': '/rest/services/ech/MapServer/ch.bfs.gebaeude_wohnungs_register/210149993_0', 'rel': 'related', 'title': 'ch.bfs.gebaeude_wohnungs_register'}], 'lon': 8.732230186462402, 'num': 17, 'objectclass': '', 'origin': 'address', 'rank': 7, 'x': 8.732230186462402, 'y': 47.4996452331543, 'zoomlevel': 10}, 'id': 2881879, 'weight': 1}","Obertor 17a, 8400 Winterthur"
706,success,Geocoding successful.,47.49415969848633,8.732730865478516,Reitweg 12 <b>8400 Winterthur</b>,1161614_0,"{'attrs': {'detail': 'reitweg 12 8400 winterthur 230 winterthur ch zh', 'featureId': '1161614_0', 'geom_quadindex': '030010300202200233323', 'geom_st_box2d': 'BOX(8.732719 47.494161,8.732719 47.494161)', 'label': 'Reitweg 12 <b>8400 Winterthur</b>', 'lat': 47.49415969848633, 'links': [{'href': '/rest/services/ech/MapServer/ch.swisstopo.amtliches-gebaeudeadressverzeichnis/100810926', 'rel': 'related', 'title': 'ch.swisstopo.amtliches-gebaeudeadressverzeichnis'}, {'href': '/rest/services/ech/MapServer/ch.bfs.gebaeude_wohnungs_register/1161614_0', 'rel': 'related', 'title': 'ch.bfs.gebaeude_wohnungs_register'}], 'lon': 8.732730865478516, 'num': 12, 'objectclass': '', 'origin': 'address', 'rank': 7, 'x': 8.732730865478516, 'y': 47.49415969848633, 'zoomlevel': 10}, 'id': 2901936, 'weight': 1}","Reitweg 12, 8400 Winterthur"
707,success,Geocoding successful.,47.50009536743164,8.735002517700195,Römerstrasse 8 <b>8400 Winterthur</b>,9083752_0,"{'attrs': {'detail': 'roemerstrasse 8 8400 winterthur 230 winterthur ch zh', 'featureId': '9083752_0', 'geom_quadindex': '030010300020321133011', 'geom_st_box2d': 'BOX(8.73499 47.500096,8.73499 47.500096)', 'label': 'Römerstrasse 8 <b>8400 Winterthur</b>', 'lat': 47.50009536743164, 'links': [{'href': '/rest/services/ech/MapServer/ch.swisstopo.amtliches-gebaeudeadressverzeichnis/101364002', 'rel': 'related', 'title': 'ch.swisstopo.amtliches-gebaeudeadressverzeichnis'}, {'href': '/rest/services/ech/MapServer/ch.bfs.gebaeude_wohnungs_register/9083752_0', 'rel': 'related', 'title': 'ch.bfs.gebaeude_wohnungs_register'}], 'lon': 8.735002517700195, 'num': 8, 'objectclass': '', 'origin': 'address', 'rank': 7, 'x': 8.735002517700195, 'y': 47.50009536743164, 'zoomlevel': 10}, 'id': 2680781, 'weight': 1}","Römerstrasse 8, 8400 Winterthur"
708,success,Geocoding successful.,47.49970245361328,8.734781265258789,Römerstrasse 6 <b>8400 Winterthur</b>,1150397_0,"{'attrs': {'detail': 'roemerstrasse 6 8400 winterthur 230 winterthur ch zh', 'featureId': '1150397_0', 'geom_quadindex': '030010300020323231222', 'geom_st_box2d': 'BOX(8.734768 47.499704,8.734768 47.499704)', 'label': 'Römerstrasse 6 <b>8400 Winterthur</b>', 'lat': 47.49970245361328, 'links': [{'href': '/rest/services/ech/MapServer/ch.swisstopo.amtliches-gebaeudeadressverzeichnis/100821278', 'rel': 'related', 'title': 'ch.swisstopo.amtliches-gebaeudeadressverzeichnis'}, {'href': '/rest/services/ech/MapServer/ch.bfs.gebaeude_wohnungs_register/1150397_0', 'rel': 'related', 'title': 'ch.bfs.gebaeude_wohnungs_register'}], 'lon': 8.734781265258789, 'num': 6, 'objectclass': '', 'origin': 'address', 'rank': 7, 'x': 8.734781265258789, 'y': 47.49970245361328, 'zoomlevel': 10}, 'id': 2616313, 'weight': 1}","Römerstrasse 6, 8400 Winterthur"
709,success,Geocoding successful.,47.49890899658203,8.729979515075684,Schulgasse 1 <b>8400 Winterthur</b>,1150286_0,"{'attrs': {'detail': 'schulgasse 1 8400 winterthur 230 winterthur ch zh', 'featureId': '1150286_0', 'geom_quadindex': '030010211133023000303', 'geom_st_box2d': 'BOX(8.729967 47.498909,8.729967 47.498909)', 'label': 'Schulgasse 1 <b>8400 Winterthur</b>', 'lat': 47.49890899658203, 'links': [{'href': '/rest/services/ech/MapServer/ch.swisstopo.amtliches-gebaeudeadressverzeichnis/100820881', 'rel': 'related', 'title': 'ch.swisstopo.amtliches-gebaeudeadressverzeichnis'}, {'href': '/rest/services/ech/MapServer/ch.bfs.gebaeude_wohnungs_register/1150286_0', 'rel': 'related', 'title': 'ch.bfs.gebaeude_wohnungs_register'}], 'lon': 8.729979515075684, 'num': 1, 'objectclass': '', 'origin': 'address', 'rank': 7, 'x': 8.729979515075684, 'y': 47.49890899658203, 'zoomlevel': 10}, 'id': 2114802, 'weight': 1}","Schulgasse 1, 8400 Winterthur"
710,success,Geocoding successful.,47.50282669067383,8.720331192016602,Tellstrasse 26 <b>8400 Winterthur</b>,1152704_0,"{'attrs': {'detail': 'tellstrasse 26 8400 winterthur 230 winterthur ch zh', 'featureId': '1152704_0', 'geom_quadindex': '030010211102200202001', 'geom_st_box2d': 'BOX(8.720318 47.502827,8.720318 47.502827)', 'label': 'Tellstrasse 26 <b>8400 Winterthur</b>', 'lat': 47.50282669067383, 'links': [{'href': '/rest/services/ech/MapServer/ch.swisstopo.amtliches-gebaeudeadressverzeichnis/100822977', 'rel': 'related', 'title': 'ch.swisstopo.amtliches-gebaeudeadressverzeichnis'}, {'href': '/rest/services/ech/MapServer/ch.bfs.gebaeude_wohnungs_register/1152704_0', 'rel': 'related', 'title': 'ch.bfs.gebaeude_wohnungs_register'}], 'lon': 8.720331192016602, 'num': 26, 'objectclass': '', 'origin': 'address', 'rank': 7, 'x': 8.720331192016602, 'y': 47.50282669067383, 'zoomlevel': 10}, 'id': 2570277, 'weight': 1}","Tellstrasse 26, 8400 Winterthur"
711,success,Geocoding successful.,47.496856689453125,8.731014251708984,Wildbachstrasse 32 <b>8400 Winterthur</b>,1151850_0,"{'attrs': {'detail': 'wildbachstrasse 32 8400 winterthur 230 winterthur ch zh', 'featureId': '1151850_0', 'geom_quadindex': '030010211311031330311', 'geom_st_box2d': 'BOX(8.731001 47.49686,8.731001 47.49686)', 'label': 'Wildbachstrasse 32 <b>8400 Winterthur</b>', 'lat': 47.496856689453125, 'links': [{'href': '/rest/services/ech/MapServer/ch.swisstopo.amtliches-gebaeudeadressverzeichnis/100780211', 'rel': 'related', 'title': 'ch.swisstopo.amtliches-gebaeudeadressverzeichnis'}, {'href': '/rest/services/ech/MapServer/ch.bfs.gebaeude_wohnungs_register/1151850_0', 'rel': 'related', 'title': 'ch.bfs.gebaeude_wohnungs_register'}], 'lon': 8.731014251708984, 'num': 32, 'objectclass': '', 'origin': 'address', 'rank': 7, 'x': 8.731014251708984, 'y': 47.496856689453125, 'zoomlevel': 10}, 'id': 2775347, 'weight': 1}","Wildbachstrasse 32, 8400 Winterthur"
712,success,Geocoding successful.,47.497352600097656,8.72215461730957,Untere Vogelsangstrasse 6 <b>8400 Winterthur</b>,3001596_0,"{'attrs': {'detail': 'untere vogelsangstrasse 6 8400 winterthur 230 winterthur ch zh', 'featureId': '3001596_0', 'geom_quadindex': '030010211300103020211', 'geom_st_box2d': 'BOX(8.722142 47.497353,8.722142 47.497353)', 'label': 'Untere Vogelsangstrasse 6 <b>8400 Winterthur</b>', 'lat': 47.497352600097656, 'links': [{'href': '/rest/services/ech/MapServer/ch.swisstopo.amtliches-gebaeudeadressverzeichnis/101078458', 'rel': 'related', 'title': 'ch.swisstopo.amtliches-gebaeudeadressverzeichnis'}, {'href': '/rest/services/ech/MapServer/ch.bfs.gebaeude_wohnungs_register/3001596_0', 'rel': 'related', 'title': 'ch.bfs.gebaeude_wohnungs_register'}], 'lon': 8.72215461730957, 'num': 6, 'objectclass': '', 'origin': 'address', 'rank': 7, 'x': 8.72215461730957, 'y': 47.497352600097656, 'zoomlevel': 10}, 'id': 1950164, 'weight': 1}","Untere Vogelsangstrasse 6, 8400 Winterthur"
713,success,Geocoding successful.,47.495574951171875,8.73210334777832,Zeughausstrasse 67 <b>8400 Winterthur</b>,2323608_0,"{'attrs': {'detail': 'zeughausstrasse 67 8400 winterthur 230 winterthur ch zh', 'featureId': '2323608_0', 'geom_quadindex': '030010211311332303113', 'geom_st_box2d': 'BOX(8.732091 47.495575,8.732091 47.495575)', 'label': 'Zeughausstrasse 67 <b>8400 Winterthur</b>', 'lat': 47.495574951171875, 'links': [{'href': '/rest/services/ech/MapServer/ch.swisstopo.amtliches-gebaeudeadressverzeichnis/101161641', 'rel': 'related', 'title': 'ch.swisstopo.amtliches-gebaeudeadressverzeichnis'}, {'href': '/rest/services/ech/MapServer/ch.bfs.gebaeude_wohnungs_register/2323608_0', 'rel': 'related', 'title': 'ch.bfs.gebaeude_wohnungs_register'}], 'lon': 8.73210334777832, 'num': 67, 'objectclass': '', 'origin': 'address', 'rank': 7, 'x': 8.73210334777832, 'y': 47.495574951171875, 'zoomlevel': 10}, 'id': 2680758, 'weight': 1}","Zeughausstrasse 67, 8400 Winterthur"
714,success,Geocoding successful.,47.49531173706055,8.732477188110352,Zeughausstrasse 65 <b>8400 Winterthur</b>,2323608_1,"{'attrs': {'detail': 'zeughausstrasse 65 8400 winterthur 230 winterthur ch zh', 'featureId': '2323608_1', 'geom_quadindex': '030010211313111303110', 'geom_st_box2d': 'BOX(8.732465 47.495313,8.732465 47.495313)', 'label': 'Zeughausstrasse 65 <b>8400 Winterthur</b>', 'lat': 47.49531173706055, 'links': [{'href': '/rest/services/ech/MapServer/ch.swisstopo.amtliches-gebaeudeadressverzeichnis/101500413', 'rel': 'related', 'title': 'ch.swisstopo.amtliches-gebaeudeadressverzeichnis'}, {'href': '/rest/services/ech/MapServer/ch.bfs.gebaeude_wohnungs_register/2323608_1', 'rel': 'related', 'title': 'ch.bfs.gebaeude_wohnungs_register'}], 'lon': 8.732477188110352, 'num': 65, 'objectclass': '', 'origin': 'address', 'rank': 7, 'x': 8.732477188110352, 'y': 47.49531173706055, 'zoomlevel': 10}, 'id': 2670612, 'weight': 1}","Zeughausstrasse 65, 8400 Winterthur"
715,success,Geocoding successful.,47.495906829833984,8.731897354125977,Zeughausstrasse 69 <b>8400 Winterthur</b>,201010182_0,"{'attrs': {'detail': 'zeughausstrasse 69 8400 winterthur 230 winterthur ch zh', 'featureId': '201010182_0', 'geom_quadindex': '030010211311330023102', 'geom_st_box2d': 'BOX(8.731885 47.49591,8.731885 47.49591)', 'label': 'Zeughausstrasse 69 <b>8400 Winterthur</b>', 'lat': 47.495906829833984, 'links': [{'href': '/rest/services/ech/MapServer/ch.swisstopo.amtliches-gebaeudeadressverzeichnis/101498607', 'rel': 'related', 'title': 'ch.swisstopo.amtliches-gebaeudeadressverzeichnis'}, {'href': '/rest/services/ech/MapServer/ch.bfs.gebaeude_wohnungs_register/201010182_0', 'rel': 'related', 'title': 'ch.bfs.gebaeude_wohnungs_register'}], 'lon': 8.731897354125977, 'num': 69, 'objectclass': '', 'origin': 'address', 'rank': 7, 'x': 8.731897354125977, 'y': 47.495906829833984, 'zoomlevel': 10}, 'id': 2128382, 'weight': 1}","Zeughausstrasse 69, 8400 Winterthur"
716,success,Geocoding successful.,47.49930953979492,8.731680870056152,Badgasse 8 <b>8400 Winterthur</b>,1150141_0,"{'attrs': {'detail': 'badgasse 8 8400 winterthur 230 winterthur ch zh', 'featureId': '1150141_0', 'geom_quadindex': '030010211133103033233', 'geom_st_box2d': 'BOX(8.731669 47.49931,8.731669 47.49931)', 'label': 'Badgasse 8 <b>8400 Winterthur</b>', 'lat': 47.49930953979492, 'links': [{'href': '/rest/services/ech/MapServer/ch.swisstopo.amtliches-gebaeudeadressverzeichnis/100820448', 'rel': 'related', 'title': 'ch.swisstopo.amtliches-gebaeudeadressverzeichnis'}, {'href': '/rest/services/ech/MapServer/ch.bfs.gebaeude_wohnungs_register/1150141_0', 'rel': 'related', 'title': 'ch.bfs.gebaeude_wohnungs_register'}], 'lon': 8.731680870056152, 'num': 8, 'objectclass': '', 'origin': 'address', 'rank': 7, 'x': 8.731680870056152, 'y': 47.49930953979492, 'zoomlevel': 10}, 'id': 2623887, 'weight': 1}","Badgasse 8, 8400 Winterthur"
717,success,Geocoding successful.,47.49592208862305,8.727921485900879,Büelrainstrasse 14 <b>8400 Winterthur</b>,1151795_0,"{'attrs': {'detail': 'bueelrainstrasse 14 8400 winterthur 230 winterthur ch zh', 'featureId': '1151795_0', 'geom_quadindex': '030010211310231311110', 'geom_st_box2d': 'BOX(8.727909 47.495922,8.727909 47.495922)', 'label': 'Büelrainstrasse 14 <b>8400 Winterthur</b>', 'lat': 47.49592208862305, 'links': [{'href': '/rest/services/ech/MapServer/ch.swisstopo.amtliches-gebaeudeadressverzeichnis/100819874', 'rel': 'related', 'title': 'ch.swisstopo.amtliches-gebaeudeadressverzeichnis'}, {'href': '/rest/services/ech/MapServer/ch.bfs.gebaeude_wohnungs_register/1151795_0', 'rel': 'related', 'title': 'ch.bfs.gebaeude_wohnungs_register'}], 'lon': 8.727921485900879, 'num': 14, 'objectclass': '', 'origin': 'address', 'rank': 7, 'x': 8.727921485900879, 'y': 47.49592208862305, 'zoomlevel': 10}, 'id': 2112872, 'weight': 1}","Büelrainstrasse 14, 8400 Winterthur"
718,success,Geocoding successful.,47.49594497680664,8.727543830871582,Büelrainstrasse 14a <b>8400 Winterthur</b>,201035150_0,"{'attrs': {'detail': 'bueelrainstrasse 14a 8400 winterthur 230 winterthur ch zh', 'featureId': '201035150_0', 'geom_quadindex': '030010211310231022200', 'geom_st_box2d': 'BOX(8.727532 47.495947,8.727532 47.495947)', 'label': 'Büelrainstrasse 14a <b>8400 Winterthur</b>', 'lat': 47.49594497680664, 'links': [{'href': '/rest/services/ech/MapServer/ch.swisstopo.amtliches-gebaeudeadressverzeichnis/101687357', 'rel': 'related', 'title': 'ch.swisstopo.amtliches-gebaeudeadressverzeichnis'}, {'href': '/rest/services/ech/MapServer/ch.bfs.gebaeude_wohnungs_register/201035150_0', 'rel': 'related', 'title': 'ch.bfs.gebaeude_wohnungs_register'}], 'lon': 8.727543830871582, 'num': 14, 'objectclass': '', 'origin': 'address', 'rank': 7, 'x': 8.727543830871582, 'y': 47.49594497680664, 'zoomlevel': 10}, 'id': 2865874, 'weight': 1}","Büelrainstrasse 14a, 8400 Winterthur"
719,success,Geocoding successful.,47.49563980102539,8.727743148803711,Büelrainstrasse 16 <b>8400 Winterthur</b>,1151796_0,"{'attrs': {'detail': 'bueelrainstrasse 16 8400 winterthur 230 winterthur ch zh', 'featureId': '1151796_0', 'geom_quadindex': '030010211310233300212', 'geom_st_box2d': 'BOX(8.727731 47.495643,8.727731 47.495643)', 'label': 'Büelrainstrasse 16 <b>8400 Winterthur</b>', 'lat': 47.49563980102539, 'links': [{'href': '/rest/services/ech/MapServer/ch.swisstopo.amtliches-gebaeudeadressverzeichnis/100819875', 'rel': 'related', 'title': 'ch.swisstopo.amtliches-gebaeudeadressverzeichnis'}, {'href': '/rest/services/ech/MapServer/ch.bfs.gebaeude_wohnungs_register/1151796_0', 'rel': 'related', 'title': 'ch.bfs.gebaeude_wohnungs_register'}], 'lon': 8.727743148803711, 'num': 16, 'objectclass': '', 'origin': 'address', 'rank': 7, 'x': 8.727743148803711, 'y': 47.49563980102539, 'zoomlevel': 10}, 'id': 2717189, 'weight': 1}","Büelrainstrasse 16, 8400 Winterthur"
720,success,Geocoding successful.,47.47246170043945,8.78669261932373,Eidbergstrasse 57 <b>8405 Winterthur</b>,1156878_0,"{'attrs': {'detail': 'eidbergstrasse 57 8405 winterthur 230 winterthur ch zh', 'featureId': '1156878_0', 'geom_quadindex': '030010312223300323223', 'geom_st_box2d': 'BOX(8.786681 47.472463,8.786681 47.472463)', 'label': 'Eidbergstrasse 57 <b>8405 Winterthur</b>', 'lat': 47.47246170043945, 'links': [{'href': '/rest/services/ech/MapServer/ch.swisstopo.amtliches-gebaeudeadressverzeichnis/100824157', 'rel': 'related', 'title': 'ch.swisstopo.amtliches-gebaeudeadressverzeichnis'}, {'href': '/rest/services/ech/MapServer/ch.bfs.gebaeude_wohnungs_register/1156878_0', 'rel': 'related', 'title': 'ch.bfs.gebaeude_wohnungs_register'}], 'lon': 8.78669261932373, 'num': 57, 'objectclass': '', 'origin': 'address', 'rank': 7, 'x': 8.78669261932373, 'y': 47.47246170043945, 'zoomlevel': 10}, 'id': 1968329, 'weight': 1}","Eidbergstrasse 57, 8405 Winterthur"
721,success,Geocoding successful.,47.49795913696289,8.732891082763672,Tösstalstrasse 19 <b>8400 Winterthur</b>,2323871_0,"{'attrs': {'detail': 'toesstalstrasse 19 8400 winterthur 230 winterthur ch zh', 'featureId': '2323871_0', 'geom_quadindex': '030010300022220301200', 'geom_st_box2d': 'BOX(8.732879 47.497962,8.732879 47.497962)', 'label': 'Tösstalstrasse 19 <b>8400 Winterthur</b>', 'lat': 47.49795913696289, 'links': [{'href': '/rest/services/ech/MapServer/ch.swisstopo.amtliches-gebaeudeadressverzeichnis/102197184', 'rel': 'related', 'title': 'ch.swisstopo.amtliches-gebaeudeadressverzeichnis'}, {'href': '/rest/services/ech/MapServer/ch.bfs.gebaeude_wohnungs_register/2323871_0', 'rel': 'related', 'title': 'ch.bfs.gebaeude_wohnungs_register'}], 'lon': 8.732891082763672, 'num': 19, 'objectclass': '', 'origin': 'address', 'rank': 7, 'x': 8.732891082763672, 'y': 47.49795913696289, 'zoomlevel': 10}, 'id': 2390148, 'weight': 1}","Tösstalstrasse 19, 8400 Winterthur"
722,success,Geocoding successful.,47.51067352294922,8.696094512939453,Wülflingerstrasse 239 <b>8408 Winterthur</b>,1160785_0,"{'attrs': {'detail': 'wuelflingerstrasse 239 8408 winterthur 230 winterthur ch zh', 'featureId': '1160785_0', 'geom_quadindex': '030010032302223221330', 'geom_st_box2d': 'BOX(8.696081 47.510677,8.696081 47.510677)', 'label': 'Wülflingerstrasse 239 <b>8408 Winterthur</b>', 'lat': 47.51067352294922, 'links': [{'href': '/rest/services/ech/MapServer/ch.swisstopo.amtliches-gebaeudeadressverzeichnis/100826448', 'rel': 'related', 'title': 'ch.swisstopo.amtliches-gebaeudeadressverzeichnis'}, {'href': '/rest/services/ech/MapServer/ch.bfs.gebaeude_wohnungs_register/1160785_0', 'rel': 'related', 'title': 'ch.bfs.gebaeude_wohnungs_register'}], 'lon': 8.696094512939453, 'num': 239, 'objectclass': '', 'origin': 'address', 'rank': 7, 'x': 8.696094512939453, 'y': 47.51067352294922, 'zoomlevel': 10}, 'id': 1923095, 'weight': 1}","Wülflingerstrasse 239, 8408 Winterthur"
723,success,Geocoding successful.,47.50928497314453,8.716776847839355,Bachtelstrasse 76 <b>8400 Winterthur</b>,2324418_0,"{'attrs': {'detail': 'bachtelstrasse 76 8400 winterthur 230 winterthur ch zh', 'featureId': '2324418_0', 'geom_quadindex': '030010033230310031113', 'geom_st_box2d': 'BOX(8.716763 47.509286,8.716763 47.509286)', 'label': 'Bachtelstrasse 76 <b>8400 Winterthur</b>', 'lat': 47.50928497314453, 'links': [{'href': '/rest/services/ech/MapServer/ch.swisstopo.amtliches-gebaeudeadressverzeichnis/101164851', 'rel': 'related', 'title': 'ch.swisstopo.amtliches-gebaeudeadressverzeichnis'}, {'href': '/rest/services/ech/MapServer/ch.bfs.gebaeude_wohnungs_register/2324418_0', 'rel': 'related', 'title': 'ch.bfs.gebaeude_wohnungs_register'}], 'lon': 8.716776847839355, 'num': 76, 'objectclass': '', 'origin': 'address', 'rank': 7, 'x': 8.716776847839355, 'y': 47.50928497314453, 'zoomlevel': 10}, 'id': 1947824, 'weight': 1}","Bachtelstrasse 76, 8400 Winterthur"
724,success,Geocoding successful.,47.4991569519043,8.729413986206055,Kirchplatz 14 <b>8400 Winterthur</b>,1150283_0,"{'attrs': {'detail': 'kirchplatz 14 8400 winterthur 230 winterthur ch zh', 'featureId': '1150283_0', 'geom_quadindex': '030010211132131102133', 'geom_st_box2d': 'BOX(8.729402 47.499157,8.729402 47.499157)', 'label': 'Kirchplatz 14 <b>8400 Winterthur</b>', 'lat': 47.4991569519043, 'links': [{'href': '/rest/services/ech/MapServer/ch.swisstopo.amtliches-gebaeudeadressverzeichnis/100820878', 'rel': 'related', 'title': 'ch.swisstopo.amtliches-gebaeudeadressverzeichnis'}, {'href': '/rest/services/ech/MapServer/ch.bfs.gebaeude_wohnungs_register/1150283_0', 'rel': 'related', 'title': 'ch.bfs.gebaeude_wohnungs_register'}], 'lon': 8.729413986206055, 'num': 14, 'objectclass': '', 'origin': 'address', 'rank': 7, 'x': 8.729413986206055, 'y': 47.4991569519043, 'zoomlevel': 10}, 'id': 1999439, 'weight': 1}","Kirchplatz 14, 8400 Winterthur"
725,success,Geocoding successful.,47.49964904785156,8.732329368591309,Obertor 15 <b>8400 Winterthur</b>,2323793_0,"{'attrs': {'detail': 'obertor 15 8400 winterthur 230 winterthur ch zh', 'featureId': '2323793_0', 'geom_quadindex': '030010211133111002122', 'geom_st_box2d': 'BOX(8.732317 47.49965,8.732317 47.49965)', 'label': 'Obertor 15 <b>8400 Winterthur</b>', 'lat': 47.49964904785156, 'links': [{'href': '/rest/services/ech/MapServer/ch.swisstopo.amtliches-gebaeudeadressverzeichnis/101015468', 'rel': 'related', 'title': 'ch.swisstopo.amtliches-gebaeudeadressverzeichnis'}, {'href': '/rest/services/ech/MapServer/ch.bfs.gebaeude_wohnungs_register/2323793_0', 'rel': 'related', 'title': 'ch.bfs.gebaeude_wohnungs_register'}], 'lon': 8.732329368591309, 'num': 15, 'objectclass': '', 'origin': 'address', 'rank': 7, 'x': 8.732329368591309, 'y': 47.49964904785156, 'zoomlevel': 10}, 'id': 2790421, 'weight': 1}","Obertor 15, 8400 Winterthur"
726,success,Geocoding successful.,47.50220489501953,8.718207359313965,Schützenstrasse 17 <b>8400 Winterthur</b>,201010171_1,"{'attrs': {'detail': 'schuetzenstrasse 17 8400 winterthur 230 winterthur ch zh', 'featureId': '201010171_1', 'geom_quadindex': '030010211013232100312', 'geom_st_box2d': 'BOX(8.718195 47.502205,8.718195 47.502205)', 'label': 'Schützenstrasse 17 <b>8400 Winterthur</b>', 'lat': 47.50220489501953, 'links': [{'href': '/rest/services/ech/MapServer/ch.swisstopo.amtliches-gebaeudeadressverzeichnis/101495496', 'rel': 'related', 'title': 'ch.swisstopo.amtliches-gebaeudeadressverzeichnis'}, {'href': '/rest/services/ech/MapServer/ch.bfs.gebaeude_wohnungs_register/201010171_1', 'rel': 'related', 'title': 'ch.bfs.gebaeude_wohnungs_register'}], 'lon': 8.718207359313965, 'num': 17, 'objectclass': '', 'origin': 'address', 'rank': 7, 'x': 8.718207359313965, 'y': 47.50220489501953, 'zoomlevel': 10}, 'id': 2035051, 'weight': 1}","Schützenstrasse 17, 8400 Winterthur"
727,success,Geocoding successful.,47.49789810180664,8.722715377807617,Untere Vogelsangstrasse 4 <b>8400 Winterthur</b>,2323219_0,"{'attrs': {'detail': 'untere vogelsangstrasse 4 8400 winterthur 230 winterthur ch zh', 'featureId': '2323219_0', 'geom_quadindex': '030010211122332013321', 'geom_st_box2d': 'BOX(8.722703 47.497901,8.722703 47.497901)', 'label': 'Untere Vogelsangstrasse 4 <b>8400 Winterthur</b>', 'lat': 47.49789810180664, 'links': [{'href': '/rest/services/ech/MapServer/ch.swisstopo.amtliches-gebaeudeadressverzeichnis/101013885', 'rel': 'related', 'title': 'ch.swisstopo.amtliches-gebaeudeadressverzeichnis'}, {'href': '/rest/services/ech/MapServer/ch.bfs.gebaeude_wohnungs_register/2323219_0', 'rel': 'related', 'title': 'ch.bfs.gebaeude_wohnungs_register'}], 'lon': 8.722715377807617, 'num': 4, 'objectclass': '', 'origin': 'address', 'rank': 7, 'x': 8.722715377807617, 'y': 47.49789810180664, 'zoomlevel': 10}, 'id': 2129720, 'weight': 1}","Untere Vogelsangstrasse 4, 8400 Winterthur"
728,success,Geocoding successful.,47.498260498046875,8.722981452941895,Untere Vogelsangstrasse 2 <b>8400 Winterthur</b>,201036212_0,"{'attrs': {'detail': 'untere vogelsangstrasse 2 8400 winterthur 230 winterthur ch zh', 'featureId': '201036212_0', 'geom_quadindex': '030010211122313221220', 'geom_st_box2d': 'BOX(8.722969 47.498261,8.722969 47.498261)', 'label': 'Untere Vogelsangstrasse 2 <b>8400 Winterthur</b>', 'lat': 47.498260498046875, 'links': [{'href': '/rest/services/ech/MapServer/ch.swisstopo.amtliches-gebaeudeadressverzeichnis/101678604', 'rel': 'related', 'title': 'ch.swisstopo.amtliches-gebaeudeadressverzeichnis'}, {'href': '/rest/services/ech/MapServer/ch.bfs.gebaeude_wohnungs_register/201036212_0', 'rel': 'related', 'title': 'ch.bfs.gebaeude_wohnungs_register'}], 'lon': 8.722981452941895, 'num': 2, 'objectclass': '', 'origin': 'address', 'rank': 7, 'x': 8.722981452941895, 'y': 47.498260498046875, 'zoomlevel': 10}, 'id': 2821434, 'weight': 1}","Untere Vogelsangstrasse 2, 8400 Winterthur"
729,success,Geocoding successful.,47.50227355957031,8.718074798583984,Wartstrasse 37 <b>8400 Winterthur</b>,201010171_0,"{'attrs': {'detail': 'wartstrasse 37 8400 winterthur 230 winterthur ch zh', 'featureId': '201010171_0', 'geom_quadindex': '030010211013230230200', 'geom_st_box2d': 'BOX(8.718062 47.502274,8.718062 47.502274)', 'label': 'Wartstrasse 37 <b>8400 Winterthur</b>', 'lat': 47.50227355957031, 'links': [{'href': '/rest/services/ech/MapServer/ch.swisstopo.amtliches-gebaeudeadressverzeichnis/101495492', 'rel': 'related', 'title': 'ch.swisstopo.amtliches-gebaeudeadressverzeichnis'}, {'href': '/rest/services/ech/MapServer/ch.bfs.gebaeude_wohnungs_register/201010171_0', 'rel': 'related', 'title': 'ch.bfs.gebaeude_wohnungs_register'}], 'lon': 8.718074798583984, 'num': 37, 'objectclass': '', 'origin': 'address', 'rank': 7, 'x': 8.718074798583984, 'y': 47.50227355957031, 'zoomlevel': 10}, 'id': 2244625, 'weight': 1}","Wartstrasse 37, 8400 Winterthur"
730,success,Geocoding successful.,47.502315521240234,8.717889785766602,Wartstrasse 39 <b>8400 Winterthur</b>,1152541_0,"{'attrs': {'detail': 'wartstrasse 39 8400 winterthur 230 winterthur ch zh', 'featureId': '1152541_0', 'geom_quadindex': '030010211013221312021', 'geom_st_box2d': 'BOX(8.717877 47.502319,8.717877 47.502319)', 'label': 'Wartstrasse 39 <b>8400 Winterthur</b>', 'lat': 47.502315521240234, 'links': [{'href': '/rest/services/ech/MapServer/ch.swisstopo.amtliches-gebaeudeadressverzeichnis/100822217', 'rel': 'related', 'title': 'ch.swisstopo.amtliches-gebaeudeadressverzeichnis'}, {'href': '/rest/services/ech/MapServer/ch.bfs.gebaeude_wohnungs_register/1152541_0', 'rel': 'related', 'title': 'ch.bfs.gebaeude_wohnungs_register'}], 'lon': 8.717889785766602, 'num': 39, 'objectclass': '', 'origin': 'address', 'rank': 7, 'x': 8.717889785766602, 'y': 47.502315521240234, 'zoomlevel': 10}, 'id': 2843565, 'weight': 1}","Wartstrasse 39, 8400 Winterthur"
731,success,Geocoding successful.,47.497886657714844,8.731389045715332,Technikumstrasse 8 <b>8400 Winterthur</b>,2323565_0,"{'attrs': {'detail': 'technikumstrasse 8 8400 winterthur 230 winterthur ch zh', 'featureId': '2323565_0', 'geom_quadindex': '030010211133320332021', 'geom_st_box2d': 'BOX(8.731376 47.497888,8.731376 47.497888)', 'label': 'Technikumstrasse 8 <b>8400 Winterthur</b>', 'lat': 47.497886657714844, 'links': [{'href': '/rest/services/ech/MapServer/ch.swisstopo.amtliches-gebaeudeadressverzeichnis/101161635', 'rel': 'related', 'title': 'ch.swisstopo.amtliches-gebaeudeadressverzeichnis'}, {'href': '/rest/services/ech/MapServer/ch.bfs.gebaeude_wohnungs_register/2323565_0', 'rel': 'related', 'title': 'ch.bfs.gebaeude_wohnungs_register'}], 'lon': 8.731389045715332, 'num': 8, 'objectclass': '', 'origin': 'address', 'rank': 7, 'x': 8.731389045715332, 'y': 47.497886657714844, 'zoomlevel': 10}, 'id': 2830614, 'weight': 1}","Technikumstrasse 8, 8400 Winterthur"
732,success,Geocoding successful.,47.48200988769531,8.762368202209473,Tösstalstrasse 271 <b>8405 Winterthur</b>,1156138_0,"{'attrs': {'detail': 'toesstalstrasse 271 8405 winterthur 230 winterthur ch zh', 'featureId': '1156138_0', 'geom_quadindex': '030010303023103231300', 'geom_st_box2d': 'BOX(8.762356 47.482011,8.762356 47.482011)', 'label': 'Tösstalstrasse 271 <b>8405 Winterthur</b>', 'lat': 47.48200988769531, 'links': [{'href': '/rest/services/ech/MapServer/ch.swisstopo.amtliches-gebaeudeadressverzeichnis/100804354', 'rel': 'related', 'title': 'ch.swisstopo.amtliches-gebaeudeadressverzeichnis'}, {'href': '/rest/services/ech/MapServer/ch.bfs.gebaeude_wohnungs_register/1156138_0', 'rel': 'related', 'title': 'ch.bfs.gebaeude_wohnungs_register'}], 'lon': 8.762368202209473, 'num': 271, 'objectclass': '', 'origin': 'address', 'rank': 7, 'x': 8.762368202209473, 'y': 47.48200988769531, 'zoomlevel': 10}, 'id': 2863061, 'weight': 1}","Tösstalstrasse 271, 8405 Winterthur"
733,success,Geocoding successful.,47.50674057006836,8.75783634185791,Frauenfelderstrasse 36 <b>8404 Winterthur</b>,1153639_0,"{'attrs': {'detail': 'frauenfelderstrasse 36 8404 winterthur 230 winterthur ch zh', 'featureId': '1153639_0', 'geom_quadindex': '030010123222200003121', 'geom_st_box2d': 'BOX(8.757824 47.506744,8.757824 47.506744)', 'label': 'Frauenfelderstrasse 36 <b>8404 Winterthur</b>', 'lat': 47.50674057006836, 'links': [{'href': '/rest/services/ech/MapServer/ch.swisstopo.amtliches-gebaeudeadressverzeichnis/100826142', 'rel': 'related', 'title': 'ch.swisstopo.amtliches-gebaeudeadressverzeichnis'}, {'href': '/rest/services/ech/MapServer/ch.bfs.gebaeude_wohnungs_register/1153639_0', 'rel': 'related', 'title': 'ch.bfs.gebaeude_wohnungs_register'}], 'lon': 8.75783634185791, 'num': 36, 'objectclass': '', 'origin': 'address', 'rank': 7, 'x': 8.75783634185791, 'y': 47.50674057006836, 'zoomlevel': 10}, 'id': 2255580, 'weight': 1}","Frauenfelderstrasse 36, 8404 Winterthur"
734,success,Geocoding successful.,47.4932861328125,8.726428031921387,Hochwachtstrasse 25 <b>8400 Winterthur</b>,1151788_0,"{'attrs': {'detail': 'hochwachtstrasse 25 8400 winterthur 230 winterthur ch zh', 'featureId': '1151788_0', 'geom_quadindex': '030010211330000210212', 'geom_st_box2d': 'BOX(8.726415 47.493287,8.726415 47.493287)', 'label': 'Hochwachtstrasse 25 <b>8400 Winterthur</b>', 'lat': 47.4932861328125, 'links': [{'href': '/rest/services/ech/MapServer/ch.swisstopo.amtliches-gebaeudeadressverzeichnis/100819867', 'rel': 'related', 'title': 'ch.swisstopo.amtliches-gebaeudeadressverzeichnis'}, {'href': '/rest/services/ech/MapServer/ch.bfs.gebaeude_wohnungs_register/1151788_0', 'rel': 'related', 'title': 'ch.bfs.gebaeude_wohnungs_register'}], 'lon': 8.726428031921387, 'num': 25, 'objectclass': '', 'origin': 'address', 'rank': 7, 'x': 8.726428031921387, 'y': 47.4932861328125, 'zoomlevel': 10}, 'id': 2749824, 'weight': 1}","Hochwachtstrasse 25, 8400 Winterthur"
735,success,Geocoding successful.,47.49528503417969,8.736334800720215,Stadtfallenweg 7 <b>8400 Winterthur</b>,1161919_0,"{'attrs': {'detail': 'stadtfallenweg 7 8400 winterthur 230 winterthur ch zh', 'featureId': '1161919_0', 'geom_quadindex': '030010300203001301201', 'geom_st_box2d': 'BOX(8.736323 47.495288,8.736323 47.495288)', 'label': 'Stadtfallenweg 7 <b>8400 Winterthur</b>', 'lat': 47.49528503417969, 'links': [{'href': '/rest/services/ech/MapServer/ch.swisstopo.amtliches-gebaeudeadressverzeichnis/100811768', 'rel': 'related', 'title': 'ch.swisstopo.amtliches-gebaeudeadressverzeichnis'}, {'href': '/rest/services/ech/MapServer/ch.bfs.gebaeude_wohnungs_register/1161919_0', 'rel': 'related', 'title': 'ch.bfs.gebaeude_wohnungs_register'}], 'lon': 8.736334800720215, 'num': 7, 'objectclass': '', 'origin': 'address', 'rank': 7, 'x': 8.736334800720215, 'y': 47.49528503417969, 'zoomlevel': 10}, 'id': 2751269, 'weight': 1}","Stadtfallenweg 7, 8400 Winterthur"
736,success,Geocoding successful.,47.4952392578125,8.73646068572998,Stadtfallenweg 5 <b>8400 Winterthur</b>,1161918_0,"{'attrs': {'detail': 'stadtfallenweg 5 8400 winterthur 230 winterthur ch zh', 'featureId': '1161918_0', 'geom_quadindex': '030010300203001313332', 'geom_st_box2d': 'BOX(8.736449 47.495242,8.736449 47.495242)', 'label': 'Stadtfallenweg 5 <b>8400 Winterthur</b>', 'lat': 47.4952392578125, 'links': [{'href': '/rest/services/ech/MapServer/ch.swisstopo.amtliches-gebaeudeadressverzeichnis/100811767', 'rel': 'related', 'title': 'ch.swisstopo.amtliches-gebaeudeadressverzeichnis'}, {'href': '/rest/services/ech/MapServer/ch.bfs.gebaeude_wohnungs_register/1161918_0', 'rel': 'related', 'title': 'ch.bfs.gebaeude_wohnungs_register'}], 'lon': 8.73646068572998, 'num': 5, 'objectclass': '', 'origin': 'address', 'rank': 7, 'x': 8.73646068572998, 'y': 47.4952392578125, 'zoomlevel': 10}, 'id': 2822001, 'weight': 1}","Stadtfallenweg 5, 8400 Winterthur"
737,success,Geocoding successful.,47.50056838989258,8.726977348327637,Stadthausstrasse 8b <b>8400 Winterthur</b>,1150006_0,"{'attrs': {'detail': 'stadthausstrasse 8b 8400 winterthur 230 winterthur ch zh', 'featureId': '1150006_0', 'geom_quadindex': '030010211130201232020', 'geom_st_box2d': 'BOX(8.726965 47.500569,8.726965 47.500569)', 'label': 'Stadthausstrasse 8b <b>8400 Winterthur</b>', 'lat': 47.50056838989258, 'links': [{'href': '/rest/services/ech/MapServer/ch.swisstopo.amtliches-gebaeudeadressverzeichnis/100780159', 'rel': 'related', 'title': 'ch.swisstopo.amtliches-gebaeudeadressverzeichnis'}, {'href': '/rest/services/ech/MapServer/ch.bfs.gebaeude_wohnungs_register/1150006_0', 'rel': 'related', 'title': 'ch.bfs.gebaeude_wohnungs_register'}], 'lon': 8.726977348327637, 'num': 8, 'objectclass': '', 'origin': 'address', 'rank': 7, 'x': 8.726977348327637, 'y': 47.50056838989258, 'zoomlevel': 10}, 'id': 2646739, 'weight': 1}","Stadthausstrasse 8b, 8400 Winterthur"
738,success,Geocoding successful.,47.48338317871094,8.761482238769531,Tösstalstrasse 255 <b>8405 Winterthur</b>,1155702_0,"{'attrs': {'detail': 'toesstalstrasse 255 8405 winterthur 230 winterthur ch zh', 'featureId': '1155702_0', 'geom_quadindex': '030010303021211202103', 'geom_st_box2d': 'BOX(8.76147 47.483384,8.76147 47.483384)', 'label': 'Tösstalstrasse 255 <b>8405 Winterthur</b>', 'lat': 47.48338317871094, 'links': [{'href': '/rest/services/ech/MapServer/ch.swisstopo.amtliches-gebaeudeadressverzeichnis/100827201', 'rel': 'related', 'title': 'ch.swisstopo.amtliches-gebaeudeadressverzeichnis'}, {'href': '/rest/services/ech/MapServer/ch.bfs.gebaeude_wohnungs_register/1155702_0', 'rel': 'related', 'title': 'ch.bfs.gebaeude_wohnungs_register'}], 'lon': 8.761482238769531, 'num': 255, 'objectclass': '', 'origin': 'address', 'rank': 7, 'x': 8.761482238769531, 'y': 47.48338317871094, 'zoomlevel': 10}, 'id': 1895003, 'weight': 1}","Tösstalstrasse 255, 8405 Winterthur"
739,success,Geocoding successful.,47.48435592651367,8.759422302246094,Tösstalstrasse 242 <b>8405 Winterthur</b>,1156228_0,"{'attrs': {'detail': 'toesstalstrasse 242 8405 winterthur 230 winterthur ch zh', 'featureId': '1156228_0', 'geom_quadindex': '030010303020103101132', 'geom_st_box2d': 'BOX(8.75941 47.484357,8.75941 47.484357)', 'label': 'Tösstalstrasse 242 <b>8405 Winterthur</b>', 'lat': 47.48435592651367, 'links': [{'href': '/rest/services/ech/MapServer/ch.swisstopo.amtliches-gebaeudeadressverzeichnis/100766184', 'rel': 'related', 'title': 'ch.swisstopo.amtliches-gebaeudeadressverzeichnis'}, {'href': '/rest/services/ech/MapServer/ch.bfs.gebaeude_wohnungs_register/1156228_0', 'rel': 'related', 'title': 'ch.bfs.gebaeude_wohnungs_register'}], 'lon': 8.759422302246094, 'num': 242, 'objectclass': '', 'origin': 'address', 'rank': 7, 'x': 8.759422302246094, 'y': 47.48435592651367, 'zoomlevel': 10}, 'id': 2543316, 'weight': 1}","Tösstalstrasse 242, 8405 Winterthur"
740,success,Geocoding successful.,47.50037384033203,8.729031562805176,Stadthausstrasse 6 <b>8400 Winterthur</b>,1150007_0,"{'attrs': {'detail': 'stadthausstrasse 6 8400 winterthur 230 winterthur ch zh', 'featureId': '1150007_0', 'geom_quadindex': '030010211130312300211', 'geom_st_box2d': 'BOX(8.729019 47.500376,8.729019 47.500376)', 'label': 'Stadthausstrasse 6 <b>8400 Winterthur</b>', 'lat': 47.50037384033203, 'links': [{'href': '/rest/services/ech/MapServer/ch.swisstopo.amtliches-gebaeudeadressverzeichnis/100780160', 'rel': 'related', 'title': 'ch.swisstopo.amtliches-gebaeudeadressverzeichnis'}, {'href': '/rest/services/ech/MapServer/ch.bfs.gebaeude_wohnungs_register/1150007_0', 'rel': 'related', 'title': 'ch.bfs.gebaeude_wohnungs_register'}], 'lon': 8.729031562805176, 'num': 6, 'objectclass': '', 'origin': 'address', 'rank': 7, 'x': 8.729031562805176, 'y': 47.50037384033203, 'zoomlevel': 10}, 'id': 2035351, 'weight': 1}","Stadthausstrasse 6, 8400 Winterthur"
741,success,Geocoding successful.,47.5091552734375,8.716927528381348,Bachtelstrasse 71 <b>8400 Winterthur</b>,1158278_0,"{'attrs': {'detail': 'bachtelstrasse 71 8400 winterthur 230 winterthur ch zh', 'featureId': '1158278_0', 'geom_quadindex': '030010033230310331000', 'geom_st_box2d': 'BOX(8.716915 47.509156,8.716915 47.509156)', 'label': 'Bachtelstrasse 71 <b>8400 Winterthur</b>', 'lat': 47.5091552734375, 'links': [{'href': '/rest/services/ech/MapServer/ch.swisstopo.amtliches-gebaeudeadressverzeichnis/100805025', 'rel': 'related', 'title': 'ch.swisstopo.amtliches-gebaeudeadressverzeichnis'}, {'href': '/rest/services/ech/MapServer/ch.bfs.gebaeude_wohnungs_register/1158278_0', 'rel': 'related', 'title': 'ch.bfs.gebaeude_wohnungs_register'}], 'lon': 8.716927528381348, 'num': 71, 'objectclass': '', 'origin': 'address', 'rank': 7, 'x': 8.716927528381348, 'y': 47.5091552734375, 'zoomlevel': 10}, 'id': 2722828, 'weight': 1}","Bachtelstrasse 71, 8400 Winterthur"
742,success,Geocoding successful.,47.50650405883789,8.772809982299805,Birchwaldstrasse 6 <b>8409 Winterthur</b>,1154966_0,"{'attrs': {'detail': 'birchwaldstrasse 6 8409 winterthur 230 winterthur ch zh', 'featureId': '1154966_0', 'geom_quadindex': '030010123322310123130', 'geom_st_box2d': 'BOX(8.772798 47.506507,8.772798 47.506507)', 'label': 'Birchwaldstrasse 6 <b>8409 Winterthur</b>', 'lat': 47.50650405883789, 'links': [{'href': '/rest/services/ech/MapServer/ch.swisstopo.amtliches-gebaeudeadressverzeichnis/100824464', 'rel': 'related', 'title': 'ch.swisstopo.amtliches-gebaeudeadressverzeichnis'}, {'href': '/rest/services/ech/MapServer/ch.bfs.gebaeude_wohnungs_register/1154966_0', 'rel': 'related', 'title': 'ch.bfs.gebaeude_wohnungs_register'}], 'lon': 8.772809982299805, 'num': 6, 'objectclass': '', 'origin': 'address', 'rank': 7, 'x': 8.772809982299805, 'y': 47.50650405883789, 'zoomlevel': 10}, 'id': 2798131, 'weight': 1}","Birchwaldstrasse 6, 8409 Winterthur"
743,success,Geocoding successful.,47.496551513671875,8.736103057861328,Adlerstrasse 2a <b>8400 Winterthur</b>,2323506_0,"{'attrs': {'detail': 'adlerstrasse 2a 8400 winterthur 230 winterthur ch zh', 'featureId': '2323506_0', 'geom_quadindex': '030010300201022331112', 'geom_st_box2d': 'BOX(8.736091 47.496553,8.736091 47.496553)', 'label': 'Adlerstrasse 2a <b>8400 Winterthur</b>', 'lat': 47.496551513671875, 'links': [{'href': '/rest/services/ech/MapServer/ch.swisstopo.amtliches-gebaeudeadressverzeichnis/101161630', 'rel': 'related', 'title': 'ch.swisstopo.amtliches-gebaeudeadressverzeichnis'}, {'href': '/rest/services/ech/MapServer/ch.bfs.gebaeude_wohnungs_register/2323506_0', 'rel': 'related', 'title': 'ch.bfs.gebaeude_wohnungs_register'}], 'lon': 8.736103057861328, 'num': 2, 'objectclass': '', 'origin': 'address', 'rank': 7, 'x': 8.736103057861328, 'y': 47.496551513671875, 'zoomlevel': 10}, 'id': 2778520, 'weight': 1}","Adlerstrasse 2a, 8400 Winterthur"
744,success,Geocoding successful.,47.49812698364258,8.731179237365723,Holderplatz 6 <b>8400 Winterthur</b>,1150179_0,"{'attrs': {'detail': 'holderplatz 6 8400 winterthur 230 winterthur ch zh', 'featureId': '1150179_0', 'geom_quadindex': '030010211133320001101', 'geom_st_box2d': 'BOX(8.731167 47.498129,8.731167 47.498129)', 'label': 'Holderplatz 6 <b>8400 Winterthur</b>', 'lat': 47.49812698364258, 'links': [{'href': '/rest/services/ech/MapServer/ch.swisstopo.amtliches-gebaeudeadressverzeichnis/100820480', 'rel': 'related', 'title': 'ch.swisstopo.amtliches-gebaeudeadressverzeichnis'}, {'href': '/rest/services/ech/MapServer/ch.bfs.gebaeude_wohnungs_register/1150179_0', 'rel': 'related', 'title': 'ch.bfs.gebaeude_wohnungs_register'}], 'lon': 8.731179237365723, 'num': 6, 'objectclass': '', 'origin': 'address', 'rank': 7, 'x': 8.731179237365723, 'y': 47.49812698364258, 'zoomlevel': 10}, 'id': 2551347, 'weight': 1}","Holderplatz 6, 8400 Winterthur"
745,success,Geocoding successful.,47.498046875,8.73108959197998,Holderplatz 2 <b>8400 Winterthur</b>,1150180_0,"{'attrs': {'detail': 'holderplatz 2 8400 winterthur 230 winterthur ch zh', 'featureId': '1150180_0', 'geom_quadindex': '030010211133231131133', 'geom_st_box2d': 'BOX(8.731077 47.498049,8.731077 47.498049)', 'label': 'Holderplatz 2 <b>8400 Winterthur</b>', 'lat': 47.498046875, 'links': [{'href': '/rest/services/ech/MapServer/ch.swisstopo.amtliches-gebaeudeadressverzeichnis/100820481', 'rel': 'related', 'title': 'ch.swisstopo.amtliches-gebaeudeadressverzeichnis'}, {'href': '/rest/services/ech/MapServer/ch.bfs.gebaeude_wohnungs_register/1150180_0', 'rel': 'related', 'title': 'ch.bfs.gebaeude_wohnungs_register'}], 'lon': 8.73108959197998, 'num': 2, 'objectclass': '', 'origin': 'address', 'rank': 7, 'x': 8.73108959197998, 'y': 47.498046875, 'zoomlevel': 10}, 'id': 2208146, 'weight': 1}","Holderplatz 2, 8400 Winterthur"
746,success,Geocoding successful.,47.49807357788086,8.731101036071777,Holderplatz 4 <b>8400 Winterthur</b>,2323463_0,"{'attrs': {'detail': 'holderplatz 4 8400 winterthur 230 winterthur ch zh', 'featureId': '2323463_0', 'geom_quadindex': '030010211133320002203', 'geom_st_box2d': 'BOX(8.731089 47.498075,8.731089 47.498075)', 'label': 'Holderplatz 4 <b>8400 Winterthur</b>', 'lat': 47.49807357788086, 'links': [{'href': '/rest/services/ech/MapServer/ch.swisstopo.amtliches-gebaeudeadressverzeichnis/101161605', 'rel': 'related', 'title': 'ch.swisstopo.amtliches-gebaeudeadressverzeichnis'}, {'href': '/rest/services/ech/MapServer/ch.bfs.gebaeude_wohnungs_register/2323463_0', 'rel': 'related', 'title': 'ch.bfs.gebaeude_wohnungs_register'}], 'lon': 8.731101036071777, 'num': 4, 'objectclass': '', 'origin': 'address', 'rank': 7, 'x': 8.731101036071777, 'y': 47.49807357788086, 'zoomlevel': 10}, 'id': 2182755, 'weight': 1}","Holderplatz 4, 8400 Winterthur"
747,success,Geocoding successful.,47.499122619628906,8.730443954467773,Obergasse 26 <b>8400 Winterthur</b>,1150308_0,"{'attrs': {'detail': 'obergasse 26 8400 winterthur 230 winterthur ch zh', 'featureId': '1150308_0', 'geom_quadindex': '030010211133030030000', 'geom_st_box2d': 'BOX(8.730431 47.499123,8.730431 47.499123)', 'label': 'Obergasse 26 <b>8400 Winterthur</b>', 'lat': 47.499122619628906, 'links': [{'href': '/rest/services/ech/MapServer/ch.swisstopo.amtliches-gebaeudeadressverzeichnis/100820901', 'rel': 'related', 'title': 'ch.swisstopo.amtliches-gebaeudeadressverzeichnis'}, {'href': '/rest/services/ech/MapServer/ch.bfs.gebaeude_wohnungs_register/1150308_0', 'rel': 'related', 'title': 'ch.bfs.gebaeude_wohnungs_register'}], 'lon': 8.730443954467773, 'num': 26, 'objectclass': '', 'origin': 'address', 'rank': 7, 'x': 8.730443954467773, 'y': 47.499122619628906, 'zoomlevel': 10}, 'id': 2559176, 'weight': 1}","Obergasse 26, 8400 Winterthur"
748,success,Geocoding successful.,47.52803421020508,8.751360893249512,Reutlingerstrasse 78 <b>8404 Reutlingen (Winterthur)</b>,201034478_0,"{'attrs': {'detail': 'reutlingerstrasse 78 8404 reutlingen _winterthur_ 230 winterthur ch zh', 'featureId': '201034478_0', 'geom_quadindex': '030010120303132203103', 'geom_st_box2d': 'BOX(8.751348 47.528038,8.751348 47.528038)', 'label': 'Reutlingerstrasse 78 <b>8404 Reutlingen (Winterthur)</b>', 'lat': 47.52803421020508, 'links': [{'href': '/rest/services/ech/MapServer/ch.swisstopo.amtliches-gebaeudeadressverzeichnis/101679766', 'rel': 'related', 'title': 'ch.swisstopo.amtliches-gebaeudeadressverzeichnis'}, {'href': '/rest/services/ech/MapServer/ch.bfs.gebaeude_wohnungs_register/201034478_0', 'rel': 'related', 'title': 'ch.bfs.gebaeude_wohnungs_register'}], 'lon': 8.751360893249512, 'num': 78, 'objectclass': '', 'origin': 'address', 'rank': 7, 'x': 8.751360893249512, 'y': 47.52803421020508, 'zoomlevel': 10}, 'id': 2757265, 'weight': 1}","Reutlingerstrasse 78, 8404 Reutlingen"
749,success,Geocoding successful.,47.50748062133789,8.755852699279785,Römerstrasse 180 <b>8404 Winterthur</b>,2327008_0,"{'attrs': {'detail': 'roemerstrasse 180 8404 winterthur 230 winterthur ch zh', 'featureId': '2327008_0', 'geom_quadindex': '030010122333013022300', 'geom_st_box2d': 'BOX(8.755841 47.507484,8.755841 47.507484)', 'label': 'Römerstrasse 180 <b>8404 Winterthur</b>', 'lat': 47.50748062133789, 'links': [{'href': '/rest/services/ech/MapServer/ch.swisstopo.amtliches-gebaeudeadressverzeichnis/101166417', 'rel': 'related', 'title': 'ch.swisstopo.amtliches-gebaeudeadressverzeichnis'}, {'href': '/rest/services/ech/MapServer/ch.bfs.gebaeude_wohnungs_register/2327008_0', 'rel': 'related', 'title': 'ch.bfs.gebaeude_wohnungs_register'}], 'lon': 8.755852699279785, 'num': 180, 'objectclass': '', 'origin': 'address', 'rank': 7, 'x': 8.755852699279785, 'y': 47.50748062133789, 'zoomlevel': 10}, 'id': 1923931, 'weight': 1}","Römerstrasse 180, 8404 Winterthur"
750,success,Geocoding successful.,47.49774169921875,8.732996940612793,Tösstalstrasse 20 <b>8400 Winterthur</b>,2323700_0,"{'attrs': {'detail': 'toesstalstrasse 20 8400 winterthur 230 winterthur ch zh', 'featureId': '2323700_0', 'geom_quadindex': '030010300022222133010', 'geom_st_box2d': 'BOX(8.732984 47.497745,8.732984 47.497745)', 'label': 'Tösstalstrasse 20 <b>8400 Winterthur</b>', 'lat': 47.49774169921875, 'links': [{'href': '/rest/services/ech/MapServer/ch.swisstopo.amtliches-gebaeudeadressverzeichnis/101160259', 'rel': 'related', 'title': 'ch.swisstopo.amtliches-gebaeudeadressverzeichnis'}, {'href': '/rest/services/ech/MapServer/ch.bfs.gebaeude_wohnungs_register/2323700_0', 'rel': 'related', 'title': 'ch.bfs.gebaeude_wohnungs_register'}], 'lon': 8.732996940612793, 'num': 20, 'objectclass': '', 'origin': 'address', 'rank': 7, 'x': 8.732996940612793, 'y': 47.49774169921875, 'zoomlevel': 10}, 'id': 1900554, 'weight': 1}","Tösstalstrasse 20, 8400 Winterthur"
751,success,Geocoding successful.,47.496482849121094,8.731546401977539,Zeughausstrasse 73 <b>8400 Winterthur</b>,1151847_0,"{'attrs': {'detail': 'zeughausstrasse 73 8400 winterthur 230 winterthur ch zh', 'featureId': '1151847_0', 'geom_quadindex': '030010211311301012220', 'geom_st_box2d': 'BOX(8.731534 47.496483,8.731534 47.496483)', 'label': 'Zeughausstrasse 73 <b>8400 Winterthur</b>', 'lat': 47.496482849121094, 'links': [{'href': '/rest/services/ech/MapServer/ch.swisstopo.amtliches-gebaeudeadressverzeichnis/100819926', 'rel': 'related', 'title': 'ch.swisstopo.amtliches-gebaeudeadressverzeichnis'}, {'href': '/rest/services/ech/MapServer/ch.bfs.gebaeude_wohnungs_register/1151847_0', 'rel': 'related', 'title': 'ch.bfs.gebaeude_wohnungs_register'}], 'lon': 8.731546401977539, 'num': 73, 'objectclass': '', 'origin': 'address', 'rank': 7, 'x': 8.731546401977539, 'y': 47.496482849121094, 'zoomlevel': 10}, 'id': 1993670, 'weight': 1}","Zeughausstrasse 73, 8400 Winterthur"
752,success,Geocoding successful.,47.539981842041016,8.76813793182373,Mörsburgstrasse 36 <b>8404 Stadel (Winterthur)</b>,1155354_0,"{'attrs': {'detail': 'moersburgstrasse 36 8404 stadel _winterthur_ 230 winterthur ch zh', 'featureId': '1155354_0', 'geom_quadindex': '030010103233202300302', 'geom_st_box2d': 'BOX(8.768125 47.539985,8.768125 47.539985)', 'label': 'Mörsburgstrasse 36 <b>8404 Stadel (Winterthur)</b>', 'lat': 47.539981842041016, 'links': [{'href': '/rest/services/ech/MapServer/ch.swisstopo.amtliches-gebaeudeadressverzeichnis/100825853', 'rel': 'related', 'title': 'ch.swisstopo.amtliches-gebaeudeadressverzeichnis'}, {'href': '/rest/services/ech/MapServer/ch.bfs.gebaeude_wohnungs_register/1155354_0', 'rel': 'related', 'title': 'ch.bfs.gebaeude_wohnungs_register'}], 'lon': 8.76813793182373, 'num': 36, 'objectclass': '', 'origin': 'address', 'rank': 7, 'x': 8.76813793182373, 'y': 47.539981842041016, 'zoomlevel': 10}, 'id': 2882036, 'weight': 1}","Mörsburgstrasse 36, 8404 Stadel"
753,success,Geocoding successful.,47.51051330566406,8.693403244018555,Wülflingerstrasse 253 <b>8408 Winterthur</b>,1160974_1,"{'attrs': {'detail': 'wuelflingerstrasse 253 8408 winterthur 230 winterthur ch zh', 'featureId': '1160974_1', 'geom_quadindex': '030010032231010210302', 'geom_st_box2d': 'BOX(8.69339 47.510514,8.69339 47.510514)', 'label': 'Wülflingerstrasse 253 <b>8408 Winterthur</b>', 'lat': 47.51051330566406, 'links': [{'href': '/rest/services/ech/MapServer/ch.swisstopo.amtliches-gebaeudeadressverzeichnis/101497128', 'rel': 'related', 'title': 'ch.swisstopo.amtliches-gebaeudeadressverzeichnis'}, {'href': '/rest/services/ech/MapServer/ch.bfs.gebaeude_wohnungs_register/1160974_1', 'rel': 'related', 'title': 'ch.bfs.gebaeude_wohnungs_register'}], 'lon': 8.693403244018555, 'num': 253, 'objectclass': '', 'origin': 'address', 'rank': 7, 'x': 8.693403244018555, 'y': 47.51051330566406, 'zoomlevel': 10}, 'id': 2086215, 'weight': 1}","Wülflingerstrasse 253, 8408 Winterthur"
754,success,Geocoding successful.,47.51045227050781,8.693115234375,Wülflingerstrasse 253a <b>8408 Winterthur</b>,1160974_0,"{'attrs': {'detail': 'wuelflingerstrasse 253a 8408 winterthur 230 winterthur ch zh', 'featureId': '1160974_0', 'geom_quadindex': '030010032231001320303', 'geom_st_box2d': 'BOX(8.693102 47.510452,8.693102 47.510452)', 'label': 'Wülflingerstrasse 253a <b>8408 Winterthur</b>', 'lat': 47.51045227050781, 'links': [{'href': '/rest/services/ech/MapServer/ch.swisstopo.amtliches-gebaeudeadressverzeichnis/100806744', 'rel': 'related', 'title': 'ch.swisstopo.amtliches-gebaeudeadressverzeichnis'}, {'href': '/rest/services/ech/MapServer/ch.bfs.gebaeude_wohnungs_register/1160974_0', 'rel': 'related', 'title': 'ch.bfs.gebaeude_wohnungs_register'}], 'lon': 8.693115234375, 'num': 253, 'objectclass': '', 'origin': 'address', 'rank': 7, 'x': 8.693115234375, 'y': 47.51045227050781, 'zoomlevel': 10}, 'id': 2673550, 'weight': 1}","Wülflingerstrasse 253a, 8408 Winterthur"
755,success,Geocoding successful.,47.51124572753906,8.722853660583496,Schaffhauserstrasse 52 <b>8400 Winterthur</b>,1150790_0,"{'attrs': {'detail': 'schaffhauserstrasse 52 8400 winterthur 230 winterthur ch zh', 'featureId': '1150790_0', 'geom_quadindex': '030010033302301311313', 'geom_st_box2d': 'BOX(8.722841 47.511247,8.722841 47.511247)', 'label': 'Schaffhauserstrasse 52 <b>8400 Winterthur</b>', 'lat': 47.51124572753906, 'links': [{'href': '/rest/services/ech/MapServer/ch.swisstopo.amtliches-gebaeudeadressverzeichnis/100822522', 'rel': 'related', 'title': 'ch.swisstopo.amtliches-gebaeudeadressverzeichnis'}, {'href': '/rest/services/ech/MapServer/ch.bfs.gebaeude_wohnungs_register/1150790_0', 'rel': 'related', 'title': 'ch.bfs.gebaeude_wohnungs_register'}], 'lon': 8.722853660583496, 'num': 52, 'objectclass': '', 'origin': 'address', 'rank': 7, 'x': 8.722853660583496, 'y': 47.51124572753906, 'zoomlevel': 10}, 'id': 2503813, 'weight': 1}","Schaffhauserstrasse 52, 8400 Winterthur"
756,success,Geocoding successful.,47.511348724365234,8.698126792907715,Salomon-Hirzel-Strasse 2 <b>8408 Winterthur</b>,1160061_0,"{'attrs': {'detail': 'salomon-hirzel-strasse 2 8408 winterthur 230 winterthur ch zh', 'featureId': '1160061_0', 'geom_quadindex': '030010032302312013212', 'geom_st_box2d': 'BOX(8.698113 47.511352,8.698113 47.511352)', 'label': 'Salomon-Hirzel-Strasse 2 <b>8408 Winterthur</b>', 'lat': 47.511348724365234, 'links': [{'href': '/rest/services/ech/MapServer/ch.swisstopo.amtliches-gebaeudeadressverzeichnis/100804613', 'rel': 'related', 'title': 'ch.swisstopo.amtliches-gebaeudeadressverzeichnis'}, {'href': '/rest/services/ech/MapServer/ch.bfs.gebaeude_wohnungs_register/1160061_0', 'rel': 'related', 'title': 'ch.bfs.gebaeude_wohnungs_register'}], 'lon': 8.698126792907715, 'num': 2, 'objectclass': '', 'origin': 'address', 'rank': 7, 'x': 8.698126792907715, 'y': 47.511348724365234, 'zoomlevel': 10}, 'id': 2573042, 'weight': 1}","Salomon-Hirzel-Strasse 2, 8408 Winterthur"
757,success,Geocoding successful.,47.51150131225586,8.698057174682617,Salomon-Hirzel-Strasse 4 <b>8408 Winterthur</b>,201022298_0,"{'attrs': {'detail': 'salomon-hirzel-strasse 4 8408 winterthur 230 winterthur ch zh', 'featureId': '201022298_0', 'geom_quadindex': '030010032302310203110', 'geom_st_box2d': 'BOX(8.698044 47.511504,8.698044 47.511504)', 'label': 'Salomon-Hirzel-Strasse 4 <b>8408 Winterthur</b>', 'lat': 47.51150131225586, 'links': [{'href': '/rest/services/ech/MapServer/ch.swisstopo.amtliches-gebaeudeadressverzeichnis/101480910', 'rel': 'related', 'title': 'ch.swisstopo.amtliches-gebaeudeadressverzeichnis'}, {'href': '/rest/services/ech/MapServer/ch.bfs.gebaeude_wohnungs_register/201022298_0', 'rel': 'related', 'title': 'ch.bfs.gebaeude_wohnungs_register'}], 'lon': 8.698057174682617, 'num': 4, 'objectclass': '', 'origin': 'address', 'rank': 7, 'x': 8.698057174682617, 'y': 47.51150131225586, 'zoomlevel': 10}, 'id': 2233729, 'weight': 1}","Salomon-Hirzel-Strasse 4, 8408 Winterthur"
758,success,Geocoding successful.,47.491416931152344,8.706839561462402,Zürcherstrasse 127 <b>8406 Winterthur</b>,2325054_0,"{'attrs': {'detail': 'zuercherstrasse 127 8406 winterthur 230 winterthur ch zh', 'featureId': '2325054_0', 'geom_quadindex': '030010210333110022232', 'geom_st_box2d': 'BOX(8.706826 47.491419,8.706826 47.491419)', 'label': 'Zürcherstrasse 127 <b>8406 Winterthur</b>', 'lat': 47.491416931152344, 'links': [{'href': '/rest/services/ech/MapServer/ch.swisstopo.amtliches-gebaeudeadressverzeichnis/101164907', 'rel': 'related', 'title': 'ch.swisstopo.amtliches-gebaeudeadressverzeichnis'}, {'href': '/rest/services/ech/MapServer/ch.bfs.gebaeude_wohnungs_register/2325054_0', 'rel': 'related', 'title': 'ch.bfs.gebaeude_wohnungs_register'}], 'lon': 8.706839561462402, 'num': 127, 'objectclass': '', 'origin': 'address', 'rank': 7, 'x': 8.706839561462402, 'y': 47.491416931152344, 'zoomlevel': 10}, 'id': 2210802, 'weight': 1}","Zürcherstrasse 127, 8406 Winterthur"
759,success,Geocoding successful.,47.49939727783203,8.727014541625977,Marktgasse 53 <b>8400 Winterthur</b>,2323750_0,"{'attrs': {'detail': 'marktgasse 53 8400 winterthur 230 winterthur ch zh', 'featureId': '2323750_0', 'geom_quadindex': '030010211132003031233', 'geom_st_box2d': 'BOX(8.727002 47.499399,8.727002 47.499399)', 'label': 'Marktgasse 53 <b>8400 Winterthur</b>', 'lat': 47.49939727783203, 'links': [{'href': '/rest/services/ech/MapServer/ch.swisstopo.amtliches-gebaeudeadressverzeichnis/101015435', 'rel': 'related', 'title': 'ch.swisstopo.amtliches-gebaeudeadressverzeichnis'}, {'href': '/rest/services/ech/MapServer/ch.bfs.gebaeude_wohnungs_register/2323750_0', 'rel': 'related', 'title': 'ch.bfs.gebaeude_wohnungs_register'}], 'lon': 8.727014541625977, 'num': 53, 'objectclass': '', 'origin': 'address', 'rank': 7, 'x': 8.727014541625977, 'y': 47.49939727783203, 'zoomlevel': 10}, 'id': 2234956, 'weight': 1}","Marktgasse 53, 8400 Winterthur"
760,success,Geocoding successful.,47.5082893371582,8.756251335144043,Pestalozzistrasse 1 <b>8404 Winterthur</b>,1153343_0,"{'attrs': {'detail': 'pestalozzistrasse 1 8404 winterthur 230 winterthur ch zh', 'featureId': '1153343_0', 'geom_quadindex': '030010122331320020232', 'geom_st_box2d': 'BOX(8.756239 47.508293,8.756239 47.508293)', 'label': 'Pestalozzistrasse 1 <b>8404 Winterthur</b>', 'lat': 47.5082893371582, 'links': [{'href': '/rest/services/ech/MapServer/ch.swisstopo.amtliches-gebaeudeadressverzeichnis/100820233', 'rel': 'related', 'title': 'ch.swisstopo.amtliches-gebaeudeadressverzeichnis'}, {'href': '/rest/services/ech/MapServer/ch.bfs.gebaeude_wohnungs_register/1153343_0', 'rel': 'related', 'title': 'ch.bfs.gebaeude_wohnungs_register'}], 'lon': 8.756251335144043, 'num': 1, 'objectclass': '', 'origin': 'address', 'rank': 7, 'x': 8.756251335144043, 'y': 47.5082893371582, 'zoomlevel': 10}, 'id': 2083651, 'weight': 1}","Pestalozzistrasse 1, 8404 Winterthur"
761,success,Geocoding successful.,47.50761795043945,8.75577449798584,Römerstrasse 182 <b>8404 Winterthur</b>,1153524_0,"{'attrs': {'detail': 'roemerstrasse 182 8404 winterthur 230 winterthur ch zh', 'featureId': '1153524_0', 'geom_quadindex': '030010122333010332132', 'geom_st_box2d': 'BOX(8.755762 47.507621,8.755762 47.507621)', 'label': 'Römerstrasse 182 <b>8404 Winterthur</b>', 'lat': 47.50761795043945, 'links': [{'href': '/rest/services/ech/MapServer/ch.swisstopo.amtliches-gebaeudeadressverzeichnis/100825082', 'rel': 'related', 'title': 'ch.swisstopo.amtliches-gebaeudeadressverzeichnis'}, {'href': '/rest/services/ech/MapServer/ch.bfs.gebaeude_wohnungs_register/1153524_0', 'rel': 'related', 'title': 'ch.bfs.gebaeude_wohnungs_register'}], 'lon': 8.75577449798584, 'num': 182, 'objectclass': '', 'origin': 'address', 'rank': 7, 'x': 8.75577449798584, 'y': 47.50761795043945, 'zoomlevel': 10}, 'id': 1972365, 'weight': 1}","Römerstrasse 182, 8404 Winterthur"
762,success,Geocoding successful.,47.4984016418457,8.729055404663086,Steinberggasse 18 <b>8400 Winterthur</b>,1150274_0,"{'attrs': {'detail': 'steinberggasse 18 8400 winterthur 230 winterthur ch zh', 'featureId': '1150274_0', 'geom_quadindex': '030010211132312101131', 'geom_st_box2d': 'BOX(8.729043 47.498405,8.729043 47.498405)', 'label': 'Steinberggasse 18 <b>8400 Winterthur</b>', 'lat': 47.4984016418457, 'links': [{'href': '/rest/services/ech/MapServer/ch.swisstopo.amtliches-gebaeudeadressverzeichnis/100819516', 'rel': 'related', 'title': 'ch.swisstopo.amtliches-gebaeudeadressverzeichnis'}, {'href': '/rest/services/ech/MapServer/ch.bfs.gebaeude_wohnungs_register/1150274_0', 'rel': 'related', 'title': 'ch.bfs.gebaeude_wohnungs_register'}], 'lon': 8.729055404663086, 'num': 18, 'objectclass': '', 'origin': 'address', 'rank': 7, 'x': 8.729055404663086, 'y': 47.4984016418457, 'zoomlevel': 10}, 'id': 2443214, 'weight': 1}","Steinberggasse 18, 8400 Winterthur"
763,success,Geocoding successful.,47.482261657714844,8.76240348815918,Tösstalstrasse 265 <b>8405 Winterthur</b>,1156137_0,"{'attrs': {'detail': 'toesstalstrasse 265 8405 winterthur 230 winterthur ch zh', 'featureId': '1156137_0', 'geom_quadindex': '030010303023101320223', 'geom_st_box2d': 'BOX(8.762391 47.482263,8.762391 47.482263)', 'label': 'Tösstalstrasse 265 <b>8405 Winterthur</b>', 'lat': 47.482261657714844, 'links': [{'href': '/rest/services/ech/MapServer/ch.swisstopo.amtliches-gebaeudeadressverzeichnis/100804353', 'rel': 'related', 'title': 'ch.swisstopo.amtliches-gebaeudeadressverzeichnis'}, {'href': '/rest/services/ech/MapServer/ch.bfs.gebaeude_wohnungs_register/1156137_0', 'rel': 'related', 'title': 'ch.bfs.gebaeude_wohnungs_register'}], 'lon': 8.76240348815918, 'num': 265, 'objectclass': '', 'origin': 'address', 'rank': 7, 'x': 8.76240348815918, 'y': 47.482261657714844, 'zoomlevel': 10}, 'id': 2617034, 'weight': 1}","Tösstalstrasse 265, 8405 Winterthur"
764,success,Geocoding successful.,47.4988899230957,8.72665023803711,Neumarkt 8 <b>8400 Winterthur</b>,201010055_1,"{'attrs': {'detail': 'neumarkt 8 8400 winterthur 230 winterthur ch zh', 'featureId': '201010055_1', 'geom_quadindex': '030010211132022120021', 'geom_st_box2d': 'BOX(8.726638 47.498893,8.726638 47.498893)', 'label': 'Neumarkt 8 <b>8400 Winterthur</b>', 'lat': 47.4988899230957, 'links': [{'href': '/rest/services/ech/MapServer/ch.swisstopo.amtliches-gebaeudeadressverzeichnis/101501587', 'rel': 'related', 'title': 'ch.swisstopo.amtliches-gebaeudeadressverzeichnis'}, {'href': '/rest/services/ech/MapServer/ch.bfs.gebaeude_wohnungs_register/201010055_1', 'rel': 'related', 'title': 'ch.bfs.gebaeude_wohnungs_register'}], 'lon': 8.72665023803711, 'num': 8, 'objectclass': '', 'origin': 'address', 'rank': 7, 'x': 8.72665023803711, 'y': 47.4988899230957, 'zoomlevel': 10}, 'id': 1948000, 'weight': 1}","Neumarkt 8, 8400 Winterthur"
765,success,Geocoding successful.,47.49858093261719,8.726675033569336,Neumarkt 6 <b>8400 Winterthur</b>,201010055_0,"{'attrs': {'detail': 'neumarkt 6 8400 winterthur 230 winterthur ch zh', 'featureId': '201010055_0', 'geom_quadindex': '030010211132200122330', 'geom_st_box2d': 'BOX(8.726663 47.498583,8.726663 47.498583)', 'label': 'Neumarkt 6 <b>8400 Winterthur</b>', 'lat': 47.49858093261719, 'links': [{'href': '/rest/services/ech/MapServer/ch.swisstopo.amtliches-gebaeudeadressverzeichnis/101493854', 'rel': 'related', 'title': 'ch.swisstopo.amtliches-gebaeudeadressverzeichnis'}, {'href': '/rest/services/ech/MapServer/ch.bfs.gebaeude_wohnungs_register/201010055_0', 'rel': 'related', 'title': 'ch.bfs.gebaeude_wohnungs_register'}], 'lon': 8.726675033569336, 'num': 6, 'objectclass': '', 'origin': 'address', 'rank': 7, 'x': 8.726675033569336, 'y': 47.49858093261719, 'zoomlevel': 10}, 'id': 2261414, 'weight': 1}","Neumarkt 6, 8400 Winterthur"
766,success,Geocoding successful.,47.49885559082031,8.7269868850708,Spitalgasse 8 <b>8400 Winterthur</b>,201010055_2,"{'attrs': {'detail': 'spitalgasse 8 8400 winterthur 230 winterthur ch zh', 'featureId': '201010055_2', 'geom_quadindex': '030010211132023033020', 'geom_st_box2d': 'BOX(8.726975 47.498856,8.726975 47.498856)', 'label': 'Spitalgasse 8 <b>8400 Winterthur</b>', 'lat': 47.49885559082031, 'links': [{'href': '/rest/services/ech/MapServer/ch.swisstopo.amtliches-gebaeudeadressverzeichnis/101493851', 'rel': 'related', 'title': 'ch.swisstopo.amtliches-gebaeudeadressverzeichnis'}, {'href': '/rest/services/ech/MapServer/ch.bfs.gebaeude_wohnungs_register/201010055_2', 'rel': 'related', 'title': 'ch.bfs.gebaeude_wohnungs_register'}], 'lon': 8.7269868850708, 'num': 8, 'objectclass': '', 'origin': 'address', 'rank': 7, 'x': 8.7269868850708, 'y': 47.49885559082031, 'zoomlevel': 10}, 'id': 1963044, 'weight': 1}","Spitalgasse 8, 8400 Winterthur"
767,success,Geocoding successful.,47.49906921386719,8.727068901062012,Spitalgasse 6 <b>8400 Winterthur</b>,1150255_0,"{'attrs': {'detail': 'spitalgasse 6 8400 winterthur 230 winterthur ch zh', 'featureId': '1150255_0', 'geom_quadindex': '030010211132021300321', 'geom_st_box2d': 'BOX(8.727056 47.499072,8.727056 47.499072)', 'label': 'Spitalgasse 6 <b>8400 Winterthur</b>', 'lat': 47.49906921386719, 'links': [{'href': '/rest/services/ech/MapServer/ch.swisstopo.amtliches-gebaeudeadressverzeichnis/100820853', 'rel': 'related', 'title': 'ch.swisstopo.amtliches-gebaeudeadressverzeichnis'}, {'href': '/rest/services/ech/MapServer/ch.bfs.gebaeude_wohnungs_register/1150255_0', 'rel': 'related', 'title': 'ch.bfs.gebaeude_wohnungs_register'}], 'lon': 8.727068901062012, 'num': 6, 'objectclass': '', 'origin': 'address', 'rank': 7, 'x': 8.727068901062012, 'y': 47.49906921386719, 'zoomlevel': 10}, 'id': 2449356, 'weight': 1}","Spitalgasse 6, 8400 Winterthur"
768,success,Geocoding successful.,47.510169982910156,8.69262981414795,Wülflingerstrasse 261b <b>8408 Winterthur</b>,2321873_0,"{'attrs': {'detail': 'wuelflingerstrasse 261b 8408 winterthur 230 winterthur ch zh', 'featureId': '2321873_0', 'geom_quadindex': '030010032231002232130', 'geom_st_box2d': 'BOX(8.692617 47.510172,8.692617 47.510172)', 'label': 'Wülflingerstrasse 261b <b>8408 Winterthur</b>', 'lat': 47.510169982910156, 'links': [{'href': '/rest/services/ech/MapServer/ch.swisstopo.amtliches-gebaeudeadressverzeichnis/101013847', 'rel': 'related', 'title': 'ch.swisstopo.amtliches-gebaeudeadressverzeichnis'}, {'href': '/rest/services/ech/MapServer/ch.bfs.gebaeude_wohnungs_register/2321873_0', 'rel': 'related', 'title': 'ch.bfs.gebaeude_wohnungs_register'}], 'lon': 8.69262981414795, 'num': 261, 'objectclass': '', 'origin': 'address', 'rank': 7, 'x': 8.69262981414795, 'y': 47.510169982910156, 'zoomlevel': 10}, 'id': 2147137, 'weight': 1}","Wülflingerstrasse 261b, 8408 Winterthur"
769,success,Geocoding successful.,47.51015090942383,8.69245719909668,Wülflingerstrasse 263b <b>8408 Winterthur</b>,2321873_1,"{'attrs': {'detail': 'wuelflingerstrasse 263b 8408 winterthur 230 winterthur ch zh', 'featureId': '2321873_1', 'geom_quadindex': '030010032230113333223', 'geom_st_box2d': 'BOX(8.692444 47.510153,8.692444 47.510153)', 'label': 'Wülflingerstrasse 263b <b>8408 Winterthur</b>', 'lat': 47.51015090942383, 'links': [{'href': '/rest/services/ech/MapServer/ch.swisstopo.amtliches-gebaeudeadressverzeichnis/101500393', 'rel': 'related', 'title': 'ch.swisstopo.amtliches-gebaeudeadressverzeichnis'}, {'href': '/rest/services/ech/MapServer/ch.bfs.gebaeude_wohnungs_register/2321873_1', 'rel': 'related', 'title': 'ch.bfs.gebaeude_wohnungs_register'}], 'lon': 8.69245719909668, 'num': 263, 'objectclass': '', 'origin': 'address', 'rank': 7, 'x': 8.69245719909668, 'y': 47.51015090942383, 'zoomlevel': 10}, 'id': 2657508, 'weight': 1}","Wülflingerstrasse 263b, 8408 Winterthur"
770,success,Geocoding successful.,47.50944519042969,8.718411445617676,Bachtelstrasse 43 <b>8400 Winterthur</b>,1158258_0,"{'attrs': {'detail': 'bachtelstrasse 43 8400 winterthur 230 winterthur ch zh', 'featureId': '1158258_0', 'geom_quadindex': '030010033231032301231', 'geom_st_box2d': 'BOX(8.718399 47.509446,8.718399 47.509446)', 'label': 'Bachtelstrasse 43 <b>8400 Winterthur</b>', 'lat': 47.50944519042969, 'links': [{'href': '/rest/services/ech/MapServer/ch.swisstopo.amtliches-gebaeudeadressverzeichnis/100806522', 'rel': 'related', 'title': 'ch.swisstopo.amtliches-gebaeudeadressverzeichnis'}, {'href': '/rest/services/ech/MapServer/ch.bfs.gebaeude_wohnungs_register/1158258_0', 'rel': 'related', 'title': 'ch.bfs.gebaeude_wohnungs_register'}], 'lon': 8.718411445617676, 'num': 43, 'objectclass': '', 'origin': 'address', 'rank': 7, 'x': 8.718411445617676, 'y': 47.50944519042969, 'zoomlevel': 10}, 'id': 2413432, 'weight': 1}","Bachtelstrasse 43, 8400 Winterthur"
771,success,Geocoding successful.,47.50952911376953,8.717646598815918,Bachtelstrasse 64 <b>8400 Winterthur</b>,1158434_0,"{'attrs': {'detail': 'bachtelstrasse 64 8400 winterthur 230 winterthur ch zh', 'featureId': '1158434_0', 'geom_quadindex': '030010033231022121123', 'geom_st_box2d': 'BOX(8.717634 47.50953,8.717634 47.50953)', 'label': 'Bachtelstrasse 64 <b>8400 Winterthur</b>', 'lat': 47.50952911376953, 'links': [{'href': '/rest/services/ech/MapServer/ch.swisstopo.amtliches-gebaeudeadressverzeichnis/100805424', 'rel': 'related', 'title': 'ch.swisstopo.amtliches-gebaeudeadressverzeichnis'}, {'href': '/rest/services/ech/MapServer/ch.bfs.gebaeude_wohnungs_register/1158434_0', 'rel': 'related', 'title': 'ch.bfs.gebaeude_wohnungs_register'}], 'lon': 8.717646598815918, 'num': 64, 'objectclass': '', 'origin': 'address', 'rank': 7, 'x': 8.717646598815918, 'y': 47.50952911376953, 'zoomlevel': 10}, 'id': 2800613, 'weight': 1}","Bachtelstrasse 64, 8400 Winterthur"
772,success,Geocoding successful.,47.509437561035156,8.71837043762207,Bachtelstrasse 45 <b>8400 Winterthur</b>,1158259_0,"{'attrs': {'detail': 'bachtelstrasse 45 8400 winterthur 230 winterthur ch zh', 'featureId': '1158259_0', 'geom_quadindex': '030010033231032300322', 'geom_st_box2d': 'BOX(8.718358 47.509441,8.718358 47.509441)', 'label': 'Bachtelstrasse 45 <b>8400 Winterthur</b>', 'lat': 47.509437561035156, 'links': [{'href': '/rest/services/ech/MapServer/ch.swisstopo.amtliches-gebaeudeadressverzeichnis/100806523', 'rel': 'related', 'title': 'ch.swisstopo.amtliches-gebaeudeadressverzeichnis'}, {'href': '/rest/services/ech/MapServer/ch.bfs.gebaeude_wohnungs_register/1158259_0', 'rel': 'related', 'title': 'ch.bfs.gebaeude_wohnungs_register'}], 'lon': 8.71837043762207, 'num': 45, 'objectclass': '', 'origin': 'address', 'rank': 7, 'x': 8.71837043762207, 'y': 47.509437561035156, 'zoomlevel': 10}, 'id': 2152012, 'weight': 1}","Bachtelstrasse 45, 8400 Winterthur"
773,success,Geocoding successful.,47.49874496459961,8.727751731872559,Metzggasse 13 <b>8400 Winterthur</b>,1150260_0,"{'attrs': {'detail': 'metzggasse 13 8400 winterthur 230 winterthur ch zh', 'featureId': '1150260_0', 'geom_quadindex': '030010211132033230133', 'geom_st_box2d': 'BOX(8.727739 47.498747,8.727739 47.498747)', 'label': 'Metzggasse 13 <b>8400 Winterthur</b>', 'lat': 47.49874496459961, 'links': [{'href': '/rest/services/ech/MapServer/ch.swisstopo.amtliches-gebaeudeadressverzeichnis/100820857', 'rel': 'related', 'title': 'ch.swisstopo.amtliches-gebaeudeadressverzeichnis'}, {'href': '/rest/services/ech/MapServer/ch.bfs.gebaeude_wohnungs_register/1150260_0', 'rel': 'related', 'title': 'ch.bfs.gebaeude_wohnungs_register'}], 'lon': 8.727751731872559, 'num': 13, 'objectclass': '', 'origin': 'address', 'rank': 7, 'x': 8.727751731872559, 'y': 47.49874496459961, 'zoomlevel': 10}, 'id': 2147840, 'weight': 1}","Metzggasse 13, 8400 Winterthur"
774,success,Geocoding successful.,47.538612365722656,8.7719087600708,Grundhofstrasse 75 <b>8404 Stadel (Winterthur)</b>,201035259_0,"{'attrs': {'detail': 'grundhofstrasse 75 8404 stadel _winterthur_ 230 winterthur ch zh', 'featureId': '201035259_0', 'geom_quadindex': '030010121100030212110', 'geom_st_box2d': 'BOX(8.771897 47.538614,8.771897 47.538614)', 'label': 'Grundhofstrasse 75 <b>8404 Stadel (Winterthur)</b>', 'lat': 47.538612365722656, 'links': [{'href': '/rest/services/ech/MapServer/ch.swisstopo.amtliches-gebaeudeadressverzeichnis/101688376', 'rel': 'related', 'title': 'ch.swisstopo.amtliches-gebaeudeadressverzeichnis'}, {'href': '/rest/services/ech/MapServer/ch.bfs.gebaeude_wohnungs_register/201035259_0', 'rel': 'related', 'title': 'ch.bfs.gebaeude_wohnungs_register'}], 'lon': 8.7719087600708, 'num': 75, 'objectclass': '', 'origin': 'address', 'rank': 7, 'x': 8.7719087600708, 'y': 47.538612365722656, 'zoomlevel': 10}, 'id': 2014677, 'weight': 1}","Grundhofstrasse 75, 8404 Stadel"
775,success,Geocoding successful.,47.50927734375,8.715947151184082,Trottenstrasse 1 <b>8400 Winterthur</b>,2324375_0,"{'attrs': {'detail': 'trottenstrasse 1 8400 winterthur 230 winterthur ch zh', 'featureId': '2324375_0', 'geom_quadindex': '030010033230300030312', 'geom_st_box2d': 'BOX(8.715934 47.509279,8.715934 47.509279)', 'label': 'Trottenstrasse 1 <b>8400 Winterthur</b>', 'lat': 47.50927734375, 'links': [{'href': '/rest/services/ech/MapServer/ch.swisstopo.amtliches-gebaeudeadressverzeichnis/101164842', 'rel': 'related', 'title': 'ch.swisstopo.amtliches-gebaeudeadressverzeichnis'}, {'href': '/rest/services/ech/MapServer/ch.bfs.gebaeude_wohnungs_register/2324375_0', 'rel': 'related', 'title': 'ch.bfs.gebaeude_wohnungs_register'}], 'lon': 8.715947151184082, 'num': 1, 'objectclass': '', 'origin': 'address', 'rank': 7, 'x': 8.715947151184082, 'y': 47.50927734375, 'zoomlevel': 10}, 'id': 2735486, 'weight': 1}","Trottenstrasse 1, 8400 Winterthur"
776,success,Geocoding successful.,47.51002502441406,8.693939208984375,Wieshofstrasse 7 <b>8408 Winterthur</b>,1160816_0,"{'attrs': {'detail': 'wieshofstrasse 7 8408 winterthur 230 winterthur ch zh', 'featureId': '1160816_0', 'geom_quadindex': '030010032231031123130', 'geom_st_box2d': 'BOX(8.693926 47.510026,8.693926 47.510026)', 'label': 'Wieshofstrasse 7 <b>8408 Winterthur</b>', 'lat': 47.51002502441406, 'links': [{'href': '/rest/services/ech/MapServer/ch.swisstopo.amtliches-gebaeudeadressverzeichnis/100825218', 'rel': 'related', 'title': 'ch.swisstopo.amtliches-gebaeudeadressverzeichnis'}, {'href': '/rest/services/ech/MapServer/ch.bfs.gebaeude_wohnungs_register/1160816_0', 'rel': 'related', 'title': 'ch.bfs.gebaeude_wohnungs_register'}], 'lon': 8.693939208984375, 'num': 7, 'objectclass': '', 'origin': 'address', 'rank': 7, 'x': 8.693939208984375, 'y': 47.51002502441406, 'zoomlevel': 10}, 'id': 2744922, 'weight': 1}","Wieshofstrasse 7, 8408 Winterthur"
777,success,Geocoding successful.,47.49998092651367,8.732514381408691,Obertor 11 <b>8400 Winterthur</b>,2323792_1,"{'attrs': {'detail': 'obertor 11 8400 winterthur 230 winterthur ch zh', 'featureId': '2323792_1', 'geom_quadindex': '030010211131331322030', 'geom_st_box2d': 'BOX(8.732502 47.499982,8.732502 47.499982)', 'label': 'Obertor 11 <b>8400 Winterthur</b>', 'lat': 47.49998092651367, 'links': [{'href': '/rest/services/ech/MapServer/ch.swisstopo.amtliches-gebaeudeadressverzeichnis/101497116', 'rel': 'related', 'title': 'ch.swisstopo.amtliches-gebaeudeadressverzeichnis'}, {'href': '/rest/services/ech/MapServer/ch.bfs.gebaeude_wohnungs_register/2323792_1', 'rel': 'related', 'title': 'ch.bfs.gebaeude_wohnungs_register'}], 'lon': 8.732514381408691, 'num': 11, 'objectclass': '', 'origin': 'address', 'rank': 7, 'x': 8.732514381408691, 'y': 47.49998092651367, 'zoomlevel': 10}, 'id': 2422166, 'weight': 1}","Obertor 11, 8400 Winterthur"
778,success,Geocoding successful.,47.49995803833008,8.732197761535645,Obertor 17 <b>8400 Winterthur</b>,2323795_0,"{'attrs': {'detail': 'obertor 17 8400 winterthur 230 winterthur ch zh', 'featureId': '2323795_0', 'geom_quadindex': '030010211131332101101', 'geom_st_box2d': 'BOX(8.732185 47.49996,8.732185 47.49996)', 'label': 'Obertor 17 <b>8400 Winterthur</b>', 'lat': 47.49995803833008, 'links': [{'href': '/rest/services/ech/MapServer/ch.swisstopo.amtliches-gebaeudeadressverzeichnis/101015469', 'rel': 'related', 'title': 'ch.swisstopo.amtliches-gebaeudeadressverzeichnis'}, {'href': '/rest/services/ech/MapServer/ch.bfs.gebaeude_wohnungs_register/2323795_0', 'rel': 'related', 'title': 'ch.bfs.gebaeude_wohnungs_register'}], 'lon': 8.732197761535645, 'num': 17, 'objectclass': '', 'origin': 'address', 'rank': 7, 'x': 8.732197761535645, 'y': 47.49995803833008, 'zoomlevel': 10}, 'id': 2907044, 'weight': 1}","Obertor 17, 8400 Winterthur"
779,success,Geocoding successful.,47.49989318847656,8.732389450073242,Obertor 13 <b>8400 Winterthur</b>,2323792_0,"{'attrs': {'detail': 'obertor 13 8400 winterthur 230 winterthur ch zh', 'featureId': '2323792_0', 'geom_quadindex': '030010211131333021101', 'geom_st_box2d': 'BOX(8.732377 47.499894,8.732377 47.499894)', 'label': 'Obertor 13 <b>8400 Winterthur</b>', 'lat': 47.49989318847656, 'links': [{'href': '/rest/services/ech/MapServer/ch.swisstopo.amtliches-gebaeudeadressverzeichnis/101015467', 'rel': 'related', 'title': 'ch.swisstopo.amtliches-gebaeudeadressverzeichnis'}, {'href': '/rest/services/ech/MapServer/ch.bfs.gebaeude_wohnungs_register/2323792_0', 'rel': 'related', 'title': 'ch.bfs.gebaeude_wohnungs_register'}], 'lon': 8.732389450073242, 'num': 13, 'objectclass': '', 'origin': 'address', 'rank': 7, 'x': 8.732389450073242, 'y': 47.49989318847656, 'zoomlevel': 10}, 'id': 2338800, 'weight': 1}","Obertor 13, 8400 Winterthur"
780,success,Geocoding successful.,47.51144027709961,8.69787883758545,Salomon-Hirzel-Strasse 6 <b>8408 Winterthur</b>,1160062_0,"{'attrs': {'detail': 'salomon-hirzel-strasse 6 8408 winterthur 230 winterthur ch zh', 'featureId': '1160062_0', 'geom_quadindex': '030010032302301332001', 'geom_st_box2d': 'BOX(8.697865 47.511441,8.697865 47.511441)', 'label': 'Salomon-Hirzel-Strasse 6 <b>8408 Winterthur</b>', 'lat': 47.51144027709961, 'links': [{'href': '/rest/services/ech/MapServer/ch.swisstopo.amtliches-gebaeudeadressverzeichnis/100804614', 'rel': 'related', 'title': 'ch.swisstopo.amtliches-gebaeudeadressverzeichnis'}, {'href': '/rest/services/ech/MapServer/ch.bfs.gebaeude_wohnungs_register/1160062_0', 'rel': 'related', 'title': 'ch.bfs.gebaeude_wohnungs_register'}], 'lon': 8.69787883758545, 'num': 6, 'objectclass': '', 'origin': 'address', 'rank': 7, 'x': 8.69787883758545, 'y': 47.51144027709961, 'zoomlevel': 10}, 'id': 2112062, 'weight': 1}","Salomon-Hirzel-Strasse 6, 8408 Winterthur"
781,success,Geocoding successful.,47.51158142089844,8.697942733764648,Salomon-Hirzel-Strasse 8 <b>8408 Winterthur</b>,1160078_0,"{'attrs': {'detail': 'salomon-hirzel-strasse 8 8408 winterthur 230 winterthur ch zh', 'featureId': '1160078_0', 'geom_quadindex': '030010032302301131213', 'geom_st_box2d': 'BOX(8.69793 47.511585,8.69793 47.511585)', 'label': 'Salomon-Hirzel-Strasse 8 <b>8408 Winterthur</b>', 'lat': 47.51158142089844, 'links': [{'href': '/rest/services/ech/MapServer/ch.swisstopo.amtliches-gebaeudeadressverzeichnis/100804626', 'rel': 'related', 'title': 'ch.swisstopo.amtliches-gebaeudeadressverzeichnis'}, {'href': '/rest/services/ech/MapServer/ch.bfs.gebaeude_wohnungs_register/1160078_0', 'rel': 'related', 'title': 'ch.bfs.gebaeude_wohnungs_register'}], 'lon': 8.697942733764648, 'num': 8, 'objectclass': '', 'origin': 'address', 'rank': 7, 'x': 8.697942733764648, 'y': 47.51158142089844, 'zoomlevel': 10}, 'id': 2016728, 'weight': 1}","Salomon-Hirzel-Strasse 8, 8408 Winterthur"
782,success,Geocoding successful.,47.497886657714844,8.729008674621582,Technikumstrasse 36 <b>8400 Winterthur</b>,1150198_0,"{'attrs': {'detail': 'technikumstrasse 36 8400 winterthur 230 winterthur ch zh', 'featureId': '1150198_0', 'geom_quadindex': '030010211132332101001', 'geom_st_box2d': 'BOX(8.728996 47.49789,8.728996 47.49789)', 'label': 'Technikumstrasse 36 <b>8400 Winterthur</b>', 'lat': 47.497886657714844, 'links': [{'href': '/rest/services/ech/MapServer/ch.swisstopo.amtliches-gebaeudeadressverzeichnis/100820802', 'rel': 'related', 'title': 'ch.swisstopo.amtliches-gebaeudeadressverzeichnis'}, {'href': '/rest/services/ech/MapServer/ch.bfs.gebaeude_wohnungs_register/1150198_0', 'rel': 'related', 'title': 'ch.bfs.gebaeude_wohnungs_register'}], 'lon': 8.729008674621582, 'num': 36, 'objectclass': '', 'origin': 'address', 'rank': 7, 'x': 8.729008674621582, 'y': 47.497886657714844, 'zoomlevel': 10}, 'id': 2215708, 'weight': 1}","Technikumstrasse 36, 8400 Winterthur"
783,success,Geocoding successful.,47.49795913696289,8.729982376098633,Technikumstrasse 20 <b>8400 Winterthur</b>,1150192_0,"{'attrs': {'detail': 'technikumstrasse 20 8400 winterthur 230 winterthur ch zh', 'featureId': '1150192_0', 'geom_quadindex': '030010211133221203201', 'geom_st_box2d': 'BOX(8.72997 47.497961,8.72997 47.497961)', 'label': 'Technikumstrasse 20 <b>8400 Winterthur</b>', 'lat': 47.49795913696289, 'links': [{'href': '/rest/services/ech/MapServer/ch.swisstopo.amtliches-gebaeudeadressverzeichnis/100820796', 'rel': 'related', 'title': 'ch.swisstopo.amtliches-gebaeudeadressverzeichnis'}, {'href': '/rest/services/ech/MapServer/ch.bfs.gebaeude_wohnungs_register/1150192_0', 'rel': 'related', 'title': 'ch.bfs.gebaeude_wohnungs_register'}], 'lon': 8.729982376098633, 'num': 20, 'objectclass': '', 'origin': 'address', 'rank': 7, 'x': 8.729982376098633, 'y': 47.49795913696289, 'zoomlevel': 10}, 'id': 2043094, 'weight': 1}","Technikumstrasse 20, 8400 Winterthur"
784,success,Geocoding successful.,47.49632263183594,8.73466682434082,Obermühlestrasse 2 <b>8400 Winterthur</b>,1150363_0,"{'attrs': {'detail': 'obermuehlestrasse 2 8400 winterthur 230 winterthur ch zh', 'featureId': '1150363_0', 'geom_quadindex': '030010300200301212211', 'geom_st_box2d': 'BOX(8.734654 47.496326,8.734654 47.496326)', 'label': 'Obermühlestrasse 2 <b>8400 Winterthur</b>', 'lat': 47.49632263183594, 'links': [{'href': '/rest/services/ech/MapServer/ch.swisstopo.amtliches-gebaeudeadressverzeichnis/100819881', 'rel': 'related', 'title': 'ch.swisstopo.amtliches-gebaeudeadressverzeichnis'}, {'href': '/rest/services/ech/MapServer/ch.bfs.gebaeude_wohnungs_register/1150363_0', 'rel': 'related', 'title': 'ch.bfs.gebaeude_wohnungs_register'}], 'lon': 8.73466682434082, 'num': 2, 'objectclass': '', 'origin': 'address', 'rank': 7, 'x': 8.73466682434082, 'y': 47.49632263183594, 'zoomlevel': 10}, 'id': 2153521, 'weight': 1}","Obermühlestrasse 2, 8400 Winterthur"
785,success,Geocoding successful.,47.46988296508789,8.774178504943848,Weierstrasse 43 <b>8405 Winterthur</b>,1156866_0,"{'attrs': {'detail': 'weierstrasse 43 8405 winterthur 230 winterthur ch zh', 'featureId': '1156866_0', 'geom_quadindex': '030010321101322120311', 'geom_st_box2d': 'BOX(8.774167 47.469885,8.774167 47.469885)', 'label': 'Weierstrasse 43 <b>8405 Winterthur</b>', 'lat': 47.46988296508789, 'links': [{'href': '/rest/services/ech/MapServer/ch.swisstopo.amtliches-gebaeudeadressverzeichnis/100824145', 'rel': 'related', 'title': 'ch.swisstopo.amtliches-gebaeudeadressverzeichnis'}, {'href': '/rest/services/ech/MapServer/ch.bfs.gebaeude_wohnungs_register/1156866_0', 'rel': 'related', 'title': 'ch.bfs.gebaeude_wohnungs_register'}], 'lon': 8.774178504943848, 'num': 43, 'objectclass': '', 'origin': 'address', 'rank': 7, 'x': 8.774178504943848, 'y': 47.46988296508789, 'zoomlevel': 10}, 'id': 1980579, 'weight': 1}","Weierstrasse 43, 8405 Winterthur"
786,success,Geocoding successful.,47.49283981323242,8.705717086791992,Emil-Klöti-Strasse 11 <b>8406 Winterthur</b>,1157177_0,"{'attrs': {'detail': 'emil-kloeti-strasse 11 8406 winterthur 230 winterthur ch zh', 'featureId': '1157177_0', 'geom_quadindex': '030010210331033002013', 'geom_st_box2d': 'BOX(8.705704 47.49284,8.705704 47.49284)', 'label': 'Emil-Klöti-Strasse 11 <b>8406 Winterthur</b>', 'lat': 47.49283981323242, 'links': [{'href': '/rest/services/ech/MapServer/ch.swisstopo.amtliches-gebaeudeadressverzeichnis/100825465', 'rel': 'related', 'title': 'ch.swisstopo.amtliches-gebaeudeadressverzeichnis'}, {'href': '/rest/services/ech/MapServer/ch.bfs.gebaeude_wohnungs_register/1157177_0', 'rel': 'related', 'title': 'ch.bfs.gebaeude_wohnungs_register'}], 'lon': 8.705717086791992, 'num': 11, 'objectclass': '', 'origin': 'address', 'rank': 7, 'x': 8.705717086791992, 'y': 47.49283981323242, 'zoomlevel': 10}, 'id': 2053727, 'weight': 1}","Emil-Klöti-Strasse 11, 8406 Winterthur"
787,success,Geocoding successful.,47.498722076416016,8.72937297821045,Obere Kirchgasse 6 <b>8400 Winterthur</b>,210150014_0,"{'attrs': {'detail': 'obere kirchgasse 6 8400 winterthur 230 winterthur ch zh', 'featureId': '210150014_0', 'geom_quadindex': '030010211132133320210', 'geom_st_box2d': 'BOX(8.729361 47.498725,8.729361 47.498725)', 'label': 'Obere Kirchgasse 6 <b>8400 Winterthur</b>', 'lat': 47.498722076416016, 'links': [{'href': '/rest/services/ech/MapServer/ch.swisstopo.amtliches-gebaeudeadressverzeichnis/101531855', 'rel': 'related', 'title': 'ch.swisstopo.amtliches-gebaeudeadressverzeichnis'}, {'href': '/rest/services/ech/MapServer/ch.bfs.gebaeude_wohnungs_register/210150014_0', 'rel': 'related', 'title': 'ch.bfs.gebaeude_wohnungs_register'}], 'lon': 8.72937297821045, 'num': 6, 'objectclass': '', 'origin': 'address', 'rank': 7, 'x': 8.72937297821045, 'y': 47.498722076416016, 'zoomlevel': 10}, 'id': 2758975, 'weight': 1}","Obere Kirchgasse 6, 8400 Winterthur"
788,success,Geocoding successful.,47.48260498046875,8.76122760772705,Rössligasse 6 <b>8405 Winterthur</b>,1155990_0,"{'attrs': {'detail': 'roessligasse 6 8405 winterthur 230 winterthur ch zh', 'featureId': '1155990_0', 'geom_quadindex': '030010303021232211332', 'geom_st_box2d': 'BOX(8.761216 47.482608,8.761216 47.482608)', 'label': 'Rössligasse 6 <b>8405 Winterthur</b>', 'lat': 47.48260498046875, 'links': [{'href': '/rest/services/ech/MapServer/ch.swisstopo.amtliches-gebaeudeadressverzeichnis/100803861', 'rel': 'related', 'title': 'ch.swisstopo.amtliches-gebaeudeadressverzeichnis'}, {'href': '/rest/services/ech/MapServer/ch.bfs.gebaeude_wohnungs_register/1155990_0', 'rel': 'related', 'title': 'ch.bfs.gebaeude_wohnungs_register'}], 'lon': 8.76122760772705, 'num': 6, 'objectclass': '', 'origin': 'address', 'rank': 7, 'x': 8.76122760772705, 'y': 47.48260498046875, 'zoomlevel': 10}, 'id': 2777504, 'weight': 1}","Rössligasse 6, 8405 Winterthur"
789,success,Geocoding successful.,47.48295974731445,8.762896537780762,Sägeweg 3 <b>8405 Winterthur</b>,1155718_0,"{'attrs': {'detail': 'saegeweg 3 8405 winterthur 230 winterthur ch zh', 'featureId': '1155718_0', 'geom_quadindex': '030010303021330103311', 'geom_st_box2d': 'BOX(8.762884 47.482963,8.762884 47.482963)', 'label': 'Sägeweg 3 <b>8405 Winterthur</b>', 'lat': 47.48295974731445, 'links': [{'href': '/rest/services/ech/MapServer/ch.swisstopo.amtliches-gebaeudeadressverzeichnis/100827217', 'rel': 'related', 'title': 'ch.swisstopo.amtliches-gebaeudeadressverzeichnis'}, {'href': '/rest/services/ech/MapServer/ch.bfs.gebaeude_wohnungs_register/1155718_0', 'rel': 'related', 'title': 'ch.bfs.gebaeude_wohnungs_register'}], 'lon': 8.762896537780762, 'num': 3, 'objectclass': '', 'origin': 'address', 'rank': 7, 'x': 8.762896537780762, 'y': 47.48295974731445, 'zoomlevel': 10}, 'id': 1900720, 'weight': 1}","Sägeweg 3, 8405 Winterthur"
790,success,Geocoding successful.,47.50929641723633,8.722734451293945,Schaffhauserstrasse 69 <b>8400 Winterthur</b>,1158496_0,"{'attrs': {'detail': 'schaffhauserstrasse 69 8400 winterthur 230 winterthur ch zh', 'featureId': '1158496_0', 'geom_quadindex': '030010033320123332231', 'geom_st_box2d': 'BOX(8.722721 47.5093,8.722721 47.5093)', 'label': 'Schaffhauserstrasse 69 <b>8400 Winterthur</b>', 'lat': 47.50929641723633, 'links': [{'href': '/rest/services/ech/MapServer/ch.swisstopo.amtliches-gebaeudeadressverzeichnis/100804342', 'rel': 'related', 'title': 'ch.swisstopo.amtliches-gebaeudeadressverzeichnis'}, {'href': '/rest/services/ech/MapServer/ch.bfs.gebaeude_wohnungs_register/1158496_0', 'rel': 'related', 'title': 'ch.bfs.gebaeude_wohnungs_register'}], 'lon': 8.722734451293945, 'num': 69, 'objectclass': '', 'origin': 'address', 'rank': 7, 'x': 8.722734451293945, 'y': 47.50929641723633, 'zoomlevel': 10}, 'id': 2475254, 'weight': 1}","Schaffhauserstrasse 69, 8400 Winterthur"
791,success,Geocoding successful.,47.49796676635742,8.730098724365234,Technikumstrasse 18 <b>8400 Winterthur</b>,2323376_1,"{'attrs': {'detail': 'technikumstrasse 18 8400 winterthur 230 winterthur ch zh', 'featureId': '2323376_1', 'geom_quadindex': '030010211133221213120', 'geom_st_box2d': 'BOX(8.730087 47.497968,8.730087 47.497968)', 'label': 'Technikumstrasse 18 <b>8400 Winterthur</b>', 'lat': 47.49796676635742, 'links': [{'href': '/rest/services/ech/MapServer/ch.swisstopo.amtliches-gebaeudeadressverzeichnis/101497073', 'rel': 'related', 'title': 'ch.swisstopo.amtliches-gebaeudeadressverzeichnis'}, {'href': '/rest/services/ech/MapServer/ch.bfs.gebaeude_wohnungs_register/2323376_1', 'rel': 'related', 'title': 'ch.bfs.gebaeude_wohnungs_register'}], 'lon': 8.730098724365234, 'num': 18, 'objectclass': '', 'origin': 'address', 'rank': 7, 'x': 8.730098724365234, 'y': 47.49796676635742, 'zoomlevel': 10}, 'id': 2198099, 'weight': 1}","Technikumstrasse 18, 8400 Winterthur"
792,success,Geocoding successful.,47.49799728393555,8.730213165283203,Technikumstrasse 16 <b>8400 Winterthur</b>,2323376_0,"{'attrs': {'detail': 'technikumstrasse 16 8400 winterthur 230 winterthur ch zh', 'featureId': '2323376_0', 'geom_quadindex': '030010211133221301131', 'geom_st_box2d': 'BOX(8.730201 47.497998,8.730201 47.497998)', 'label': 'Technikumstrasse 16 <b>8400 Winterthur</b>', 'lat': 47.49799728393555, 'links': [{'href': '/rest/services/ech/MapServer/ch.swisstopo.amtliches-gebaeudeadressverzeichnis/101161570', 'rel': 'related', 'title': 'ch.swisstopo.amtliches-gebaeudeadressverzeichnis'}, {'href': '/rest/services/ech/MapServer/ch.bfs.gebaeude_wohnungs_register/2323376_0', 'rel': 'related', 'title': 'ch.bfs.gebaeude_wohnungs_register'}], 'lon': 8.730213165283203, 'num': 16, 'objectclass': '', 'origin': 'address', 'rank': 7, 'x': 8.730213165283203, 'y': 47.49799728393555, 'zoomlevel': 10}, 'id': 2053024, 'weight': 1}","Technikumstrasse 16, 8400 Winterthur"
793,success,Geocoding successful.,47.50094985961914,8.72745132446289,Museumstrasse 71 <b>8400 Winterthur</b>,201031167_0,"{'attrs': {'detail': 'museumstrasse 71 8400 winterthur 230 winterthur ch zh', 'featureId': '201031167_0', 'geom_quadindex': '030010211130032033302', 'geom_st_box2d': 'BOX(8.727438 47.50095,8.727438 47.50095)', 'label': 'Museumstrasse 71 <b>8400 Winterthur</b>', 'lat': 47.50094985961914, 'links': [{'href': '/rest/services/ech/MapServer/ch.swisstopo.amtliches-gebaeudeadressverzeichnis/101684792', 'rel': 'related', 'title': 'ch.swisstopo.amtliches-gebaeudeadressverzeichnis'}, {'href': '/rest/services/ech/MapServer/ch.bfs.gebaeude_wohnungs_register/201031167_0', 'rel': 'related', 'title': 'ch.bfs.gebaeude_wohnungs_register'}], 'lon': 8.72745132446289, 'num': 71, 'objectclass': '', 'origin': 'address', 'rank': 7, 'x': 8.72745132446289, 'y': 47.50094985961914, 'zoomlevel': 10}, 'id': 2348746, 'weight': 1}","Museumstrasse 71, 8400 Winterthur"
794,success,Geocoding successful.,47.51120376586914,8.697456359863281,Oberdorfstrasse 11 <b>8408 Winterthur</b>,1161063_0,"{'attrs': {'detail': 'oberdorfstrasse 11 8408 winterthur 230 winterthur ch zh', 'featureId': '1161063_0', 'geom_quadindex': '030010032302302321120', 'geom_st_box2d': 'BOX(8.697443 47.511205,8.697443 47.511205)', 'label': 'Oberdorfstrasse 11 <b>8408 Winterthur</b>', 'lat': 47.51120376586914, 'links': [{'href': '/rest/services/ech/MapServer/ch.swisstopo.amtliches-gebaeudeadressverzeichnis/100808668', 'rel': 'related', 'title': 'ch.swisstopo.amtliches-gebaeudeadressverzeichnis'}, {'href': '/rest/services/ech/MapServer/ch.bfs.gebaeude_wohnungs_register/1161063_0', 'rel': 'related', 'title': 'ch.bfs.gebaeude_wohnungs_register'}], 'lon': 8.697456359863281, 'num': 11, 'objectclass': '', 'origin': 'address', 'rank': 7, 'x': 8.697456359863281, 'y': 47.51120376586914, 'zoomlevel': 10}, 'id': 2619274, 'weight': 1}","Oberdorfstrasse 11, 8408 Winterthur"
795,success,Geocoding successful.,47.49882507324219,8.73025131225586,Obergasse 13 <b>8400 Winterthur</b>,2323375_0,"{'attrs': {'detail': 'obergasse 13 8400 winterthur 230 winterthur ch zh', 'featureId': '2323375_0', 'geom_quadindex': '030010211133023132010', 'geom_st_box2d': 'BOX(8.730239 47.498829,8.730239 47.498829)', 'label': 'Obergasse 13 <b>8400 Winterthur</b>', 'lat': 47.49882507324219, 'links': [{'href': '/rest/services/ech/MapServer/ch.swisstopo.amtliches-gebaeudeadressverzeichnis/101161569', 'rel': 'related', 'title': 'ch.swisstopo.amtliches-gebaeudeadressverzeichnis'}, {'href': '/rest/services/ech/MapServer/ch.bfs.gebaeude_wohnungs_register/2323375_0', 'rel': 'related', 'title': 'ch.bfs.gebaeude_wohnungs_register'}], 'lon': 8.73025131225586, 'num': 13, 'objectclass': '', 'origin': 'address', 'rank': 7, 'x': 8.73025131225586, 'y': 47.49882507324219, 'zoomlevel': 10}, 'id': 2047506, 'weight': 1}","Obergasse 13, 8400 Winterthur"
796,success,Geocoding successful.,47.49983596801758,8.72994327545166,Marktgasse 20 <b>8400 Winterthur</b>,201010046_0,"{'attrs': {'detail': 'marktgasse 20 8400 winterthur 230 winterthur ch zh', 'featureId': '201010046_0', 'geom_quadindex': '030010211131222311211', 'geom_st_box2d': 'BOX(8.729931 47.499838,8.729931 47.499838)', 'label': 'Marktgasse 20 <b>8400 Winterthur</b>', 'lat': 47.49983596801758, 'links': [{'href': '/rest/services/ech/MapServer/ch.swisstopo.amtliches-gebaeudeadressverzeichnis/101500005', 'rel': 'related', 'title': 'ch.swisstopo.amtliches-gebaeudeadressverzeichnis'}, {'href': '/rest/services/ech/MapServer/ch.bfs.gebaeude_wohnungs_register/201010046_0', 'rel': 'related', 'title': 'ch.bfs.gebaeude_wohnungs_register'}], 'lon': 8.72994327545166, 'num': 20, 'objectclass': '', 'origin': 'address', 'rank': 7, 'x': 8.72994327545166, 'y': 47.49983596801758, 'zoomlevel': 10}, 'id': 2830098, 'weight': 1}","Marktgasse 20, 8400 Winterthur"
797,success,Geocoding successful.,47.500240325927734,8.72984790802002,Stadthausstrasse 57 <b>8400 Winterthur</b>,201010046_1,"{'attrs': {'detail': 'stadthausstrasse 57 8400 winterthur 230 winterthur ch zh', 'featureId': '201010046_1', 'geom_quadindex': '030010211131220101030', 'geom_st_box2d': 'BOX(8.729835 47.500241,8.729835 47.500241)', 'label': 'Stadthausstrasse 57 <b>8400 Winterthur</b>', 'lat': 47.500240325927734, 'links': [{'href': '/rest/services/ech/MapServer/ch.swisstopo.amtliches-gebaeudeadressverzeichnis/101493779', 'rel': 'related', 'title': 'ch.swisstopo.amtliches-gebaeudeadressverzeichnis'}, {'href': '/rest/services/ech/MapServer/ch.bfs.gebaeude_wohnungs_register/201010046_1', 'rel': 'related', 'title': 'ch.bfs.gebaeude_wohnungs_register'}], 'lon': 8.72984790802002, 'num': 57, 'objectclass': '', 'origin': 'address', 'rank': 7, 'x': 8.72984790802002, 'y': 47.500240325927734, 'zoomlevel': 10}, 'id': 2408489, 'weight': 1}","Stadthausstrasse 57, 8400 Winterthur"
798,success,Geocoding successful.,47.49931335449219,8.725632667541504,Untertor 14 <b>8400 Winterthur</b>,1150038_0,"{'attrs': {'detail': 'untertor 14 8400 winterthur 230 winterthur ch zh', 'featureId': '1150038_0', 'geom_quadindex': '030010211123103313222', 'geom_st_box2d': 'BOX(8.72562 47.499314,8.72562 47.499314)', 'label': 'Untertor 14 <b>8400 Winterthur</b>', 'lat': 47.49931335449219, 'links': [{'href': '/rest/services/ech/MapServer/ch.swisstopo.amtliches-gebaeudeadressverzeichnis/100780190', 'rel': 'related', 'title': 'ch.swisstopo.amtliches-gebaeudeadressverzeichnis'}, {'href': '/rest/services/ech/MapServer/ch.bfs.gebaeude_wohnungs_register/1150038_0', 'rel': 'related', 'title': 'ch.bfs.gebaeude_wohnungs_register'}], 'lon': 8.725632667541504, 'num': 14, 'objectclass': '', 'origin': 'address', 'rank': 7, 'x': 8.725632667541504, 'y': 47.49931335449219, 'zoomlevel': 10}, 'id': 2044876, 'weight': 1}","Untertor 14, 8400 Winterthur"
799,success,Geocoding successful.,47.499393463134766,8.729421615600586,Obere Kirchgasse 16 <b>8400 Winterthur</b>,1150337_0,"{'attrs': {'detail': 'obere kirchgasse 16 8400 winterthur 230 winterthur ch zh', 'featureId': '1150337_0', 'geom_quadindex': '030010211132113120113', 'geom_st_box2d': 'BOX(8.729409 47.499394,8.729409 47.499394)', 'label': 'Obere Kirchgasse 16 <b>8400 Winterthur</b>', 'lat': 47.499393463134766, 'links': [{'href': '/rest/services/ech/MapServer/ch.swisstopo.amtliches-gebaeudeadressverzeichnis/100821225', 'rel': 'related', 'title': 'ch.swisstopo.amtliches-gebaeudeadressverzeichnis'}, {'href': '/rest/services/ech/MapServer/ch.bfs.gebaeude_wohnungs_register/1150337_0', 'rel': 'related', 'title': 'ch.bfs.gebaeude_wohnungs_register'}], 'lon': 8.729421615600586, 'num': 16, 'objectclass': '', 'origin': 'address', 'rank': 7, 'x': 8.729421615600586, 'y': 47.499393463134766, 'zoomlevel': 10}, 'id': 2051120, 'weight': 1}","Obere Kirchgasse 16, 8400 Winterthur"
800,success,Geocoding successful.,47.498600006103516,8.730226516723633,Obergasse 7 <b>8400 Winterthur</b>,201010041_1,"{'attrs': {'detail': 'obergasse 7 8400 winterthur 230 winterthur ch zh', 'featureId': '201010041_1', 'geom_quadindex': '030010211133201121111', 'geom_st_box2d': 'BOX(8.730214 47.498602,8.730214 47.498602)', 'label': 'Obergasse 7 <b>8400 Winterthur</b>', 'lat': 47.498600006103516, 'links': [{'href': '/rest/services/ech/MapServer/ch.swisstopo.amtliches-gebaeudeadressverzeichnis/101493844', 'rel': 'related', 'title': 'ch.swisstopo.amtliches-gebaeudeadressverzeichnis'}, {'href': '/rest/services/ech/MapServer/ch.bfs.gebaeude_wohnungs_register/201010041_1', 'rel': 'related', 'title': 'ch.bfs.gebaeude_wohnungs_register'}], 'lon': 8.730226516723633, 'num': 7, 'objectclass': '', 'origin': 'address', 'rank': 7, 'x': 8.730226516723633, 'y': 47.498600006103516, 'zoomlevel': 10}, 'id': 2342173, 'weight': 1}","Obergasse 7, 8400 Winterthur"
801,success,Geocoding successful.,47.498687744140625,8.730237007141113,Obergasse 11 <b>8400 Winterthur</b>,2323374_0,"{'attrs': {'detail': 'obergasse 11 8400 winterthur 230 winterthur ch zh', 'featureId': '2323374_0', 'geom_quadindex': '030010211133023332020', 'geom_st_box2d': 'BOX(8.730224 47.49869,8.730224 47.49869)', 'label': 'Obergasse 11 <b>8400 Winterthur</b>', 'lat': 47.498687744140625, 'links': [{'href': '/rest/services/ech/MapServer/ch.swisstopo.amtliches-gebaeudeadressverzeichnis/101161568', 'rel': 'related', 'title': 'ch.swisstopo.amtliches-gebaeudeadressverzeichnis'}, {'href': '/rest/services/ech/MapServer/ch.bfs.gebaeude_wohnungs_register/2323374_0', 'rel': 'related', 'title': 'ch.bfs.gebaeude_wohnungs_register'}], 'lon': 8.730237007141113, 'num': 11, 'objectclass': '', 'origin': 'address', 'rank': 7, 'x': 8.730237007141113, 'y': 47.498687744140625, 'zoomlevel': 10}, 'id': 2323535, 'weight': 1}","Obergasse 11, 8400 Winterthur"
802,success,Geocoding successful.,47.498653411865234,8.730233192443848,Obergasse 9 <b>8400 Winterthur</b>,201010041_0,"{'attrs': {'detail': 'obergasse 9 8400 winterthur 230 winterthur ch zh', 'featureId': '201010041_0', 'geom_quadindex': '030010211133201101131', 'geom_st_box2d': 'BOX(8.730221 47.498656,8.730221 47.498656)', 'label': 'Obergasse 9 <b>8400 Winterthur</b>', 'lat': 47.498653411865234, 'links': [{'href': '/rest/services/ech/MapServer/ch.swisstopo.amtliches-gebaeudeadressverzeichnis/101501585', 'rel': 'related', 'title': 'ch.swisstopo.amtliches-gebaeudeadressverzeichnis'}, {'href': '/rest/services/ech/MapServer/ch.bfs.gebaeude_wohnungs_register/201010041_0', 'rel': 'related', 'title': 'ch.bfs.gebaeude_wohnungs_register'}], 'lon': 8.730233192443848, 'num': 9, 'objectclass': '', 'origin': 'address', 'rank': 7, 'x': 8.730233192443848, 'y': 47.498653411865234, 'zoomlevel': 10}, 'id': 2676001, 'weight': 1}","Obergasse 9, 8400 Winterthur"
803,success,Geocoding successful.,47.500396728515625,8.731481552124023,Stadthausstrasse 37 <b>8400 Winterthur</b>,1150085_0,"{'attrs': {'detail': 'stadthausstrasse 37 8400 winterthur 230 winterthur ch zh', 'featureId': '1150085_0', 'geom_quadindex': '030010211131302130332', 'geom_st_box2d': 'BOX(8.731469 47.5004,8.731469 47.5004)', 'label': 'Stadthausstrasse 37 <b>8400 Winterthur</b>', 'lat': 47.500396728515625, 'links': [{'href': '/rest/services/ech/MapServer/ch.swisstopo.amtliches-gebaeudeadressverzeichnis/100820401', 'rel': 'related', 'title': 'ch.swisstopo.amtliches-gebaeudeadressverzeichnis'}, {'href': '/rest/services/ech/MapServer/ch.bfs.gebaeude_wohnungs_register/1150085_0', 'rel': 'related', 'title': 'ch.bfs.gebaeude_wohnungs_register'}], 'lon': 8.731481552124023, 'num': 37, 'objectclass': '', 'origin': 'address', 'rank': 7, 'x': 8.731481552124023, 'y': 47.500396728515625, 'zoomlevel': 10}, 'id': 2828976, 'weight': 1}","Stadthausstrasse 37, 8400 Winterthur"
804,success,Geocoding successful.,47.51121139526367,8.699321746826172,Wülflingerstrasse 214 <b>8408 Winterthur</b>,1160060_0,"{'attrs': {'detail': 'wuelflingerstrasse 214 8408 winterthur 230 winterthur ch zh', 'featureId': '1160060_0', 'geom_quadindex': '030010032303203213311', 'geom_st_box2d': 'BOX(8.699308 47.511212,8.699308 47.511212)', 'label': 'Wülflingerstrasse 214 <b>8408 Winterthur</b>', 'lat': 47.51121139526367, 'links': [{'href': '/rest/services/ech/MapServer/ch.swisstopo.amtliches-gebaeudeadressverzeichnis/100804612', 'rel': 'related', 'title': 'ch.swisstopo.amtliches-gebaeudeadressverzeichnis'}, {'href': '/rest/services/ech/MapServer/ch.bfs.gebaeude_wohnungs_register/1160060_0', 'rel': 'related', 'title': 'ch.bfs.gebaeude_wohnungs_register'}], 'lon': 8.699321746826172, 'num': 214, 'objectclass': '', 'origin': 'address', 'rank': 7, 'x': 8.699321746826172, 'y': 47.51121139526367, 'zoomlevel': 10}, 'id': 2867673, 'weight': 1}","Wülflingerstrasse 214, 8408 Winterthur"
805,success,Geocoding successful.,47.496917724609375,8.72724437713623,Turmhaldenstrasse 9 <b>8400 Winterthur</b>,1151790_0,"{'attrs': {'detail': 'turmhaldenstrasse 9 8400 winterthur 230 winterthur ch zh', 'featureId': '1151790_0', 'geom_quadindex': '030010211310030221010', 'geom_st_box2d': 'BOX(8.727232 47.496919,8.727232 47.496919)', 'label': 'Turmhaldenstrasse 9 <b>8400 Winterthur</b>', 'lat': 47.496917724609375, 'links': [{'href': '/rest/services/ech/MapServer/ch.swisstopo.amtliches-gebaeudeadressverzeichnis/100819869', 'rel': 'related', 'title': 'ch.swisstopo.amtliches-gebaeudeadressverzeichnis'}, {'href': '/rest/services/ech/MapServer/ch.bfs.gebaeude_wohnungs_register/1151790_0', 'rel': 'related', 'title': 'ch.bfs.gebaeude_wohnungs_register'}], 'lon': 8.72724437713623, 'num': 9, 'objectclass': '', 'origin': 'address', 'rank': 7, 'x': 8.72724437713623, 'y': 47.496917724609375, 'zoomlevel': 10}, 'id': 2058394, 'weight': 1}","Turmhaldenstrasse 9, 8400 Winterthur"
806,success,Geocoding successful.,47.496864318847656,8.7274808883667,Turmhaldenstrasse 9b <b>8400 Winterthur</b>,1151790_2,"{'attrs': {'detail': 'turmhaldenstrasse 9b 8400 winterthur 230 winterthur ch zh', 'featureId': '1151790_2', 'geom_quadindex': '030010211310030332210', 'geom_st_box2d': 'BOX(8.727468 47.496866,8.727468 47.496866)', 'label': 'Turmhaldenstrasse 9b <b>8400 Winterthur</b>', 'lat': 47.496864318847656, 'links': [{'href': '/rest/services/ech/MapServer/ch.swisstopo.amtliches-gebaeudeadressverzeichnis/102369254', 'rel': 'related', 'title': 'ch.swisstopo.amtliches-gebaeudeadressverzeichnis'}, {'href': '/rest/services/ech/MapServer/ch.bfs.gebaeude_wohnungs_register/1151790_2', 'rel': 'related', 'title': 'ch.bfs.gebaeude_wohnungs_register'}], 'lon': 8.7274808883667, 'num': 9, 'objectclass': '', 'origin': 'address', 'rank': 7, 'x': 8.7274808883667, 'y': 47.496864318847656, 'zoomlevel': 10}, 'id': 2027342, 'weight': 1}","Turmhaldenstrasse 9b, 8400 Winterthur"
807,success,Geocoding successful.,47.496822357177734,8.727433204650879,Turmhaldenstrasse 9a <b>8400 Winterthur</b>,1151790_1,"{'attrs': {'detail': 'turmhaldenstrasse 9a 8400 winterthur 230 winterthur ch zh', 'featureId': '1151790_1', 'geom_quadindex': '030010211310032101232', 'geom_st_box2d': 'BOX(8.727421 47.496824,8.727421 47.496824)', 'label': 'Turmhaldenstrasse 9a <b>8400 Winterthur</b>', 'lat': 47.496822357177734, 'links': [{'href': '/rest/services/ech/MapServer/ch.swisstopo.amtliches-gebaeudeadressverzeichnis/102369251', 'rel': 'related', 'title': 'ch.swisstopo.amtliches-gebaeudeadressverzeichnis'}, {'href': '/rest/services/ech/MapServer/ch.bfs.gebaeude_wohnungs_register/1151790_1', 'rel': 'related', 'title': 'ch.bfs.gebaeude_wohnungs_register'}], 'lon': 8.727433204650879, 'num': 9, 'objectclass': '', 'origin': 'address', 'rank': 7, 'x': 8.727433204650879, 'y': 47.496822357177734, 'zoomlevel': 10}, 'id': 2675975, 'weight': 1}","Turmhaldenstrasse 9a, 8400 Winterthur"
808,success,Geocoding successful.,47.49825668334961,8.729667663574219,Steinberggasse 13 <b>8400 Winterthur</b>,2323782_0,"{'attrs': {'detail': 'steinberggasse 13 8400 winterthur 230 winterthur ch zh', 'featureId': '2323782_0', 'geom_quadindex': '030010211133202210300', 'geom_st_box2d': 'BOX(8.729655 47.498258,8.729655 47.498258)', 'label': 'Steinberggasse 13 <b>8400 Winterthur</b>', 'lat': 47.49825668334961, 'links': [{'href': '/rest/services/ech/MapServer/ch.swisstopo.amtliches-gebaeudeadressverzeichnis/101015459', 'rel': 'related', 'title': 'ch.swisstopo.amtliches-gebaeudeadressverzeichnis'}, {'href': '/rest/services/ech/MapServer/ch.bfs.gebaeude_wohnungs_register/2323782_0', 'rel': 'related', 'title': 'ch.bfs.gebaeude_wohnungs_register'}], 'lon': 8.729667663574219, 'num': 13, 'objectclass': '', 'origin': 'address', 'rank': 7, 'x': 8.729667663574219, 'y': 47.49825668334961, 'zoomlevel': 10}, 'id': 2531896, 'weight': 1}","Steinberggasse 13, 8400 Winterthur"
809,success,Geocoding successful.,47.49795150756836,8.72963809967041,Technikumstrasse 22 <b>8400 Winterthur</b>,2323787_0,"{'attrs': {'detail': 'technikumstrasse 22 8400 winterthur 230 winterthur ch zh', 'featureId': '2323787_0', 'geom_quadindex': '030010211133220212222', 'geom_st_box2d': 'BOX(8.729626 47.497953,8.729626 47.497953)', 'label': 'Technikumstrasse 22 <b>8400 Winterthur</b>', 'lat': 47.49795150756836, 'links': [{'href': '/rest/services/ech/MapServer/ch.swisstopo.amtliches-gebaeudeadressverzeichnis/101015464', 'rel': 'related', 'title': 'ch.swisstopo.amtliches-gebaeudeadressverzeichnis'}, {'href': '/rest/services/ech/MapServer/ch.bfs.gebaeude_wohnungs_register/2323787_0', 'rel': 'related', 'title': 'ch.bfs.gebaeude_wohnungs_register'}], 'lon': 8.72963809967041, 'num': 22, 'objectclass': '', 'origin': 'address', 'rank': 7, 'x': 8.72963809967041, 'y': 47.49795150756836, 'zoomlevel': 10}, 'id': 2895355, 'weight': 1}","Technikumstrasse 22, 8400 Winterthur"
810,success,Geocoding successful.,47.4998664855957,8.730260848999023,Marktgasse 12 <b>8400 Winterthur</b>,2323367_0,"{'attrs': {'detail': 'marktgasse 12 8400 winterthur 230 winterthur ch zh', 'featureId': '2323367_0', 'geom_quadindex': '030010211131223123311', 'geom_st_box2d': 'BOX(8.730248 47.499867,8.730248 47.499867)', 'label': 'Marktgasse 12 <b>8400 Winterthur</b>', 'lat': 47.4998664855957, 'links': [{'href': '/rest/services/ech/MapServer/ch.swisstopo.amtliches-gebaeudeadressverzeichnis/101012531', 'rel': 'related', 'title': 'ch.swisstopo.amtliches-gebaeudeadressverzeichnis'}, {'href': '/rest/services/ech/MapServer/ch.bfs.gebaeude_wohnungs_register/2323367_0', 'rel': 'related', 'title': 'ch.bfs.gebaeude_wohnungs_register'}], 'lon': 8.730260848999023, 'num': 12, 'objectclass': '', 'origin': 'address', 'rank': 7, 'x': 8.730260848999023, 'y': 47.4998664855957, 'zoomlevel': 10}, 'id': 2702388, 'weight': 1}","Marktgasse 12, 8400 Winterthur"
811,success,Geocoding successful.,47.499629974365234,8.728989601135254,Marktgasse 25 <b>8400 Winterthur</b>,9006760_0,"{'attrs': {'detail': 'marktgasse 25 8400 winterthur 230 winterthur ch zh', 'featureId': '9006760_0', 'geom_quadindex': '030010211132110033111', 'geom_st_box2d': 'BOX(8.728977 47.499634,8.728977 47.499634)', 'label': 'Marktgasse 25 <b>8400 Winterthur</b>', 'lat': 47.499629974365234, 'links': [{'href': '/rest/services/ech/MapServer/ch.swisstopo.amtliches-gebaeudeadressverzeichnis/101208766', 'rel': 'related', 'title': 'ch.swisstopo.amtliches-gebaeudeadressverzeichnis'}, {'href': '/rest/services/ech/MapServer/ch.bfs.gebaeude_wohnungs_register/9006760_0', 'rel': 'related', 'title': 'ch.bfs.gebaeude_wohnungs_register'}], 'lon': 8.728989601135254, 'num': 25, 'objectclass': '', 'origin': 'address', 'rank': 7, 'x': 8.728989601135254, 'y': 47.499629974365234, 'zoomlevel': 10}, 'id': 2662762, 'weight': 1}","Marktgasse 25, 8400 Winterthur"
812,success,Geocoding successful.,47.506309509277344,8.756053924560547,Hohlandstrasse 11 <b>8404 Winterthur</b>,1153502_0,"{'attrs': {'detail': 'hohlandstrasse 11 8404 winterthur 230 winterthur ch zh', 'featureId': '1153502_0', 'geom_quadindex': '030010122333213323010', 'geom_st_box2d': 'BOX(8.756042 47.506313,8.756042 47.506313)', 'label': 'Hohlandstrasse 11 <b>8404 Winterthur</b>', 'lat': 47.506309509277344, 'links': [{'href': '/rest/services/ech/MapServer/ch.swisstopo.amtliches-gebaeudeadressverzeichnis/100828166', 'rel': 'related', 'title': 'ch.swisstopo.amtliches-gebaeudeadressverzeichnis'}, {'href': '/rest/services/ech/MapServer/ch.bfs.gebaeude_wohnungs_register/1153502_0', 'rel': 'related', 'title': 'ch.bfs.gebaeude_wohnungs_register'}], 'lon': 8.756053924560547, 'num': 11, 'objectclass': '', 'origin': 'address', 'rank': 7, 'x': 8.756053924560547, 'y': 47.506309509277344, 'zoomlevel': 10}, 'id': 1854422, 'weight': 1}","Hohlandstrasse 11, 8404 Winterthur"
813,success,Geocoding successful.,47.50823974609375,8.771308898925781,Hegifeldstrasse 125 <b>8409 Winterthur</b>,1154950_0,"{'attrs': {'detail': 'hegifeldstrasse 125 8409 winterthur 230 winterthur ch zh', 'featureId': '1154950_0', 'geom_quadindex': '030010123320212332002', 'geom_st_box2d': 'BOX(8.771297 47.508242,8.771297 47.508242)', 'label': 'Hegifeldstrasse 125 <b>8409 Winterthur</b>', 'lat': 47.50823974609375, 'links': [{'href': '/rest/services/ech/MapServer/ch.swisstopo.amtliches-gebaeudeadressverzeichnis/100824449', 'rel': 'related', 'title': 'ch.swisstopo.amtliches-gebaeudeadressverzeichnis'}, {'href': '/rest/services/ech/MapServer/ch.bfs.gebaeude_wohnungs_register/1154950_0', 'rel': 'related', 'title': 'ch.bfs.gebaeude_wohnungs_register'}], 'lon': 8.771308898925781, 'num': 125, 'objectclass': '', 'origin': 'address', 'rank': 7, 'x': 8.771308898925781, 'y': 47.50823974609375, 'zoomlevel': 10}, 'id': 2794174, 'weight': 1}","Hegifeldstrasse 125, 8409 Winterthur"
814,success,Geocoding successful.,47.53987503051758,8.768850326538086,Mörsburgstrasse 30 <b>8404 Stadel (Winterthur)</b>,1155359_0,"{'attrs': {'detail': 'moersburgstrasse 30 8404 stadel _winterthur_ 230 winterthur ch zh', 'featureId': '1155359_0', 'geom_quadindex': '030010103233212233203', 'geom_st_box2d': 'BOX(8.768838 47.539877,8.768838 47.539877)', 'label': 'Mörsburgstrasse 30 <b>8404 Stadel (Winterthur)</b>', 'lat': 47.53987503051758, 'links': [{'href': '/rest/services/ech/MapServer/ch.swisstopo.amtliches-gebaeudeadressverzeichnis/100825858', 'rel': 'related', 'title': 'ch.swisstopo.amtliches-gebaeudeadressverzeichnis'}, {'href': '/rest/services/ech/MapServer/ch.bfs.gebaeude_wohnungs_register/1155359_0', 'rel': 'related', 'title': 'ch.bfs.gebaeude_wohnungs_register'}], 'lon': 8.768850326538086, 'num': 30, 'objectclass': '', 'origin': 'address', 'rank': 7, 'x': 8.768850326538086, 'y': 47.53987503051758, 'zoomlevel': 10}, 'id': 2082063, 'weight': 1}","Mörsburgstrasse 30, 8404 Stadel"
815,success,Geocoding successful.,47.49248123168945,8.742429733276367,Depotplatz 8 <b>8400 Winterthur</b>,192060984_2,"{'attrs': {'detail': 'depotplatz 8 8400 winterthur 230 winterthur ch zh', 'featureId': '192060984_2', 'geom_quadindex': '030010300231021322200', 'geom_st_box2d': 'BOX(8.742418 47.492485,8.742418 47.492485)', 'label': 'Depotplatz 8 <b>8400 Winterthur</b>', 'lat': 47.49248123168945, 'links': [{'href': '/rest/services/ech/MapServer/ch.swisstopo.amtliches-gebaeudeadressverzeichnis/103570904', 'rel': 'related', 'title': 'ch.swisstopo.amtliches-gebaeudeadressverzeichnis'}, {'href': '/rest/services/ech/MapServer/ch.bfs.gebaeude_wohnungs_register/192060984_2', 'rel': 'related', 'title': 'ch.bfs.gebaeude_wohnungs_register'}], 'lon': 8.742429733276367, 'num': 8, 'objectclass': '', 'origin': 'address', 'rank': 7, 'x': 8.742429733276367, 'y': 47.49248123168945, 'zoomlevel': 10}, 'id': 1893108, 'weight': 1}","Depotplatz 8, 8400 Winterthur"
816,success,Geocoding successful.,47.49262619018555,8.742587089538574,Depotplatz 7 <b>8400 Winterthur</b>,192060984_1,"{'attrs': {'detail': 'depotplatz 7 8400 winterthur 230 winterthur ch zh', 'featureId': '192060984_1', 'geom_quadindex': '030010300231021133001', 'geom_st_box2d': 'BOX(8.742575 47.492629,8.742575 47.492629)', 'label': 'Depotplatz 7 <b>8400 Winterthur</b>', 'lat': 47.49262619018555, 'links': [{'href': '/rest/services/ech/MapServer/ch.swisstopo.amtliches-gebaeudeadressverzeichnis/103570903', 'rel': 'related', 'title': 'ch.swisstopo.amtliches-gebaeudeadressverzeichnis'}, {'href': '/rest/services/ech/MapServer/ch.bfs.gebaeude_wohnungs_register/192060984_1', 'rel': 'related', 'title': 'ch.bfs.gebaeude_wohnungs_register'}], 'lon': 8.742587089538574, 'num': 7, 'objectclass': '', 'origin': 'address', 'rank': 7, 'x': 8.742587089538574, 'y': 47.49262619018555, 'zoomlevel': 10}, 'id': 2553707, 'weight': 1}","Depotplatz 7, 8400 Winterthur"
817,success,Geocoding successful.,47.49257278442383,8.742417335510254,Depotplatz 6c <b>8400 Winterthur</b>,192060757_6,"{'attrs': {'detail': 'depotplatz 6c 8400 winterthur 230 winterthur ch zh', 'featureId': '192060757_6', 'geom_quadindex': '030010300231021211321', 'geom_st_box2d': 'BOX(8.742405 47.492576,8.742405 47.492576)', 'label': 'Depotplatz 6c <b>8400 Winterthur</b>', 'lat': 47.49257278442383, 'links': [{'href': '/rest/services/ech/MapServer/ch.swisstopo.amtliches-gebaeudeadressverzeichnis/103570206', 'rel': 'related', 'title': 'ch.swisstopo.amtliches-gebaeudeadressverzeichnis'}, {'href': '/rest/services/ech/MapServer/ch.bfs.gebaeude_wohnungs_register/192060757_6', 'rel': 'related', 'title': 'ch.bfs.gebaeude_wohnungs_register'}], 'lon': 8.742417335510254, 'num': 6, 'objectclass': '', 'origin': 'address', 'rank': 7, 'x': 8.742417335510254, 'y': 47.49257278442383, 'zoomlevel': 10}, 'id': 2623494, 'weight': 1}","Depotplatz 6c, 8400 Winterthur"
818,success,Geocoding successful.,47.49272537231445,8.741931915283203,Depotplatz 5 <b>8400 Winterthur</b>,192060757_5,"{'attrs': {'detail': 'depotplatz 5 8400 winterthur 230 winterthur ch zh', 'featureId': '192060757_5', 'geom_quadindex': '030010300231020001121', 'geom_st_box2d': 'BOX(8.74192 47.492728,8.74192 47.492728)', 'label': 'Depotplatz 5 <b>8400 Winterthur</b>', 'lat': 47.49272537231445, 'links': [{'href': '/rest/services/ech/MapServer/ch.swisstopo.amtliches-gebaeudeadressverzeichnis/103570205', 'rel': 'related', 'title': 'ch.swisstopo.amtliches-gebaeudeadressverzeichnis'}, {'href': '/rest/services/ech/MapServer/ch.bfs.gebaeude_wohnungs_register/192060757_5', 'rel': 'related', 'title': 'ch.bfs.gebaeude_wohnungs_register'}], 'lon': 8.741931915283203, 'num': 5, 'objectclass': '', 'origin': 'address', 'rank': 7, 'x': 8.741931915283203, 'y': 47.49272537231445, 'zoomlevel': 10}, 'id': 2251803, 'weight': 1}","Depotplatz 5, 8400 Winterthur"
819,success,Geocoding successful.,47.4926872253418,8.741711616516113,Depotplatz 3 <b>8400 Winterthur</b>,192060756_1,"{'attrs': {'detail': 'depotplatz 3 8400 winterthur 230 winterthur ch zh', 'featureId': '192060756_1', 'geom_quadindex': '030010300230131103201', 'geom_st_box2d': 'BOX(8.741699 47.492688,8.741699 47.492688)', 'label': 'Depotplatz 3 <b>8400 Winterthur</b>', 'lat': 47.4926872253418, 'links': [{'href': '/rest/services/ech/MapServer/ch.swisstopo.amtliches-gebaeudeadressverzeichnis/103570199', 'rel': 'related', 'title': 'ch.swisstopo.amtliches-gebaeudeadressverzeichnis'}, {'href': '/rest/services/ech/MapServer/ch.bfs.gebaeude_wohnungs_register/192060756_1', 'rel': 'related', 'title': 'ch.bfs.gebaeude_wohnungs_register'}], 'lon': 8.741711616516113, 'num': 3, 'objectclass': '', 'origin': 'address', 'rank': 7, 'x': 8.741711616516113, 'y': 47.4926872253418, 'zoomlevel': 10}, 'id': 2287480, 'weight': 1}","Depotplatz 3, 8400 Winterthur"
820,success,Geocoding successful.,47.49299621582031,8.742050170898438,Depotplatz 2 <b>8400 Winterthur</b>,192060756_0,"{'attrs': {'detail': 'depotplatz 2 8400 winterthur 230 winterthur ch zh', 'featureId': '192060756_0', 'geom_quadindex': '030010300231002011111', 'geom_st_box2d': 'BOX(8.742038 47.492998,8.742038 47.492998)', 'label': 'Depotplatz 2 <b>8400 Winterthur</b>', 'lat': 47.49299621582031, 'links': [{'href': '/rest/services/ech/MapServer/ch.swisstopo.amtliches-gebaeudeadressverzeichnis/103570198', 'rel': 'related', 'title': 'ch.swisstopo.amtliches-gebaeudeadressverzeichnis'}, {'href': '/rest/services/ech/MapServer/ch.bfs.gebaeude_wohnungs_register/192060756_0', 'rel': 'related', 'title': 'ch.bfs.gebaeude_wohnungs_register'}], 'lon': 8.742050170898438, 'num': 2, 'objectclass': '', 'origin': 'address', 'rank': 7, 'x': 8.742050170898438, 'y': 47.49299621582031, 'zoomlevel': 10}, 'id': 2016367, 'weight': 1}","Depotplatz 2, 8400 Winterthur"
821,success,Geocoding successful.,47.49281311035156,8.742027282714844,Depotplatz 4c <b>8400 Winterthur</b>,192060757_4,"{'attrs': {'detail': 'depotplatz 4c 8400 winterthur 230 winterthur ch zh', 'featureId': '192060757_4', 'geom_quadindex': '030010300231002213300', 'geom_st_box2d': 'BOX(8.742015 47.492816,8.742015 47.492816)', 'label': 'Depotplatz 4c <b>8400 Winterthur</b>', 'lat': 47.49281311035156, 'links': [{'href': '/rest/services/ech/MapServer/ch.swisstopo.amtliches-gebaeudeadressverzeichnis/103570204', 'rel': 'related', 'title': 'ch.swisstopo.amtliches-gebaeudeadressverzeichnis'}, {'href': '/rest/services/ech/MapServer/ch.bfs.gebaeude_wohnungs_register/192060757_4', 'rel': 'related', 'title': 'ch.bfs.gebaeude_wohnungs_register'}], 'lon': 8.742027282714844, 'num': 4, 'objectclass': '', 'origin': 'address', 'rank': 7, 'x': 8.742027282714844, 'y': 47.49281311035156, 'zoomlevel': 10}, 'id': 2039571, 'weight': 1}","Depotplatz 4c, 8400 Winterthur"
822,success,Geocoding successful.,47.49289321899414,8.742114067077637,Depotplatz 4b <b>8400 Winterthur</b>,192060757_3,"{'attrs': {'detail': 'depotplatz 4b 8400 winterthur 230 winterthur ch zh', 'featureId': '192060757_3', 'geom_quadindex': '030010300231002123012', 'geom_st_box2d': 'BOX(8.742102 47.492895,8.742102 47.492895)', 'label': 'Depotplatz 4b <b>8400 Winterthur</b>', 'lat': 47.49289321899414, 'links': [{'href': '/rest/services/ech/MapServer/ch.swisstopo.amtliches-gebaeudeadressverzeichnis/103570203', 'rel': 'related', 'title': 'ch.swisstopo.amtliches-gebaeudeadressverzeichnis'}, {'href': '/rest/services/ech/MapServer/ch.bfs.gebaeude_wohnungs_register/192060757_3', 'rel': 'related', 'title': 'ch.bfs.gebaeude_wohnungs_register'}], 'lon': 8.742114067077637, 'num': 4, 'objectclass': '', 'origin': 'address', 'rank': 7, 'x': 8.742114067077637, 'y': 47.49289321899414, 'zoomlevel': 10}, 'id': 2026945, 'weight': 1}","Depotplatz 4b, 8400 Winterthur"
823,success,Geocoding successful.,47.492977142333984,8.742206573486328,Depotplatz 4a <b>8400 Winterthur</b>,192060757_2,"{'attrs': {'detail': 'depotplatz 4a 8400 winterthur 230 winterthur ch zh', 'featureId': '192060757_2', 'geom_quadindex': '030010300231002111203', 'geom_st_box2d': 'BOX(8.742194 47.492979,8.742194 47.492979)', 'label': 'Depotplatz 4a <b>8400 Winterthur</b>', 'lat': 47.492977142333984, 'links': [{'href': '/rest/services/ech/MapServer/ch.swisstopo.amtliches-gebaeudeadressverzeichnis/103570202', 'rel': 'related', 'title': 'ch.swisstopo.amtliches-gebaeudeadressverzeichnis'}, {'href': '/rest/services/ech/MapServer/ch.bfs.gebaeude_wohnungs_register/192060757_2', 'rel': 'related', 'title': 'ch.bfs.gebaeude_wohnungs_register'}], 'lon': 8.742206573486328, 'num': 4, 'objectclass': '', 'origin': 'address', 'rank': 7, 'x': 8.742206573486328, 'y': 47.492977142333984, 'zoomlevel': 10}, 'id': 1857827, 'weight': 1}","Depotplatz 4a, 8400 Winterthur"
824,success,Geocoding successful.,47.4926872253418,8.74254035949707,Depotplatz 6a <b>8400 Winterthur</b>,192060757_1,"{'attrs': {'detail': 'depotplatz 6a 8400 winterthur 230 winterthur ch zh', 'featureId': '192060757_1', 'geom_quadindex': '030010300231021112021', 'geom_st_box2d': 'BOX(8.742528 47.492689,8.742528 47.492689)', 'label': 'Depotplatz 6a <b>8400 Winterthur</b>', 'lat': 47.4926872253418, 'links': [{'href': '/rest/services/ech/MapServer/ch.swisstopo.amtliches-gebaeudeadressverzeichnis/103570201', 'rel': 'related', 'title': 'ch.swisstopo.amtliches-gebaeudeadressverzeichnis'}, {'href': '/rest/services/ech/MapServer/ch.bfs.gebaeude_wohnungs_register/192060757_1', 'rel': 'related', 'title': 'ch.bfs.gebaeude_wohnungs_register'}], 'lon': 8.74254035949707, 'num': 6, 'objectclass': '', 'origin': 'address', 'rank': 7, 'x': 8.74254035949707, 'y': 47.4926872253418, 'zoomlevel': 10}, 'id': 2880925, 'weight': 1}","Depotplatz 6a, 8400 Winterthur"
825,success,Geocoding successful.,47.492637634277344,8.742485046386719,Depotplatz 6b <b>8400 Winterthur</b>,192060757_0,"{'attrs': {'detail': 'depotplatz 6b 8400 winterthur 230 winterthur ch zh', 'featureId': '192060757_0', 'geom_quadindex': '030010300231021121222', 'geom_st_box2d': 'BOX(8.742472 47.492638,8.742472 47.492638)', 'label': 'Depotplatz 6b <b>8400 Winterthur</b>', 'lat': 47.492637634277344, 'links': [{'href': '/rest/services/ech/MapServer/ch.swisstopo.amtliches-gebaeudeadressverzeichnis/103570200', 'rel': 'related', 'title': 'ch.swisstopo.amtliches-gebaeudeadressverzeichnis'}, {'href': '/rest/services/ech/MapServer/ch.bfs.gebaeude_wohnungs_register/192060757_0', 'rel': 'related', 'title': 'ch.bfs.gebaeude_wohnungs_register'}], 'lon': 8.742485046386719, 'num': 6, 'objectclass': '', 'origin': 'address', 'rank': 7, 'x': 8.742485046386719, 'y': 47.492637634277344, 'zoomlevel': 10}, 'id': 2139698, 'weight': 1}","Depotplatz 6b, 8400 Winterthur"
826,success,Geocoding successful.,47.49237823486328,8.742316246032715,Depotplatz 9 <b>8400 Winterthur</b>,192060984_0,"{'attrs': {'detail': 'depotplatz 9 8400 winterthur 230 winterthur ch zh', 'featureId': '192060984_0', 'geom_quadindex': '030010300231023021303', 'geom_st_box2d': 'BOX(8.742304 47.492381,8.742304 47.492381)', 'label': 'Depotplatz 9 <b>8400 Winterthur</b>', 'lat': 47.49237823486328, 'links': [{'href': '/rest/services/ech/MapServer/ch.swisstopo.amtliches-gebaeudeadressverzeichnis/103570902', 'rel': 'related', 'title': 'ch.swisstopo.amtliches-gebaeudeadressverzeichnis'}, {'href': '/rest/services/ech/MapServer/ch.bfs.gebaeude_wohnungs_register/192060984_0', 'rel': 'related', 'title': 'ch.bfs.gebaeude_wohnungs_register'}], 'lon': 8.742316246032715, 'num': 9, 'objectclass': '', 'origin': 'address', 'rank': 7, 'x': 8.742316246032715, 'y': 47.49237823486328, 'zoomlevel': 10}, 'id': 1964513, 'weight': 1}","Depotplatz 9, 8400 Winterthur"
827,success,Geocoding successful.,47.48431396484375,8.74068832397461,Eschenbergstrasse 31 <b>8400 Winterthur</b>,192060607_0,"{'attrs': {'detail': 'eschenbergstrasse 31 8400 winterthur 230 winterthur ch zh', 'featureId': '192060607_0', 'geom_quadindex': '030010302030121100012', 'geom_st_box2d': 'BOX(8.740676 47.484315,8.740676 47.484315)', 'label': 'Eschenbergstrasse 31 <b>8400 Winterthur</b>', 'lat': 47.48431396484375, 'links': [{'href': '/rest/services/ech/MapServer/ch.swisstopo.amtliches-gebaeudeadressverzeichnis/103570076', 'rel': 'related', 'title': 'ch.swisstopo.amtliches-gebaeudeadressverzeichnis'}, {'href': '/rest/services/ech/MapServer/ch.bfs.gebaeude_wohnungs_register/192060607_0', 'rel': 'related', 'title': 'ch.bfs.gebaeude_wohnungs_register'}], 'lon': 8.74068832397461, 'num': 31, 'objectclass': '', 'origin': 'address', 'rank': 7, 'x': 8.74068832397461, 'y': 47.48431396484375, 'zoomlevel': 10}, 'id': 2234365, 'weight': 1}","Eschenbergstrasse 31, 8400 Winterthur"
828,success,Geocoding successful.,47.50786590576172,8.681011199951172,Espenstrasse 20 <b>8408 Winterthur</b>,192012110_0,"{'attrs': {'detail': 'espenstrasse 20 8408 winterthur 230 winterthur ch zh', 'featureId': '192012110_0', 'geom_quadindex': '030010023333032102111', 'geom_st_box2d': 'BOX(8.680998 47.507869,8.680998 47.507869)', 'label': 'Espenstrasse 20 <b>8408 Winterthur</b>', 'lat': 47.50786590576172, 'links': [{'href': '/rest/services/ech/MapServer/ch.swisstopo.amtliches-gebaeudeadressverzeichnis/103464731', 'rel': 'related', 'title': 'ch.swisstopo.amtliches-gebaeudeadressverzeichnis'}, {'href': '/rest/services/ech/MapServer/ch.bfs.gebaeude_wohnungs_register/192012110_0', 'rel': 'related', 'title': 'ch.bfs.gebaeude_wohnungs_register'}], 'lon': 8.681011199951172, 'num': 20, 'objectclass': '', 'origin': 'address', 'rank': 7, 'x': 8.681011199951172, 'y': 47.50786590576172, 'zoomlevel': 10}, 'id': 2574306, 'weight': 1}","Espenstrasse 20, 8408 Winterthur"
829,success,Geocoding successful.,47.51927185058594,8.766519546508789,Frauenfelderstrasse 2 <b>8404 Winterthur</b>,192096307_0,"{'attrs': {'detail': 'frauenfelderstrasse 2 8404 winterthur 230 winterthur ch zh', 'featureId': '192096307_0', 'geom_quadindex': '030010123012301103333', 'geom_st_box2d': 'BOX(8.766508 47.519274,8.766508 47.519274)', 'label': 'Frauenfelderstrasse 2 <b>8404 Winterthur</b>', 'lat': 47.51927185058594, 'links': [{'href': '/rest/services/ech/MapServer/ch.swisstopo.amtliches-gebaeudeadressverzeichnis/103652361', 'rel': 'related', 'title': 'ch.swisstopo.amtliches-gebaeudeadressverzeichnis'}, {'href': '/rest/services/ech/MapServer/ch.bfs.gebaeude_wohnungs_register/192096307_0', 'rel': 'related', 'title': 'ch.bfs.gebaeude_wohnungs_register'}], 'lon': 8.766519546508789, 'num': 2, 'objectclass': '', 'origin': 'address', 'rank': 7, 'x': 8.766519546508789, 'y': 47.51927185058594, 'zoomlevel': 10}, 'id': 12199, 'weight': 1}","Frauenfelderstrasse 2, 8404 Winterthur"
830,success,Geocoding successful.,47.49378967285156,8.748873710632324,Grüzefeldstrasse 38 <b>8400 Winterthur</b>,192077653_0,"{'attrs': {'detail': 'gruezefeldstrasse 38 8400 winterthur 230 winterthur ch zh', 'featureId': '192077653_0', 'geom_quadindex': '030010300303203313313', 'geom_st_box2d': 'BOX(8.748861 47.493792,8.748861 47.493792)', 'label': 'Grüzefeldstrasse 38 <b>8400 Winterthur</b>', 'lat': 47.49378967285156, 'links': [{'href': '/rest/services/ech/MapServer/ch.swisstopo.amtliches-gebaeudeadressverzeichnis/103603594', 'rel': 'related', 'title': 'ch.swisstopo.amtliches-gebaeudeadressverzeichnis'}, {'href': '/rest/services/ech/MapServer/ch.bfs.gebaeude_wohnungs_register/192077653_0', 'rel': 'related', 'title': 'ch.bfs.gebaeude_wohnungs_register'}], 'lon': 8.748873710632324, 'num': 38, 'objectclass': '', 'origin': 'address', 'rank': 7, 'x': 8.748873710632324, 'y': 47.49378967285156, 'zoomlevel': 10}, 'id': 3192718, 'weight': 1}","Grüzefeldstrasse 38, 8400 Winterthur"
831,success,Geocoding successful.,47.48476791381836,8.764984130859375,Hofstettweg 12 <b>8405 Winterthur</b>,192021847_0,"{'attrs': {'detail': 'hofstettweg 12 8405 winterthur 230 winterthur ch zh', 'featureId': '192021847_0', 'geom_quadindex': '030010303012322020000', 'geom_st_box2d': 'BOX(8.764973 47.484768,8.764973 47.484768)', 'label': 'Hofstettweg 12 <b>8405 Winterthur</b>', 'lat': 47.48476791381836, 'links': [{'href': '/rest/services/ech/MapServer/ch.swisstopo.amtliches-gebaeudeadressverzeichnis/103486978', 'rel': 'related', 'title': 'ch.swisstopo.amtliches-gebaeudeadressverzeichnis'}, {'href': '/rest/services/ech/MapServer/ch.bfs.gebaeude_wohnungs_register/192021847_0', 'rel': 'related', 'title': 'ch.bfs.gebaeude_wohnungs_register'}], 'lon': 8.764984130859375, 'num': 12, 'objectclass': '', 'origin': 'address', 'rank': 7, 'x': 8.764984130859375, 'y': 47.48476791381836, 'zoomlevel': 10}, 'id': 2307099, 'weight': 1}","Hofstettweg 12, 8405 Winterthur"
832,success,Geocoding successful.,47.514404296875,8.68929386138916,Holzlegistrasse 50f <b>8408 Winterthur</b>,192092021_0,"{'attrs': {'detail': 'holzlegistrasse 50f 8408 winterthur 230 winterthur ch zh', 'featureId': '192092021_0', 'geom_quadindex': '030010032201113322220', 'geom_st_box2d': 'BOX(8.68928 47.514408,8.68928 47.514408)', 'label': 'Holzlegistrasse 50f <b>8408 Winterthur</b>', 'lat': 47.514404296875, 'links': [{'href': '/rest/services/ech/MapServer/ch.swisstopo.amtliches-gebaeudeadressverzeichnis/103646201', 'rel': 'related', 'title': 'ch.swisstopo.amtliches-gebaeudeadressverzeichnis'}, {'href': '/rest/services/ech/MapServer/ch.bfs.gebaeude_wohnungs_register/192092021_0', 'rel': 'related', 'title': 'ch.bfs.gebaeude_wohnungs_register'}], 'lon': 8.68929386138916, 'num': 50, 'objectclass': '', 'origin': 'address', 'rank': 7, 'x': 8.68929386138916, 'y': 47.514404296875, 'zoomlevel': 10}, 'id': 2846, 'weight': 1}","Holzlegistrasse 50f, 8408 Winterthur"
833,success,Geocoding successful.,47.48126220703125,8.766773223876953,Oberseenerstrasse 40 <b>8405 Winterthur</b>,192082306_0,"{'attrs': {'detail': 'oberseenerstrasse 40 8405 winterthur 230 winterthur ch zh', 'featureId': '192082306_0', 'geom_quadindex': '030010303033200132321', 'geom_st_box2d': 'BOX(8.766761 47.481264,8.766761 47.481264)', 'label': 'Oberseenerstrasse 40 <b>8405 Winterthur</b>', 'lat': 47.48126220703125, 'links': [{'href': '/rest/services/ech/MapServer/ch.swisstopo.amtliches-gebaeudeadressverzeichnis/103616860', 'rel': 'related', 'title': 'ch.swisstopo.amtliches-gebaeudeadressverzeichnis'}, {'href': '/rest/services/ech/MapServer/ch.bfs.gebaeude_wohnungs_register/192082306_0', 'rel': 'related', 'title': 'ch.bfs.gebaeude_wohnungs_register'}], 'lon': 8.766773223876953, 'num': 40, 'objectclass': '', 'origin': 'address', 'rank': 7, 'x': 8.766773223876953, 'y': 47.48126220703125, 'zoomlevel': 10}, 'id': 3212867, 'weight': 1}","Oberseenerstrasse 40, 8405 Winterthur"
834,success,Geocoding successful.,47.52009201049805,8.716293334960938,Pfadiheimweg 3 <b>8400 Winterthur</b>,201022484_0,"{'attrs': {'detail': 'pfadiheimweg 3 8400 winterthur 230 winterthur ch zh', 'featureId': '201022484_0', 'geom_quadindex': '030010033012122120102', 'geom_st_box2d': 'BOX(8.71628 47.520094,8.71628 47.520094)', 'label': 'Pfadiheimweg 3 <b>8400 Winterthur</b>', 'lat': 47.52009201049805, 'links': [{'href': '/rest/services/ech/MapServer/ch.swisstopo.amtliches-gebaeudeadressverzeichnis/101483373', 'rel': 'related', 'title': 'ch.swisstopo.amtliches-gebaeudeadressverzeichnis'}, {'href': '/rest/services/ech/MapServer/ch.bfs.gebaeude_wohnungs_register/201022484_0', 'rel': 'related', 'title': 'ch.bfs.gebaeude_wohnungs_register'}], 'lon': 8.716293334960938, 'num': 3, 'objectclass': '', 'origin': 'address', 'rank': 7, 'x': 8.716293334960938, 'y': 47.52009201049805, 'zoomlevel': 10}, 'id': 2610015, 'weight': 1}","Pfadiheimweg 3, 8400 Winterthur"
835,success,Geocoding successful.,47.519927978515625,8.71622085571289,Pfadiheimweg 13 <b>8400 Winterthur</b>,210260208_0,"{'attrs': {'detail': 'pfadiheimweg 13 8400 winterthur 230 winterthur ch zh', 'featureId': '210260208_0', 'geom_quadindex': '030010033012122233021', 'geom_st_box2d': 'BOX(8.716208 47.519929,8.716208 47.519929)', 'label': 'Pfadiheimweg 13 <b>8400 Winterthur</b>', 'lat': 47.519927978515625, 'links': [{'href': '/rest/services/ech/MapServer/ch.swisstopo.amtliches-gebaeudeadressverzeichnis/102509101', 'rel': 'related', 'title': 'ch.swisstopo.amtliches-gebaeudeadressverzeichnis'}, {'href': '/rest/services/ech/MapServer/ch.bfs.gebaeude_wohnungs_register/210260208_0', 'rel': 'related', 'title': 'ch.bfs.gebaeude_wohnungs_register'}], 'lon': 8.71622085571289, 'num': 13, 'objectclass': '', 'origin': 'address', 'rank': 7, 'x': 8.71622085571289, 'y': 47.519927978515625, 'zoomlevel': 10}, 'id': 2624008, 'weight': 1}","Pfadiheimweg 13, 8400 Winterthur"
836,success,Geocoding successful.,47.51988983154297,8.71677303314209,Pfadiheimweg 1 <b>8400 Winterthur</b>,192089670_0,"{'attrs': {'detail': 'pfadiheimweg 1 8400 winterthur 230 winterthur ch zh', 'featureId': '192089670_0', 'geom_quadindex': '030010033012301110120', 'geom_st_box2d': 'BOX(8.71676 47.519891,8.71676 47.519891)', 'label': 'Pfadiheimweg 1 <b>8400 Winterthur</b>', 'lat': 47.51988983154297, 'links': [{'href': '/rest/services/ech/MapServer/ch.swisstopo.amtliches-gebaeudeadressverzeichnis/103640044', 'rel': 'related', 'title': 'ch.swisstopo.amtliches-gebaeudeadressverzeichnis'}, {'href': '/rest/services/ech/MapServer/ch.bfs.gebaeude_wohnungs_register/192089670_0', 'rel': 'related', 'title': 'ch.bfs.gebaeude_wohnungs_register'}], 'lon': 8.71677303314209, 'num': 1, 'objectclass': '', 'origin': 'address', 'rank': 7, 'x': 8.71677303314209, 'y': 47.51988983154297, 'zoomlevel': 10}, 'id': 3240570, 'weight': 1}","Pfadiheimweg 1, 8400 Winterthur"
837,success,Geocoding successful.,47.52002716064453,8.71618366241455,Pfadiheimweg 11 <b>8400 Winterthur</b>,201025169_0,"{'attrs': {'detail': 'pfadiheimweg 11 8400 winterthur 230 winterthur ch zh', 'featureId': '201025169_0', 'geom_quadindex': '030010033012122210013', 'geom_st_box2d': 'BOX(8.716171 47.520029,8.716171 47.520029)', 'label': 'Pfadiheimweg 11 <b>8400 Winterthur</b>', 'lat': 47.52002716064453, 'links': [{'href': '/rest/services/ech/MapServer/ch.swisstopo.amtliches-gebaeudeadressverzeichnis/101562805', 'rel': 'related', 'title': 'ch.swisstopo.amtliches-gebaeudeadressverzeichnis'}, {'href': '/rest/services/ech/MapServer/ch.bfs.gebaeude_wohnungs_register/201025169_0', 'rel': 'related', 'title': 'ch.bfs.gebaeude_wohnungs_register'}], 'lon': 8.71618366241455, 'num': 11, 'objectclass': '', 'origin': 'address', 'rank': 7, 'x': 8.71618366241455, 'y': 47.52002716064453, 'zoomlevel': 10}, 'id': 2892208, 'weight': 1}","Pfadiheimweg 11, 8400 Winterthur"
838,success,Geocoding successful.,47.51995086669922,8.716398239135742,Pfadiheimweg 7 <b>8400 Winterthur</b>,201025167_0,"{'attrs': {'detail': 'pfadiheimweg 7 8400 winterthur 230 winterthur ch zh', 'featureId': '201025167_0', 'geom_quadindex': '030010033012122330132', 'geom_st_box2d': 'BOX(8.716385 47.519954,8.716385 47.519954)', 'label': 'Pfadiheimweg 7 <b>8400 Winterthur</b>', 'lat': 47.51995086669922, 'links': [{'href': '/rest/services/ech/MapServer/ch.swisstopo.amtliches-gebaeudeadressverzeichnis/101562804', 'rel': 'related', 'title': 'ch.swisstopo.amtliches-gebaeudeadressverzeichnis'}, {'href': '/rest/services/ech/MapServer/ch.bfs.gebaeude_wohnungs_register/201025167_0', 'rel': 'related', 'title': 'ch.bfs.gebaeude_wohnungs_register'}], 'lon': 8.716398239135742, 'num': 7, 'objectclass': '', 'origin': 'address', 'rank': 7, 'x': 8.716398239135742, 'y': 47.51995086669922, 'zoomlevel': 10}, 'id': 1966420, 'weight': 1}","Pfadiheimweg 7, 8400 Winterthur"
839,success,Geocoding successful.,47.519996643066406,8.716423988342285,Pfadiheimweg 5 <b>8400 Winterthur</b>,201022302_0,"{'attrs': {'detail': 'pfadiheimweg 5 8400 winterthur 230 winterthur ch zh', 'featureId': '201022302_0', 'geom_quadindex': '030010033012122313012', 'geom_st_box2d': 'BOX(8.71641 47.519997,8.71641 47.519997)', 'label': 'Pfadiheimweg 5 <b>8400 Winterthur</b>', 'lat': 47.519996643066406, 'links': [{'href': '/rest/services/ech/MapServer/ch.swisstopo.amtliches-gebaeudeadressverzeichnis/101484906', 'rel': 'related', 'title': 'ch.swisstopo.amtliches-gebaeudeadressverzeichnis'}, {'href': '/rest/services/ech/MapServer/ch.bfs.gebaeude_wohnungs_register/201022302_0', 'rel': 'related', 'title': 'ch.bfs.gebaeude_wohnungs_register'}], 'lon': 8.716423988342285, 'num': 5, 'objectclass': '', 'origin': 'address', 'rank': 7, 'x': 8.716423988342285, 'y': 47.519996643066406, 'zoomlevel': 10}, 'id': 2184096, 'weight': 1}","Pfadiheimweg 5, 8400 Winterthur"
840,success,Geocoding successful.,47.520259857177734,8.714157104492188,Pfaffenstudenstrasse 12 <b>8400 Winterthur</b>,201033421_0,"{'attrs': {'detail': 'pfaffenstudenstrasse 12 8400 winterthur 230 winterthur ch zh', 'featureId': '201033421_0', 'geom_quadindex': '030010033003131202322', 'geom_st_box2d': 'BOX(8.714144 47.520261,8.714144 47.520261)', 'label': 'Pfaffenstudenstrasse 12 <b>8400 Winterthur</b>', 'lat': 47.520259857177734, 'links': [{'href': '/rest/services/ech/MapServer/ch.swisstopo.amtliches-gebaeudeadressverzeichnis/101688316', 'rel': 'related', 'title': 'ch.swisstopo.amtliches-gebaeudeadressverzeichnis'}, {'href': '/rest/services/ech/MapServer/ch.bfs.gebaeude_wohnungs_register/201033421_0', 'rel': 'related', 'title': 'ch.bfs.gebaeude_wohnungs_register'}], 'lon': 8.714157104492188, 'num': 12, 'objectclass': '', 'origin': 'address', 'rank': 7, 'x': 8.714157104492188, 'y': 47.520259857177734, 'zoomlevel': 10}, 'id': 2483368, 'weight': 1}","Pfaffenstudenstrasse 12, 8400 Winterthur"
841,success,Geocoding successful.,47.47999954223633,8.75673770904541,Rispenweg 12 <b>8405 Winterthur</b>,191969476_0,"{'attrs': {'detail': 'rispenweg 12 8405 winterthur 230 winterthur ch zh', 'featureId': '191969476_0', 'geom_quadindex': '030010302311113202310', 'geom_st_box2d': 'BOX(8.756726 47.480002,8.756726 47.480002)', 'label': 'Rispenweg 12 <b>8405 Winterthur</b>', 'lat': 47.47999954223633, 'links': [{'href': '/rest/services/ech/MapServer/ch.swisstopo.amtliches-gebaeudeadressverzeichnis/103208497', 'rel': 'related', 'title': 'ch.swisstopo.amtliches-gebaeudeadressverzeichnis'}, {'href': '/rest/services/ech/MapServer/ch.bfs.gebaeude_wohnungs_register/191969476_0', 'rel': 'related', 'title': 'ch.bfs.gebaeude_wohnungs_register'}], 'lon': 8.75673770904541, 'num': 12, 'objectclass': '', 'origin': 'address', 'rank': 7, 'x': 8.75673770904541, 'y': 47.47999954223633, 'zoomlevel': 10}, 'id': 2066646, 'weight': 1}","Rispenweg 12, 8405 Winterthur"
842,success,Geocoding successful.,47.50387954711914,8.677094459533691,Schweikhofweg 4 <b>8408 Winterthur</b>,191982824_0,"{'attrs': {'detail': 'schweikhofweg 4 8408 winterthur 230 winterthur ch zh', 'featureId': '191982824_0', 'geom_quadindex': '030010201112020132032', 'geom_st_box2d': 'BOX(8.677081 47.50388,8.677081 47.50388)', 'label': 'Schweikhofweg 4 <b>8408 Winterthur</b>', 'lat': 47.50387954711914, 'links': [{'href': '/rest/services/ech/MapServer/ch.swisstopo.amtliches-gebaeudeadressverzeichnis/103286045', 'rel': 'related', 'title': 'ch.swisstopo.amtliches-gebaeudeadressverzeichnis'}, {'href': '/rest/services/ech/MapServer/ch.bfs.gebaeude_wohnungs_register/191982824_0', 'rel': 'related', 'title': 'ch.bfs.gebaeude_wohnungs_register'}], 'lon': 8.677094459533691, 'num': 4, 'objectclass': '', 'origin': 'address', 'rank': 7, 'x': 8.677094459533691, 'y': 47.50387954711914, 'zoomlevel': 10}, 'id': 2130741, 'weight': 1}","Schweikhofweg 4, 8408 Winterthur"
843,success,Geocoding successful.,47.50387954711914,8.677094459533691,Schweikhofweg 4 <b>8408 Winterthur</b>,191982824_0,"{'attrs': {'detail': 'schweikhofweg 4 8408 winterthur 230 winterthur ch zh', 'featureId': '191982824_0', 'geom_quadindex': '030010201112020132032', 'geom_st_box2d': 'BOX(8.677081 47.50388,8.677081 47.50388)', 'label': 'Schweikhofweg 4 <b>8408 Winterthur</b>', 'lat': 47.50387954711914, 'links': [{'href': '/rest/services/ech/MapServer/ch.swisstopo.amtliches-gebaeudeadressverzeichnis/103286045', 'rel': 'related', 'title': 'ch.swisstopo.amtliches-gebaeudeadressverzeichnis'}, {'href': '/rest/services/ech/MapServer/ch.bfs.gebaeude_wohnungs_register/191982824_0', 'rel': 'related', 'title': 'ch.bfs.gebaeude_wohnungs_register'}], 'lon': 8.677094459533691, 'num': 4, 'objectclass': '', 'origin': 'address', 'rank': 7, 'x': 8.677094459533691, 'y': 47.50387954711914, 'zoomlevel': 10}, 'id': 2130741, 'weight': 1}","Schweikhofweg 4, 8408 Winterthur"
844,success,Geocoding successful.,47.497474670410156,8.734109878540039,Tösstalstrasse 31 <b>8400 Winterthur</b>,192008985_0,"{'attrs': {'detail': 'toesstalstrasse 31 8400 winterthur 230 winterthur ch zh', 'featureId': '192008985_0', 'geom_quadindex': '030010300200011130230', 'geom_st_box2d': 'BOX(8.734098 47.497476,8.734098 47.497476)', 'label': 'Tösstalstrasse 31 <b>8400 Winterthur</b>', 'lat': 47.497474670410156, 'links': [{'href': '/rest/services/ech/MapServer/ch.swisstopo.amtliches-gebaeudeadressverzeichnis/103456388', 'rel': 'related', 'title': 'ch.swisstopo.amtliches-gebaeudeadressverzeichnis'}, {'href': '/rest/services/ech/MapServer/ch.bfs.gebaeude_wohnungs_register/192008985_0', 'rel': 'related', 'title': 'ch.bfs.gebaeude_wohnungs_register'}], 'lon': 8.734109878540039, 'num': 31, 'objectclass': '', 'origin': 'address', 'rank': 7, 'x': 8.734109878540039, 'y': 47.497474670410156, 'zoomlevel': 10}, 'id': 2540302, 'weight': 1}","Tösstalstrasse 31, 8400 Winterthur"
845,success,Geocoding successful.,47.093536376953125,8.37470531463623,Allenwinden 1.0 <b>6036 Dierikon</b>,502293998_0,"{'attrs': {'detail': 'allenwinden 1.0 6036 dierikon 1053 dierikon ch lu', 'featureId': '502293998_0', 'geom_quadindex': '030022301313021130032', 'geom_st_box2d': 'BOX(8.374695 47.093539,8.374695 47.093539)', 'label': 'Allenwinden 1.0 <b>6036 Dierikon</b>', 'lat': 47.093536376953125, 'links': [{'href': '/rest/services/ech/MapServer/ch.swisstopo.amtliches-gebaeudeadressverzeichnis/103331055', 'rel': 'related', 'title': 'ch.swisstopo.amtliches-gebaeudeadressverzeichnis'}, {'href': '/rest/services/ech/MapServer/ch.bfs.gebaeude_wohnungs_register/502293998_0', 'rel': 'related', 'title': 'ch.bfs.gebaeude_wohnungs_register'}], 'lon': 8.37470531463623, 'num': 10, 'objectclass': '', 'origin': 'address', 'rank': 7, 'x': 8.37470531463623, 'y': 47.093536376953125, 'zoomlevel': 10}, 'id': 1145659, 'weight': 1}","0 0, 0 0"
